clip,frame_idx,total_fused_ms,yolo_preprocess_ms,yolo_inference_ms,yolo_postprocess_ms,yolo_total_ms,tracker_cmc_ms_approx
dev01,20,107.0738,4.6918,28.657,2.1067,35.4555,71.6183
dev01,21,54.3584,5.1757,27.6629,2.564,35.4026,18.9558
dev01,22,51.3603,5.089,27.6463,0.9359,33.6712,17.6891
dev01,23,50.794,4.8736,27.6307,1.0034,33.5077,17.2863
dev01,24,50.809,4.893,27.713,1.006,33.612,17.197
dev01,25,51.7298,5.8371,27.6026,0.9936,34.4333,17.2965
dev01,26,52.3477,5.1875,27.6442,1.0116,33.8433,18.5044
dev01,27,52.532,5.3123,27.6735,1.0388,34.0246,18.5074
dev01,28,51.0985,5.2871,27.7165,0.9734,33.977,17.1215
dev01,29,53.5419,4.938,27.6054,2.5567,35.1001,18.4418
dev01,30,50.9043,4.866,27.6028,1.0358,33.5046,17.3997
dev01,31,51.7256,4.9399,27.7391,1.0372,33.7162,18.0094
dev01,32,51.7743,4.9721,27.6202,0.928,33.5203,18.254
dev01,33,50.4177,4.903,27.6556,0.9361,33.4947,16.923
dev01,34,50.9809,4.621,27.6072,1.3446,33.5728,17.4081
dev01,35,50.4954,4.571,27.6922,1.2184,33.4816,17.0138
dev01,36,53.7338,4.376,27.6604,2.7261,34.7625,18.9713
dev01,37,49.6177,4.4854,27.6141,0.8066,32.9061,16.7116
dev01,38,49.77,4.4693,27.5902,0.9483,33.0078,16.7622
dev01,39,49.3436,4.3063,27.6379,0.971,32.9152,16.4284
dev01,40,49.971,4.5273,27.6779,1.0568,33.262,16.709
dev01,41,50.2131,4.3685,27.6107,1.3551,33.3343,16.8788
dev01,42,49.6583,4.3514,27.6243,0.903,32.8787,16.7796
dev01,43,49.9508,4.3096,27.5667,0.8674,32.7437,17.2071
dev01,44,49.9967,4.3567,27.5874,0.8764,32.8205,17.1762
dev01,45,50.1757,4.4895,27.6331,0.9586,33.0812,17.0945
dev01,46,50.7309,4.3797,27.675,0.9214,32.9761,17.7548
dev01,47,49.9089,4.6699,27.6265,0.8534,33.1498,16.7591
dev01,48,49.5368,4.3105,27.7168,0.8623,32.8896,16.6472
dev01,49,49.4321,4.4451,27.6872,0.8144,32.9467,16.4854
dev01,50,52.4483,4.2751,27.6791,2.4962,34.4504,17.9979
dev01,51,50.7598,5.3944,27.7504,0.8922,34.037,16.7228
dev01,52,50.1405,4.4506,27.6782,0.8568,32.9856,17.1549
dev01,53,49.809,4.6533,27.7052,0.8539,33.2124,16.5966
dev01,54,49.889,4.3822,27.6747,0.8307,32.8876,17.0014
dev01,55,49.6518,4.3975,27.7396,0.8894,33.0265,16.6253
dev01,56,49.6632,4.532,27.6871,0.8674,33.0865,16.5767
dev01,57,49.2457,4.386,27.669,0.9266,32.9816,16.2641
dev01,58,49.6991,4.3189,27.7519,0.8498,32.9206,16.7785
dev01,59,52.3986,4.3277,27.6688,2.3238,34.3203,18.0783
dev01,60,53.3203,4.3456,27.7831,2.7557,34.8844,18.4359
dev01,61,49.5905,4.3123,27.7107,0.7986,32.8216,16.7689
dev01,62,49.5119,4.3677,27.7057,0.8219,32.8953,16.6166
dev01,63,49.4127,4.2916,27.7148,0.798,32.8044,16.6083
dev01,64,49.582,4.2824,27.7494,0.9428,32.9746,16.6074
dev01,65,56.1454,4.8157,27.7187,2.7513,35.2857,20.8597
dev01,66,56.2537,5.1312,27.774,2.7281,35.6333,20.6204
dev01,67,57.4707,5.3276,27.7771,4.4299,37.5346,19.9361
dev01,68,56.4776,4.9253,27.6965,3.3386,35.9604,20.5172
dev01,69,53.5436,4.6412,27.7155,1.0267,33.3834,20.1602
dev01,70,51.8398,4.7708,27.7863,1.0647,33.6218,18.218
dev01,71,51.245,4.6906,27.8073,1.3556,33.8535,17.3915
dev01,72,54.0807,4.3304,27.7615,2.7988,34.8907,19.19
dev01,73,50.5833,4.1417,27.8492,1.1552,33.1461,17.4372
dev01,74,50.5641,4.2509,27.7028,0.8348,32.7885,17.7756
dev01,75,51.6415,4.1453,27.7206,0.9293,32.7952,18.8463
dev01,76,54.1041,4.4976,27.7161,2.7911,35.0048,19.0993
dev01,77,50.5599,4.3296,27.8247,0.9565,33.1108,17.4491
dev01,78,49.9282,4.2233,27.7706,0.9375,32.9314,16.9968
dev01,79,65.8006,4.5872,27.8184,12.291,44.6966,21.104
dev01,80,54.6343,4.1903,27.7508,2.4345,34.3756,20.2587
dev01,81,53.0306,4.4316,27.7377,2.5212,34.6905,18.3401
dev01,82,50.7666,3.8902,27.8155,1.2819,32.9876,17.779
dev01,83,51.0468,4.2175,27.736,1.1373,33.0908,17.956
dev01,84,50.7186,4.002,27.7881,1.2515,33.0416,17.677
dev01,85,54.3668,3.9924,27.742,4.0614,35.7958,18.571
dev01,86,51.2655,3.8589,27.9002,1.159,32.9181,18.3474
dev01,87,53.7923,4.1682,27.7004,3.176,35.0446,18.7477
dev01,88,50.6216,4.2095,27.7027,1.1694,33.0816,17.54
dev01,89,55.5442,4.2257,27.765,4.005,35.9957,19.5485
dev01,90,50.7769,4.0331,27.7494,1.1637,32.9462,17.8307
dev01,91,51.219,3.8843,27.7087,1.2452,32.8382,18.3808
dev01,92,52.4023,4.5217,27.7763,1.3524,33.6504,18.7519
dev01,93,51.5823,4.5438,27.7406,1.1666,33.451,18.1313
dev01,94,50.7983,4.1558,27.7426,1.2896,33.188,17.6103
dev01,95,50.6567,4.4753,27.7738,1.124,33.3731,17.2836
dev01,96,50.3035,4.1375,27.7551,1.1163,33.0089,17.2946
dev01,97,50.2529,4.148,27.7344,0.8437,32.7261,17.5268
dev01,98,50.1357,4.0637,27.7438,1.1102,32.9177,17.218
dev01,99,51.2324,4.3563,27.7476,1.2212,33.3251,17.9073
dev01,100,50.077,3.9788,27.8072,1.3023,33.0883,16.9887
dev01,101,51.119,4.0491,27.7528,0.8599,32.6618,18.4572
dev01,102,51.4708,4.2216,27.7311,1.1102,33.0629,18.4079
dev01,103,51.3884,4.0652,27.8178,0.7808,32.6638,18.7246
dev01,104,54.3748,4.4263,27.703,2.5721,34.7014,19.6734
dev01,105,50.9471,4.0803,27.7652,1.1708,33.0163,17.9308
dev01,106,49.7492,4.2409,27.7457,0.7621,32.7487,17.0005
dev01,107,57.5663,3.9501,27.808,4.4621,36.2202,21.3461
dev01,108,55.0001,3.6853,27.7186,3.4382,34.8421,20.158
dev01,109,52.1302,3.8883,27.7338,1.1474,32.7695,19.3607
dev01,110,51.1831,4.3621,27.7928,1.3462,33.5011,17.682
dev01,111,55.7265,4.1937,27.7995,2.1848,34.178,21.5485
dev01,112,52.6672,4.088,27.7446,2.5187,34.3513,18.3159
dev01,113,54.8492,3.7422,27.6965,3.9416,35.3803,19.4689
dev01,114,52.4032,3.7686,27.7878,2.3425,33.8989,18.5043
dev01,115,51.1994,3.7047,27.7512,1.0425,32.4984,18.701
dev01,116,52.2331,4.1162,27.6936,2.0588,33.8686,18.3645
dev01,117,49.9563,3.8969,27.7259,1.0715,32.6943,17.262
dev01,118,52.5121,3.949,27.783,2.3425,34.0745,18.4376
dev01,119,53.1021,3.9687,27.7765,2.5284,34.2736,18.8285
dev01,120,53.6197,4.1976,27.7202,2.569,34.4868,19.1329
dev01,121,51.7206,4.6638,27.748,0.8585,33.2703,18.4503
dev01,122,53.2761,3.8391,27.7305,2.9043,34.4739,18.8022
dev01,123,49.357,4.2062,27.7361,1.1336,33.0759,16.2811
dev01,124,48.3079,3.9682,27.7415,1.0721,32.7818,15.5261
dev01,125,51.1131,4.0525,27.7495,1.2198,33.0218,18.0913
dev01,126,52.5057,4.0986,27.7194,2.1932,34.0112,18.4945
dev01,127,50.9218,4.1662,27.7743,1.1344,33.0749,17.8469
dev01,128,50.8835,4.0926,27.7438,1.2009,33.0373,17.8462
dev01,129,50.736,4.4234,27.7597,1.2431,33.4262,17.3098
dev01,130,49.4578,4.0266,27.7152,0.8133,32.5551,16.9027
dev01,131,49.4935,4.0893,27.7776,0.9667,32.8336,16.6599
dev01,132,49.7876,4.1366,27.9358,1.2711,33.3435,16.4441
dev01,133,48.8335,3.9773,27.7311,0.8011,32.5095,16.324
dev01,134,53.1529,4.263,27.8071,2.2952,34.3653,18.7876
dev01,135,52.3356,4.155,27.7714,2.6478,34.5742,17.7614
dev01,136,48.6296,4.3485,27.7236,0.8608,32.9329,15.6967
dev01,137,49.2035,3.8189,27.7641,1.0062,32.5892,16.6143
dev01,138,49.5656,4.2256,27.7379,0.7345,32.698,16.8676
dev01,139,49.9818,4.191,27.7213,0.8497,32.762,17.2198
dev01,140,50.5027,4.1516,27.7672,0.9575,32.8763,17.6264
dev01,141,50.1358,4.0525,27.7786,0.9874,32.8185,17.3173
dev01,142,49.8286,4.0868,27.7229,1.241,33.0507,16.7779
dev01,143,49.588,3.8794,27.7247,0.7767,32.3808,17.2072
dev01,144,48.9778,3.8436,27.697,0.8117,32.3523,16.6255
dev01,145,49.0393,3.7741,27.7727,1.1573,32.7041,16.3352
dev01,146,53.5018,4.0113,27.7368,1.5637,33.3118,20.19
dev01,147,51.4212,4.9895,27.7483,0.7857,33.5235,17.8977
dev01,148,49.5424,3.8174,27.7372,1.0452,32.5998,16.9426
dev01,149,53.4316,3.886,27.7203,2.1851,33.7914,19.6402
dev01,150,50.571,3.6905,27.7853,0.7997,32.2755,18.2955
dev01,151,51.0251,4.1963,27.7574,1.1665,33.1202,17.9049
dev01,152,54.3574,4.1633,27.6946,2.5724,34.4303,19.9271
dev01,153,51.8345,4.4938,27.8278,0.9195,33.2411,18.5934
dev01,154,50.4926,4.0858,27.7204,1.1199,32.9261,17.5665
dev01,155,51.5486,3.9452,27.7599,1.4006,33.1057,18.4429
dev01,156,51.0948,4.264,27.7391,0.9278,32.9309,18.1639
dev01,157,51.6844,4.4554,27.8202,1.4466,33.7222,17.9622
dev01,158,57.7971,3.9496,27.8314,2.2134,33.9944,23.8027
dev01,159,52.614,5.0957,27.8054,1.3209,34.222,18.392
dev01,160,50.7223,4.1621,27.806,1.3443,33.3124,17.4099
dev01,161,49.7347,4.3023,27.7656,1.1661,33.234,16.5007
dev01,162,54.3631,4.2081,27.7433,3.9198,35.8712,18.4919
dev01,163,50.6909,4.0555,27.7985,1.1003,32.9543,17.7366
dev01,164,50.9411,4.1291,27.8032,1.1997,33.132,17.8091
dev01,165,50.8471,4.1046,27.7458,1.0508,32.9012,17.9459
dev01,166,50.5647,4.0592,28.2762,1.111,33.4464,17.1183
dev01,167,50.0855,4.2495,27.7474,1.2159,33.2128,16.8727
dev01,168,53.3082,4.2696,27.8702,2.8969,35.0367,18.2715
dev01,169,49.1914,3.9981,27.7588,1.1279,32.8848,16.3066
dev01,170,50.3563,4.3556,27.7637,1.1765,33.2958,17.0605
dev01,171,49.1727,3.8413,27.7483,1.1123,32.7019,16.4708
dev01,172,50.876,4.3262,27.7548,1.3119,33.3929,17.4831
dev01,173,51.2231,4.0471,27.7572,1.7811,33.5854,17.6377
dev01,174,49.9306,4.2109,27.788,1.2197,33.2186,16.712
dev01,175,49.1734,3.9447,27.7277,1.1999,32.8723,16.3011
dev01,176,49.5745,3.8781,27.7328,1.3426,32.9535,16.621
dev01,177,56.0021,4.1023,27.7224,2.642,34.4667,21.5354
dev01,178,55.6809,5.1238,28.0252,3.0144,36.1634,19.5175
dev01,179,53.0456,4.1275,27.7449,3.5227,35.3951,17.6505
dev01,180,49.1928,3.9892,27.7325,1.1633,32.885,16.3078
dev01,181,54.0412,3.9982,27.7063,3.9178,35.6223,18.4189
dev01,182,53.2319,4.1304,27.7873,3.8676,35.7853,17.4466
dev01,183,49.5274,3.8094,27.8082,1.1537,32.7713,16.7561
dev01,184,49.1385,3.791,27.7852,0.6962,32.2724,16.8661
dev01,185,50.2599,4.2714,27.7455,1.0339,33.0508,17.2091
dev01,186,52.0722,4.8663,27.78,1.2672,33.9135,18.1587
dev01,187,51.5655,4.3839,27.9015,1.4808,33.7662,17.7993
dev01,188,53.4974,4.2761,27.7407,3.0841,35.1009,18.3965
dev01,189,54.3561,4.5068,27.7445,3.501,35.7523,18.6038
dev01,190,54.3457,4.0523,27.7619,4.2078,36.022,18.3237
dev01,191,52.3378,3.9688,27.7682,2.7237,34.4607,17.8771
dev01,192,52.6406,4.0934,27.8585,2.552,34.5039,18.1367
dev01,193,52.8516,4.2764,27.7182,3.0696,35.0642,17.7874
dev01,194,53.7413,3.8347,27.7699,4.0656,35.6702,18.0711
dev01,195,52.0611,4.1213,27.7699,2.4349,34.3261,17.735
dev01,196,52.6112,3.888,27.722,2.9103,34.5203,18.0909
dev01,197,53.164,4.0129,27.7936,2.5733,34.3798,18.7842
dev01,198,54.2728,3.9781,27.7467,3.8838,35.6086,18.6642
dev01,199,54.0713,3.8558,27.7164,4.2463,35.8185,18.2528
dev01,200,53.3336,4.1063,27.7952,2.7397,34.6412,18.6924
dev01,201,52.5489,3.768,27.7389,2.6068,34.1137,18.4352
dev01,202,52.5947,3.9443,27.7364,2.7223,34.403,18.1917
dev01,203,54.5883,3.9506,27.7526,4.0324,35.7356,18.8527
dev01,204,53.5604,3.9694,27.798,2.7722,34.5396,19.0208
dev01,205,52.5353,3.699,27.6836,2.5729,33.9555,18.5798
dev01,206,53.969,3.9207,27.7398,3.7503,35.4108,18.5582
dev01,207,54.5523,4.3324,27.7178,3.824,35.8742,18.6781
dev01,208,53.9355,4.0239,27.7837,3.8621,35.6697,18.2658
dev01,209,54.8504,3.9698,27.748,2.7632,34.481,20.3694
dev01,210,56.8069,3.9163,27.7177,3.942,35.576,21.2309
dev01,211,53.3526,4.0386,27.7515,2.4732,34.2633,19.0893
dev01,212,54.7059,4.2489,27.7249,3.5193,35.4931,19.2128
dev01,213,53.4736,4.0732,27.7342,2.6693,34.4767,18.9969
dev01,214,55.4737,4.4127,27.7646,2.7667,34.944,20.5297
dev01,215,55.2022,4.7664,27.7285,3.5698,36.0647,19.1375
dev01,216,53.8038,4.2553,27.7625,2.7511,34.7689,19.0349
dev01,217,54.4108,3.8731,27.7759,3.9528,35.6018,18.809
dev01,218,52.9211,3.9164,27.7563,2.6362,34.3089,18.6122
dev01,219,52.7242,3.7224,27.7834,2.4477,33.9535,18.7707
dev01,220,51.2447,4.3596,27.7163,1.163,33.2389,18.0058
dev01,221,52.8686,4.0157,27.71,2.3581,34.0838,18.7848
dev01,222,54.8678,4.304,27.7245,3.921,35.9495,18.9183
dev01,223,53.7669,3.699,27.7328,2.26,33.6918,20.0751
dev01,224,53.9481,4.0943,27.9373,3.1523,35.1839,18.7642
dev01,225,54.3247,3.9077,27.7687,3.8561,35.5325,18.7922
dev01,226,52.8724,3.8574,27.6877,2.1515,33.6966,19.1758
dev01,227,54.4111,3.8427,27.7496,3.816,35.4083,19.0028
dev01,228,52.8069,3.9052,27.6988,2.6936,34.2976,18.5093
dev01,229,52.7935,3.8241,27.7456,2.6243,34.194,18.5995
dev01,230,54.5287,4.0163,27.7192,2.9181,34.6536,19.8751
dev01,231,55.6453,4.3436,27.768,2.8742,34.9858,20.6595
dev01,232,54.0721,4.2036,27.7484,2.2179,34.1699,19.9022
dev01,233,53.5107,4.3341,27.7113,2.3296,34.375,19.1357
dev01,234,56.0302,4.3641,27.7379,4.092,36.194,19.8362
dev01,235,55.6622,4.3331,27.7447,2.3607,34.4385,21.2237
dev01,236,51.6629,4.2101,27.7236,0.7634,32.6971,18.9658
dev01,237,52.4587,4.0403,27.7223,1.1576,32.9202,19.5385
dev01,238,51.0992,4.4458,27.7553,0.8394,33.0405,18.0587
dev01,239,49.9071,3.9749,27.7903,0.8518,32.617,17.2901
dev01,240,51.9076,4.4309,27.7106,0.8581,32.9996,18.908
dev01,241,55.1806,4.1328,27.7249,2.4353,34.293,20.8876
dev01,242,50.9795,4.2248,27.7181,0.8447,32.7876,18.1919
dev01,243,54.5289,4.1233,27.7347,3.8326,35.6906,18.8383
dev01,244,54.4411,4.3624,27.7345,2.5047,34.6016,19.8395
dev01,245,50.7209,3.8143,27.8207,1.2938,32.9288,17.7921
dev01,246,53.592,4.0875,27.7517,2.9306,34.7698,18.8222
dev01,247,56.0216,4.0834,27.7433,2.5695,34.3962,21.6254
dev01,248,51.0164,4.1234,27.731,1.188,33.0424,17.974
dev01,249,50.9164,4.195,27.6798,0.749,32.6238,18.2926
dev01,250,50.9095,4.4412,27.7263,1.0981,33.2656,17.6439
dev01,251,54.1629,3.9468,27.7235,3.4152,35.0855,19.0774
dev01,252,53.6297,3.9372,27.7535,2.2581,33.9488,19.6809
dev01,253,55.039,4.75,27.8018,2.929,35.4808,19.5582
dev01,254,54.2201,3.9986,27.7487,2.4508,34.1981,20.022
dev01,255,50.7131,4.2431,27.7796,1.098,33.1207,17.5924
dev01,256,54.0353,4.2826,27.7415,1.3931,33.4172,20.6181
dev01,257,54.7565,4.228,27.7402,3.9088,35.877,18.8795
dev01,258,50.2036,4.0213,27.7654,1.0035,32.7902,17.4134
dev01,259,52.559,4.1326,27.7876,1.3422,33.2624,19.2966
dev01,260,56.5146,4.2386,27.7915,2.455,34.4851,22.0295
dev01,261,54.724,3.9204,27.7352,4.0149,35.6705,19.0535
dev01,262,56.7453,3.7544,27.7257,4.2158,35.6959,21.0494
dev01,263,53.501,4.1478,27.7311,2.2945,34.1734,19.3276
dev01,264,56.0685,4.3395,27.7574,3.099,35.1959,20.8726
dev01,265,55.5688,4.2227,27.7176,2.6762,34.6165,20.9523
dev01,266,54.8542,4.1445,27.7875,2.4483,34.3803,20.4739
dev01,267,52.9301,3.9742,27.6747,2.2537,33.9026,19.0275
dev01,268,52.6036,3.7714,27.715,2.5593,34.0457,18.5579
dev01,269,55.5525,3.8693,27.7442,3.0961,34.7096,20.8429
dev01,270,56.9451,4.6897,27.7077,3.9847,36.3821,20.563
dev01,271,54.7054,4.0186,27.8107,2.5518,34.3811,20.3243
dev01,272,52.0517,3.9422,27.7565,1.2188,32.9175,19.1342
dev01,273,54.0304,4.0316,27.7395,2.484,34.2551,19.7753
dev01,274,54.6837,3.8217,27.7482,3.9195,35.4894,19.1943
dev01,275,54.5633,3.8598,27.7808,3.9388,35.5794,18.9839
dev01,276,53.0485,3.6647,27.788,2.823,34.2757,18.7728
dev01,277,51.1651,4.0282,27.7836,1.3341,33.1459,18.0192
dev01,278,50.4629,4.03,27.7032,0.7562,32.4894,17.9735
dev01,279,49.8682,4.0944,27.767,0.7418,32.6032,17.265
dev01,280,50.9236,3.7188,27.7393,1.1107,32.5688,18.3548
dev01,281,50.6425,3.8388,27.7555,1.1268,32.7211,17.9214
dev01,282,52.5906,4.0809,27.7763,1.1448,33.002,19.5886
dev01,283,50.6345,4.1379,27.7149,0.7427,32.5955,18.039
dev01,284,50.5685,3.8235,27.8169,1.1702,32.8106,17.7579
dev01,285,54.3002,4.1171,27.7418,3.0108,34.8697,19.4305
dev01,286,51.3629,3.6619,27.7868,0.9965,32.4452,18.9177
dev01,287,50.8581,3.9036,27.7789,1.1229,32.8054,18.0527
dev01,288,52.3228,4.4617,27.788,1.0539,33.3036,19.0192
dev01,289,54.729,4.4982,27.8445,2.4772,34.8199,19.9091
dev01,290,52.6196,3.92,27.8465,1.3312,33.0977,19.5219
dev01,291,53.233,4.2722,27.8318,1.142,33.246,19.987
dev01,292,52.5121,4.4282,27.843,0.7956,33.0668,19.4453
dev01,293,53.4153,4.3499,27.8519,1.2324,33.4342,19.9811
dev01,294,53.728,4.3958,27.8463,1.3705,33.6126,20.1154
dev01,295,52.3123,4.1862,27.8045,1.1749,33.1656,19.1467
dev01,296,53.0551,4.3883,27.8194,1.3554,33.5631,19.492
dev01,297,52.1554,3.992,27.8435,1.1493,32.9848,19.1706
dev01,298,52.1784,4.0696,27.8199,1.2415,33.131,19.0474
dev01,299,52.1351,4.0555,27.8584,1.392,33.3059,18.8292
dev01,300,52.5192,4.0048,28.2132,0.7466,32.9646,19.5546
dev01,301,51.6977,3.9689,27.815,1.2909,33.0748,18.6229
dev01,302,52.3633,3.8988,27.7941,1.1821,32.875,19.4883
dev01,303,52.0343,4.1131,27.8588,1.3573,33.3292,18.7051
dev01,304,53.0013,4.3896,27.8129,1.2636,33.4661,19.5352
dev01,305,56.9132,4.0122,27.8368,4.6492,36.4982,20.415
dev01,306,52.7216,4.1701,27.8111,1.1018,33.083,19.6386
dev01,307,56.0111,3.9865,27.8297,4.2691,36.0853,19.9258
dev01,308,54.9121,4.0673,27.7947,2.2196,34.0816,20.8305
dev01,309,56.6995,3.9143,27.8557,2.561,34.331,22.3685
dev01,310,57.7265,4.1698,27.8361,3.2555,35.2614,22.4651
dev01,311,56.7898,4.2187,27.8829,4.1283,36.2299,20.5599
dev01,312,54.9512,4.0939,27.8058,2.7539,34.6536,20.2976
dev01,313,55.1362,3.8572,27.8287,2.5822,34.2681,20.8681
dev01,314,57.5968,4.606,27.7781,4.0716,36.4557,21.1411
dev01,315,53.4518,3.9979,27.8456,1.1287,32.9722,20.4796
dev01,316,54.9752,4.2976,27.9048,1.3353,33.5377,21.4375
dev01,317,53.0377,4.3212,27.8232,1.4161,33.5605,19.4772
dev01,318,61.1037,4.2147,27.8646,3.357,35.4363,25.6674
dev01,319,56.7215,4.4468,27.7935,2.3823,34.6226,22.0989
dev01,320,53.8238,3.8686,27.8399,1.2568,32.9653,20.8585
dev01,321,53.2552,5.0501,27.8235,1.149,34.0226,19.2326
dev01,322,52.3178,4.0248,27.7944,1.1926,33.0118,19.306
dev01,323,56.6756,4.0211,27.8385,2.5549,34.4145,22.2611
dev01,324,52.6124,3.9796,27.7813,1.127,32.8879,19.7245
dev01,325,52.555,4.0555,27.8349,1.1595,33.0499,19.5051
dev01,326,52.8951,4.0384,27.827,1.2507,33.1161,19.779
dev01,327,53.9512,4.1507,27.8067,1.3037,33.2611,20.6901
dev01,328,54.0089,4.1768,27.8335,1.265,33.2753,20.7336
dev01,329,53.5481,3.9813,27.8315,1.1159,32.9287,20.6194
dev01,330,59.4526,4.1706,27.85,4.0174,36.038,23.4146
dev01,331,56.1556,3.7668,27.7695,2.6353,34.1716,21.984
dev01,332,56.5741,3.9251,27.7936,3.3814,35.1001,21.474
dev01,333,57.4571,3.8248,27.8061,2.9158,34.5467,22.9104
dev01,334,56.7703,3.8281,27.7673,4.085,35.6804,21.0899
dev01,335,56.8933,4.0472,27.8245,3.6165,35.4882,21.4051
dev01,336,54.9016,3.7407,27.7905,2.6401,34.1713,20.7303
dev01,337,57.0731,3.9387,27.7582,3.5653,35.2622,21.8109
dev01,338,56.963,3.9804,27.8086,3.4106,35.1996,21.7634
dev01,339,55.6429,3.9054,27.8204,2.6189,34.3447,21.2982
dev01,340,55.5547,3.8671,27.8182,2.5152,34.2005,21.3542
dev01,341,57.2319,3.8179,27.908,4.1041,35.83,21.4019
dev01,342,52.0403,4.1491,27.8553,1.1618,33.1662,18.8741
dev01,343,56.6149,4.049,27.8016,2.7285,34.5791,22.0358
dev01,344,55.3565,4.1361,27.7545,2.3769,34.2675,21.089
dev01,345,55.9251,4.0114,27.7832,2.5836,34.3782,21.5469
dev01,346,56.1012,4.1648,27.7808,2.2615,34.2071,21.8941
dev01,347,56.9806,4.0448,27.8319,4.0431,35.9198,21.0608
dev01,348,54.9108,3.9633,27.819,2.2262,34.0085,20.9023
dev01,349,55.3382,3.9429,27.7928,2.4415,34.1772,21.161
dev01,350,56.3047,4.0187,27.8092,3.4473,35.2752,21.0295
dev01,351,59.9479,3.7859,27.755,4.1374,35.6783,24.2696
dev01,352,52.818,3.811,27.8169,0.792,32.4199,20.3981
dev01,353,52.5352,4.125,27.7973,1.0779,33.0002,19.535
dev01,354,53.5014,4.0235,27.8043,1.3419,33.1697,20.3317
dev01,355,54.4346,4.0028,27.7967,0.9373,32.7368,21.6978
dev01,356,56.6699,4.2561,27.8228,2.8663,34.9452,21.7247
dev01,357,56.4355,4.0301,27.7524,2.3264,34.1089,22.3266
dev01,358,57.3273,4.1029,27.8065,3.8093,35.7187,21.6086
dev01,359,55.9873,3.6658,27.7734,2.7217,34.1609,21.8264
dev01,360,56.8382,4.0077,27.7837,3.3899,35.1813,21.6569
dev01,361,56.1508,3.6509,27.7597,2.4429,33.8535,22.2973
dev01,362,57.9963,3.8223,27.7864,3.9835,35.5922,22.4041
dev01,363,55.5904,4.0146,27.7887,2.2742,34.0775,21.5129
dev01,364,56.1471,4.227,27.8186,2.2444,34.29,21.8571
dev01,365,55.4662,3.9208,27.8025,2.5618,34.2851,21.1811
dev01,366,57.0211,4.291,27.8539,2.7982,34.9431,22.078
dev01,367,57.2119,4.2446,27.893,2.9166,35.0542,22.1577
dev01,368,57.1716,3.9694,27.8079,2.7923,34.5696,22.602
dev01,369,58.2829,4.1332,27.8137,2.2828,34.2297,24.0532
dev01,370,57.7995,4.3482,27.7791,3.9728,36.1001,21.6994
dev01,371,58.038,4.0964,27.8113,3.002,34.9097,23.1283
dev01,372,56.0919,3.9483,27.8117,3.5588,35.3188,20.7731
dev01,373,56.4487,3.8891,27.8681,2.366,34.1232,22.3255
dev01,374,55.3202,3.8793,27.7903,2.4366,34.1062,21.214
dev01,375,57.5899,3.7623,27.8191,2.4245,34.0059,23.584
dev01,376,56.7196,3.8103,27.7882,2.6888,34.2873,22.4323
dev01,377,58.0809,4.2527,27.8455,3.1519,35.2501,22.8308
dev01,378,58.3777,4.1625,27.8533,2.613,34.6288,23.7489
dev01,379,57.0598,4.2625,27.7563,2.6001,34.6189,22.4409
dev01,380,55.5537,4.2675,27.8733,2.4816,34.6224,20.9313
dev01,381,55.2501,4.1841,27.7815,2.4662,34.4318,20.8183
dev01,382,56.7524,3.8915,27.7422,2.7827,34.4164,22.336
dev01,383,56.4191,3.7571,27.7952,3.8739,35.4262,20.9929
dev01,384,58.4438,4.2629,27.8217,3.2831,35.3677,23.0761
dev01,385,56.5073,3.934,27.8284,2.2788,34.0412,22.4661
dev01,386,56.0111,4.0962,27.75,3.7499,35.5961,20.415
dev01,387,55.63,3.8243,27.7812,2.5619,34.1674,21.4626
dev01,388,57.3402,3.8626,27.808,3.7103,35.3809,21.9593
dev01,389,57.4358,3.9241,27.7937,2.5404,34.2582,23.1776
dev01,390,56.3827,4.0137,27.8529,2.5119,34.3785,22.0042
dev01,391,56.518,3.8973,27.7635,2.4195,34.0803,22.4377
dev01,392,56.6187,4.0187,27.7798,2.7646,34.5631,22.0556
dev01,393,56.1618,3.9047,27.7941,3.6858,35.3846,20.7772
dev01,394,54.1556,4.0053,27.7814,1.2369,33.0236,21.132
dev01,395,56.5771,3.9987,27.7818,3.7325,35.513,21.0641
dev01,396,57.25,3.9761,27.7919,3.9293,35.6973,21.5527
dev01,397,56.2929,3.8568,27.7956,2.6047,34.2571,22.0358
dev01,398,57.7556,3.9998,27.8162,3.7223,35.5383,22.2173
dev01,399,56.1636,4.0795,27.8123,3.1949,35.0867,21.0769
dev01,400,55.9188,3.9227,27.7543,2.3005,33.9775,21.9413
dev01,401,54.2866,3.8292,27.756,2.113,33.6982,20.5884
dev01,402,55.7261,4.0019,27.7613,2.4352,34.1984,21.5277
dev01,403,56.2348,4.2678,27.8245,2.423,34.5153,21.7195
dev01,404,56.3749,4.207,27.8041,3.6912,35.7023,20.6726
dev01,405,56.7838,3.9455,27.7583,2.596,34.2998,22.484
dev01,406,58.6142,4.1665,27.7837,3.0072,34.9574,23.6568
dev01,407,56.49,4.0443,27.8171,3.6368,35.4982,20.9918
dev01,408,58.9083,3.8713,27.7772,3.6921,35.3406,23.5677
dev01,409,56.2196,4.1529,27.8375,2.7886,34.779,21.4406
dev01,410,55.1035,3.8449,27.7903,2.1063,33.7415,21.362
dev01,411,57.0995,4.46,27.7818,3.7977,36.0395,21.06
dev01,412,56.6548,3.8307,27.7451,3.7512,35.327,21.3278
dev01,413,55.6847,4.0297,27.8177,3.1651,35.0125,20.6722
dev01,414,58.3471,3.8317,27.7806,2.4323,34.0446,24.3025
dev01,415,57.6566,4.0217,27.9018,2.3538,34.2773,23.3793
dev01,416,56.7126,3.774,27.8115,3.5071,35.0926,21.62
dev01,417,56.4764,4.3336,27.782,2.453,34.5686,21.9078
dev01,418,56.1993,3.9583,27.7951,2.5987,34.3521,21.8472
dev01,419,56.6056,4.0648,27.8851,3.1757,35.1256,21.48
dev01,420,56.2954,3.7649,27.748,3.0364,34.5493,21.7461
dev01,421,55.1899,3.7467,27.7711,2.6855,34.2033,20.9866
dev01,422,55.956,4.1601,27.8106,2.4926,34.4633,21.4927
dev01,423,57.1293,4.1437,27.7596,2.3631,34.2664,22.8629
dev01,424,57.0393,4.0252,27.7988,3.4721,35.2961,21.7432
dev01,425,56.4617,4.125,27.7823,3.1575,35.0648,21.3969
dev01,426,55.6288,4.1485,27.8067,2.4639,34.4191,21.2097
dev01,427,58.7882,4.0826,27.8457,3.8463,35.7746,23.0136
dev01,428,55.7703,3.9894,27.8894,2.4059,34.2847,21.4856
dev01,429,54.7277,3.8817,27.7958,2.3778,34.0553,20.6724
dev01,430,55.4982,3.9133,27.7625,2.4233,34.0991,21.3991
dev01,431,57.6828,4.5288,27.7977,3.8115,36.138,21.5448
dev01,432,55.4032,3.8352,27.8081,2.8127,34.456,20.9472
dev01,433,55.225,4.054,27.8226,2.2945,34.1711,21.0539
dev01,434,58.5923,4.0616,27.8208,3.8501,35.7325,22.8598
dev01,435,55.7716,4.0516,27.8206,2.3263,34.1985,21.5731
dev01,436,56.1408,3.9769,27.8114,2.4925,34.2808,21.86
dev01,437,55.5564,3.7404,27.7796,2.2057,33.7257,21.8307
dev01,438,56.0346,4.0538,27.8031,2.6668,34.5237,21.5109
dev01,439,57.7329,3.882,27.7762,3.8398,35.498,22.2349
dev01,440,57.5384,3.9879,27.8168,3.9875,35.7922,21.7462
dev01,441,55.8247,4.0765,27.7866,2.4482,34.3113,21.5134
dev01,442,56.5004,4.1123,27.785,2.8802,34.7775,21.7229
dev01,443,57.0782,4.1746,27.8132,3.7515,35.7393,21.3389
dev01,444,59.1205,5.6546,27.9043,3.9527,37.5116,21.6089
dev01,445,57.1392,4.421,27.859,3.7305,36.0105,21.1287
dev01,446,57.9702,3.9025,27.7648,3.819,35.4863,22.4839
dev01,447,55.7158,4.1757,27.7716,3.0514,34.9987,20.7171
dev01,448,56.4362,3.9105,27.7777,2.3549,34.0431,22.3931
dev01,449,56.0479,4.3182,27.8453,2.8925,35.056,20.9919
dev01,450,54.4783,3.7926,27.7855,2.3699,33.948,20.5303
dev01,451,56.7311,4.0927,27.8181,3.9034,35.8142,20.9169
dev01,452,56.0029,3.987,27.8496,2.8409,34.6775,21.3254
dev01,453,59.236,4.1264,27.8164,4.0354,35.9782,23.2578
dev01,454,56.1367,4.0493,27.8087,2.5368,34.3948,21.7419
dev01,455,57.1055,3.8657,27.8646,2.4455,34.1758,22.9297
dev01,456,57.6727,3.8957,27.7742,3.8362,35.5061,22.1666
dev01,457,56.4363,4.3766,27.8651,2.5049,34.7466,21.6897
dev01,458,57.5422,4.1551,27.842,2.8732,34.8703,22.6719
dev01,459,54.543,3.8892,27.767,2.4104,34.0666,20.4764
dev01,460,56.8731,3.5886,27.8784,3.7261,35.1931,21.68
dev01,461,55.9227,3.8711,27.8517,2.7321,34.4549,21.4678
dev01,462,56.891,4.0962,27.8692,2.5965,34.5619,22.3291
dev01,463,56.1689,3.8919,27.8678,2.825,34.5847,21.5842
dev01,464,57.9747,3.8345,27.7636,4.1857,35.7838,22.1909
dev01,465,57.9737,3.9972,27.7795,3.6316,35.4083,22.5654
dev01,466,56.2957,3.8729,27.9437,3.3091,35.1257,21.17
dev01,467,57.0134,4.2644,27.8083,3.7358,35.8085,21.2049
dev01,468,57.7716,4.1627,27.7513,3.6338,35.5478,22.2238
dev01,469,56.4647,3.7185,27.7801,3.7958,35.2944,21.1703
dev01,470,56.5387,3.9851,27.8162,3.7485,35.5498,20.9889
dev01,471,56.7369,4.1098,27.8221,3.589,35.5209,21.216
dev01,472,55.8706,3.7368,27.7937,3.658,35.1885,20.6821
dev01,473,55.0922,4.3916,27.7889,2.6508,34.8313,20.2609
dev01,474,57.29,4.5241,27.8318,2.3157,34.6716,22.6184
dev01,475,55.3886,3.8108,27.8023,3.0445,34.6576,20.731
dev01,476,58.0008,4.1223,27.7988,4.4235,36.3446,21.6562
dev01,477,58.6763,4.0068,27.8156,2.8391,34.6615,24.0148
dev01,478,60.6511,4.0687,27.8439,3.392,35.3046,25.3465
dev01,479,56.2186,4.0069,27.8042,2.9392,34.7503,21.4683
dev01,480,54.6605,3.8301,27.8202,2.102,33.7523,20.9082
dev01,481,58.0103,3.9727,27.8033,3.2961,35.0721,22.9382
dev01,482,56.0538,4.7924,27.8438,2.2691,34.9053,21.1485
dev01,483,57.262,4.0438,27.9146,2.2937,34.2521,23.0099
dev01,484,56.7567,4.2317,27.8409,2.4552,34.5278,22.2289
dev01,485,55.9446,3.8591,27.8349,2.3787,34.0727,21.8719
dev01,486,55.2942,3.75,27.7978,2.319,33.8668,21.4274
dev01,487,55.361,3.768,27.7654,2.2717,33.8051,21.5559
dev01,488,54.3614,3.6598,27.803,2.3525,33.8153,20.5461
dev01,489,56.4587,4.0336,27.8384,3.7081,35.5801,20.8786
dev01,490,55.3321,4.0823,27.7922,2.1844,34.0589,21.2732
dev01,491,55.1027,3.8824,27.8064,2.2955,33.9843,21.1184
dev01,492,56.9716,4.0418,27.8185,3.9128,35.7731,21.1985
dev01,493,55.8495,3.9428,27.8418,2.3655,34.1501,21.6994
dev01,494,58.0257,4.1532,27.8225,3.0654,35.0411,22.9846
dev01,495,56.8801,5.1854,27.8521,2.3111,35.3486,21.5315
dev01,496,55.6204,3.8465,27.7759,3.0707,34.6931,20.9273
dev01,497,56.7393,4.0225,27.7871,3.3267,35.1363,21.603
dev01,498,56.4849,4.0051,27.8557,2.6456,34.5064,21.9785
dev01,499,57.2687,3.6992,27.7748,2.3361,33.8101,23.4586
dev01,500,56.8295,4.1958,27.7634,3.6743,35.6335,21.196
dev01,501,56.072,3.7943,27.7963,2.6103,34.2009,21.8711
dev01,502,56.4255,4.0972,27.8109,3.6721,35.5802,20.8453
dev01,503,56.0312,3.8149,27.7675,3.0484,34.6308,21.4004
dev01,504,57.9242,4.262,27.7606,3.3181,35.3407,22.5835
dev01,505,57.062,3.9888,27.8511,3.8421,35.682,21.38
dev01,506,59.9941,3.8553,27.8246,3.7112,35.3911,24.603
dev01,507,56.3428,3.7766,27.8082,3.6942,35.279,21.0638
dev01,508,56.5845,3.8468,27.7891,3.8059,35.4418,21.1427
dev01,509,55.9678,3.8803,27.8017,3.0411,34.7231,21.2447
dev01,510,56.2055,3.7172,27.7933,3.7751,35.2856,20.9199
dev01,511,57.5783,3.7202,27.77,3.7463,35.2365,22.3418
dev01,512,56.8432,3.7678,27.7926,3.6497,35.2101,21.6331
dev01,513,56.9667,3.7543,27.8571,3.6344,35.2458,21.7209
dev01,514,58.114,3.8625,27.9539,3.0378,34.8542,23.2598
dev01,515,57.307,3.8096,27.8005,3.2923,34.9024,22.4046
dev01,516,56.4933,4.0145,27.8016,2.4361,34.2522,22.2411
dev01,517,56.0706,3.8139,27.8286,2.9322,34.5747,21.4959
dev01,518,56.0874,3.733,27.7617,3.6803,35.175,20.9124
dev01,519,55.7168,4.0612,27.7954,2.285,34.1416,21.5752
dev01,520,56.506,3.8058,27.8778,3.7649,35.4485,21.0575
dev01,521,56.2406,3.843,27.7554,2.5031,34.1015,22.1391
dev01,522,58.3055,4.5196,27.911,3.8362,36.2668,22.0387
dev01,523,54.9592,3.7757,27.7866,2.6156,34.1779,20.7813
dev01,524,55.0584,3.6557,27.8358,2.4019,33.8934,21.165
dev01,525,56.9263,3.7947,27.8085,2.2789,33.8821,23.0442
dev01,526,55.9253,3.8916,27.7801,2.8939,34.5656,21.3597
dev01,527,57.5006,4.2571,27.7824,2.7609,34.8004,22.7002
dev01,528,55.5013,3.7852,27.8403,2.4726,34.0981,21.4032
dev01,529,56.5586,3.8683,27.7674,2.4393,34.075,22.4836
dev01,530,56.5022,3.6812,27.8092,2.7741,34.2645,22.2377
dev01,531,55.0173,3.7734,27.7666,2.4127,33.9527,21.0646
dev01,532,56.5932,3.9507,27.7888,2.4585,34.198,22.3952
dev01,533,56.3044,3.9552,27.7491,2.3904,34.0947,22.2097
dev01,534,55.5355,3.8606,27.8051,2.5397,34.2054,21.3301
dev01,535,55.3329,3.8974,27.8455,2.4034,34.1463,21.1866
dev01,536,56.4529,3.5899,27.7452,2.5298,33.8649,22.588
dev01,537,52.5846,3.7126,27.7634,0.8658,32.3418,20.2428
dev01,538,55.7834,3.9153,27.7884,2.3746,34.0783,21.7051
dev01,539,55.1908,3.8724,27.7689,2.2072,33.8485,21.3423
dev02,0,68.1351,4.0899,27.7725,0.7937,32.6561,35.479
dev02,1,52.3192,3.7541,27.795,0.7936,32.3427,19.9765
dev02,2,53.1948,3.9732,27.8182,0.7708,32.5622,20.6326
dev02,3,53.711,4.2231,27.7668,0.771,32.7609,20.9501
dev02,4,53.1365,3.8357,27.7871,0.766,32.3888,20.7477
dev02,5,53.8011,3.9387,27.7765,0.8351,32.5503,21.2508
dev02,6,53.3058,4.1221,27.7864,0.862,32.7705,20.5353
dev02,7,54.1408,3.9135,27.7922,0.9454,32.6511,21.4897
dev02,8,54.0376,4.0271,27.9631,0.8562,32.8464,21.1912
dev02,9,53.2729,4.2067,27.7921,0.8151,32.8139,20.459
dev02,10,53.0471,4.2128,27.7693,0.802,32.7841,20.263
dev02,11,53.6442,4.1169,27.8219,0.78,32.7188,20.9254
dev02,12,54.0635,4.0612,27.9733,0.8143,32.8488,21.2147
dev02,13,54.6192,4.019,27.7943,0.9109,32.7242,21.895
dev02,14,54.7462,4.1862,27.7806,1.3568,33.3236,21.4226
dev02,15,55.0599,4.0606,27.8324,1.1623,33.0553,22.0046
dev02,16,53.5171,4.2389,27.7979,0.8626,32.8994,20.6177
dev02,17,53.9288,4.0636,27.785,0.8289,32.6775,21.2513
dev02,18,52.7686,3.9882,27.7552,0.8699,32.6133,20.1553
dev02,19,52.835,3.7686,27.7816,0.7877,32.3379,20.4971
dev02,20,54.4246,3.9251,27.7903,0.8295,32.5449,21.8797
dev02,21,54.0875,4.1825,27.7579,1.1542,33.0946,20.9929
dev02,22,53.1495,3.775,27.7563,0.8101,32.3414,20.8081
dev02,23,52.7023,3.7672,27.7289,0.7219,32.218,20.4843
dev02,24,54.4125,4.2652,27.7958,0.7891,32.8501,21.5624
dev02,25,52.5016,3.7641,27.7604,0.7913,32.3158,20.1858
dev02,26,54.6688,3.9037,27.7708,1.0377,32.7122,21.9566
dev02,27,53.283,3.9193,27.7945,0.7813,32.4951,20.7879
dev02,28,54.3651,4.1117,27.7625,0.7634,32.6376,21.7275
dev02,29,53.2206,3.9319,27.7728,0.7599,32.4646,20.756
dev02,30,52.9685,3.9454,27.7978,0.7648,32.508,20.4605
dev02,31,53.2282,3.8713,27.7935,0.7822,32.447,20.7812
dev02,32,54.0952,3.8181,27.7675,0.8679,32.4535,21.6417
dev02,33,53.2833,3.9292,27.8518,0.764,32.545,20.7383
dev02,34,53.761,3.922,27.7595,0.8219,32.5034,21.2576
dev02,35,53.3268,4.214,27.8114,0.9917,33.0171,20.3097
dev02,36,54.7711,3.8255,27.7305,0.8505,32.4065,22.3646
dev02,37,54.3682,3.9251,27.7728,0.8237,32.5216,21.8466
dev02,38,53.9253,3.8779,27.7501,0.7729,32.4009,21.5244
dev02,39,53.8814,3.7555,27.7918,0.912,32.4593,21.4221
dev02,40,53.974,3.8197,27.7606,0.8524,32.4327,21.5413
dev02,41,53.5901,3.7103,27.8666,0.7945,32.3714,21.2187
dev02,42,53.606,4.0743,27.7534,0.7637,32.5914,21.0146
dev02,43,53.012,3.735,27.7573,0.8859,32.3782,20.6338
dev02,44,53.5413,4.2264,27.7756,0.8282,32.8302,20.7111
dev02,45,52.1461,3.8619,27.767,0.9855,32.6144,19.5317
dev02,46,51.9998,3.7709,27.7479,0.7611,32.2799,19.7199
dev02,47,52.6185,4.2561,27.8339,0.7645,32.8545,19.764
dev02,48,53.0843,4.0195,27.7371,0.8995,32.6561,20.4282
dev02,49,53.1629,3.8681,27.7622,0.8341,32.4644,20.6985
dev02,50,52.4412,3.7971,27.8065,0.8164,32.42,20.0212
dev02,51,53.0675,3.8949,27.8225,0.7412,32.4586,20.6089
dev02,52,52.7327,3.8757,27.7604,0.8009,32.437,20.2957
dev02,53,55.3647,3.9571,27.8238,0.7581,32.539,22.8257
dev02,54,53.9795,3.9497,27.7424,0.76,32.4521,21.5274
dev02,55,52.8226,4.0452,27.7582,0.7953,32.5987,20.2239
dev02,56,52.5977,3.8921,27.7725,0.7591,32.4237,20.174
dev02,57,52.5265,3.8863,27.8033,0.7718,32.4614,20.0651
dev02,58,54.8649,3.8034,27.7567,1.021,32.5811,22.2838
dev02,59,52.3863,4.0961,27.7781,0.838,32.7122,19.6741
dev02,60,52.6818,4.0027,27.7628,0.7829,32.5484,20.1334
dev02,61,55.5424,4.2278,27.99,1.5723,33.7901,21.7523
dev02,62,56.0085,3.9965,27.7794,0.8194,32.5953,23.4132
dev02,63,52.8404,4.0783,28.0388,0.9289,33.046,19.7944
dev02,64,53.1811,4.1047,27.8039,0.8653,32.7739,20.4072
dev02,65,53.9885,4.0181,27.8117,1.0823,32.9121,21.0764
dev02,66,53.8436,4.0923,27.8267,0.8327,32.7517,21.0919
dev02,67,54.6462,3.8811,27.7878,0.8297,32.4986,22.1476
dev02,68,54.0299,4.172,27.8187,0.813,32.8037,21.2262
dev02,69,54.0928,4.0697,27.7751,0.8944,32.7392,21.3536
dev02,70,53.1556,3.9003,27.7768,0.8174,32.4945,20.6611
dev02,71,53.695,3.8449,27.7505,0.8776,32.473,21.222
dev02,72,55.2104,3.9382,27.783,0.8519,32.5731,22.6373
dev02,73,59.0964,3.9323,27.8016,1.3972,33.1311,25.9653
dev02,74,53.9185,3.953,27.77,0.8021,32.5251,21.3934
dev02,75,54.0892,4.0296,27.8488,0.8462,32.7246,21.3646
dev02,76,55.1029,4.0204,27.7752,0.8688,32.6644,22.4385
dev02,77,54.2642,4.0697,27.817,0.7948,32.6815,21.5827
dev02,78,55.2508,4.1338,27.859,0.8824,32.8752,22.3756
dev02,79,53.258,3.948,27.8015,0.9008,32.6503,20.6077
dev02,80,54.0275,3.7537,27.7772,0.8823,32.4132,21.6143
dev02,81,54.5294,3.8964,27.7815,0.802,32.4799,22.0495
dev02,82,55.5164,3.7393,27.7939,0.8231,32.3563,23.1601
dev02,83,58.734,3.8612,27.7556,2.2952,33.912,24.822
dev02,84,54.6904,4.0134,27.7453,0.7776,32.5363,22.1541
dev02,85,57.7016,3.9692,27.7919,0.8898,32.6509,25.0507
dev02,86,54.8598,3.8653,27.74,0.7236,32.3289,22.5309
dev02,87,54.7394,3.7227,27.8808,0.8457,32.4492,22.2902
dev02,88,54.7146,4.1417,27.7862,0.8702,32.7981,21.9165
dev02,89,58.0457,4.0932,27.8222,0.9451,32.8605,25.1852
dev02,90,57.5717,3.9153,28.0724,1.2256,33.2133,24.3584
dev02,91,58.2912,4.8327,27.8195,0.9452,33.5974,24.6938
dev02,92,56.4255,4.1499,27.8279,0.9467,32.9245,23.501
dev02,93,55.8167,4.6613,27.8692,0.9128,33.4433,22.3734
dev02,94,57.2091,3.927,27.7296,0.8225,32.4791,24.73
dev02,95,55.6737,4.3915,27.8153,0.792,32.9988,22.6749
dev02,96,59.3448,4.4257,27.9622,0.9777,33.3656,25.9792
dev02,97,59.7579,5.0153,27.801,0.9634,33.7797,25.9782
dev02,98,55.6672,4.1099,27.8003,0.9335,32.8437,22.8235
dev02,99,60.6839,4.8759,28.0751,0.9222,33.8732,26.8107
dev02,100,57.0728,4.4509,28.0458,0.9238,33.4205,23.6523
dev02,101,57.6109,5.0282,27.9036,0.9499,33.8817,23.7292
dev02,102,57.214,3.9518,27.7678,0.7541,32.4737,24.7403
dev02,103,55.1446,3.8908,27.8619,0.7879,32.5406,22.604
dev02,104,58.2339,4.1212,27.7772,1.0391,32.9375,25.2964
dev02,105,61.2843,4.9416,27.8713,1.4499,34.2628,27.0215
dev02,106,57.4648,4.7173,27.8371,0.9925,33.5469,23.9179
dev02,107,56.9009,4.6857,27.8165,0.8733,33.3755,23.5254
dev02,108,55.3856,4.3105,27.7595,0.7899,32.8599,22.5257
dev02,109,55.7616,4.2559,27.8632,0.8989,33.018,22.7436
dev02,110,55.6331,4.1431,27.7395,0.7814,32.664,22.9691
dev02,111,54.7683,3.9019,27.7709,1.1208,32.7936,21.9747
dev02,112,54.5236,4.1445,27.7794,0.7213,32.6452,21.8784
dev02,113,54.0734,4.003,27.7487,1.0671,32.8188,21.2546
dev02,114,54.2422,3.9005,27.7722,0.7857,32.4584,21.7838
dev02,115,54.4415,4.3943,27.7653,0.8308,32.9904,21.4511
dev02,116,54.6879,4.0022,27.754,0.7424,32.4986,22.1893
dev02,117,54.3244,4.3777,27.7577,0.9475,33.0829,21.2415
dev02,118,53.9742,3.7411,27.7842,0.8378,32.3631,21.6111
dev02,119,54.6101,3.8886,27.7859,0.9989,32.6734,21.9367
dev02,120,53.6108,4.0907,27.8362,0.7629,32.6898,20.921
dev02,121,53.4445,3.7289,27.9066,0.719,32.3545,21.09
dev02,122,53.9691,4.3309,27.9047,0.8061,33.0417,20.9274
dev02,123,54.9285,3.8701,27.8439,0.7602,32.4742,22.4543
dev02,124,55.7574,4.3452,27.8621,0.8146,33.0219,22.7355
dev02,125,53.6302,4.0166,27.9018,0.6598,32.5782,21.052
dev02,126,53.7553,4.138,27.9051,0.7141,32.7572,20.9981
dev02,127,53.8336,3.6835,27.8501,0.7322,32.2658,21.5678
dev02,128,54.4969,3.8027,27.8532,0.779,32.4349,22.062
dev02,129,55.148,3.8564,27.887,0.7755,32.5189,22.6291
dev02,130,53.6612,3.7361,27.842,0.9027,32.4808,21.1804
dev02,131,54.0574,3.9072,27.9587,0.9098,32.7757,21.2817
dev02,132,61.3622,4.231,28.0453,0.9382,33.2145,28.1477
dev02,133,55.2364,5.0747,27.8923,0.8437,33.8107,21.4257
dev02,134,56.0676,4.4598,28.0109,1.2623,33.733,22.3346
dev02,135,55.9648,4.7126,27.9323,0.9,33.5449,22.4199
dev02,136,55.6051,4.1746,27.9436,1.1003,33.2185,22.3866
dev02,137,54.6572,4.2612,27.8999,0.838,32.9991,21.6581
dev02,138,55.4441,4.3724,27.9344,0.9458,33.2526,22.1915
dev02,139,56.3063,4.0616,27.9507,1.0622,33.0745,23.2318
dev02,140,56.4042,4.6368,27.9246,1.0275,33.5889,22.8153
dev02,141,58.851,4.4066,27.9681,0.9919,33.3666,25.4844
dev02,142,56.833,4.7891,27.924,0.9656,33.6787,23.1543
dev02,143,57.8708,4.0388,27.888,1.1166,33.0434,24.8274
dev02,144,56.5421,4.4676,27.947,1.002,33.4166,23.1255
dev02,145,56.9666,4.2271,28.1397,0.9609,33.3277,23.6389
dev02,146,56.5056,4.2935,28.0324,1.1844,33.5103,22.9953
dev02,147,57.4303,4.2304,27.9132,0.8637,33.0073,24.423
dev02,148,54.702,3.88,27.8983,0.7631,32.5414,22.1606
dev02,149,56.3691,3.7761,27.9431,1.0913,32.8105,23.5586
dev02,150,57.1839,4.14,28.0171,0.9083,33.0654,24.1185
dev02,151,54.4948,3.9107,27.9071,0.884,32.7018,21.793
dev02,152,77.1334,3.8619,47.8214,1.4238,53.1071,24.0263
dev02,153,57.347,3.9842,27.874,2.334,34.1922,23.1548
dev02,154,54.5652,3.7419,27.8914,0.8586,32.4919,22.0733
dev02,155,54.0885,4.1282,27.9259,0.769,32.8231,21.2654
dev02,156,54.6544,4.1285,27.9721,0.8123,32.9129,21.7415
dev02,157,58.1117,4.3981,28.0893,1.0271,33.5145,24.5972
dev02,158,58.9942,4.3699,28.0627,1.2621,33.6947,25.2995
dev02,159,55.3567,3.8638,27.8702,0.9674,32.7014,22.6553
dev02,160,55.2771,3.9804,27.931,0.7981,32.7095,22.5676
dev02,161,58.4846,4.8602,27.922,0.9053,33.6875,24.7971
dev02,162,54.4285,4.0964,27.9243,0.8438,32.8645,21.564
dev02,163,54.7853,3.8153,27.8778,0.851,32.5441,22.2412
dev02,164,54.6072,3.9827,27.8971,0.7317,32.6115,21.9957
dev02,165,54.5162,3.8941,27.8832,0.8066,32.5839,21.9323
dev02,166,53.8587,3.8529,27.8647,0.8236,32.5412,21.3175
dev02,167,54.6443,3.7682,27.8867,0.9398,32.5947,22.0496
dev02,168,54.9644,4.0603,27.8513,0.772,32.6836,22.2808
dev02,169,54.4284,3.9152,27.8351,0.7225,32.4728,21.9556
dev02,170,54.3002,4.0138,27.8415,0.9087,32.764,21.5362
dev02,171,55.2324,4.0865,27.939,0.7897,32.8152,22.4172
dev02,172,54.8756,3.8944,27.8576,0.7415,32.4935,22.3821
dev02,173,55.3374,3.9413,27.8682,1.0342,32.8437,22.4937
dev02,174,55.1357,4.4613,27.8634,0.8768,33.2015,21.9342
dev02,175,54.5188,3.9498,27.8838,0.7557,32.5893,21.9295
dev02,176,55.7789,4.0555,27.8659,1.002,32.9234,22.8555
dev02,177,54.9719,3.7521,27.8445,0.9367,32.5333,22.4386
dev02,178,55.4104,4.0974,27.8905,0.7865,32.7744,22.636
dev02,179,54.5316,3.8789,27.8366,0.7021,32.4176,22.114
dev02,180,54.0393,4.0384,27.9562,0.7376,32.7322,21.3071
dev02,181,54.8797,4.0843,27.8827,0.7756,32.7426,22.1371
dev02,182,54.476,4.0078,27.8373,0.7758,32.6209,21.8551
dev02,183,57.3751,3.8387,27.8631,3.0186,34.7204,22.6547
dev02,184,54.9383,3.924,27.9,0.7344,32.5584,22.3799
dev02,185,57.9866,3.9474,27.8608,2.2938,34.102,23.8846
dev02,186,66.586,3.9076,27.8966,3.1088,34.913,31.673
dev02,187,57.4459,4.0247,27.8509,2.4491,34.3247,23.1212
dev02,188,60.3376,3.6775,27.8932,2.1747,33.7454,26.5922
dev02,189,57.7853,3.9165,27.8559,2.2599,34.0323,23.753
dev02,190,58.3055,3.7606,27.8562,2.576,34.1928,24.1127
dev02,191,57.6638,3.6896,27.849,2.3622,33.9008,23.763
dev02,192,58.1135,4.0096,27.8369,2.7588,34.6053,23.5082
dev02,193,58.6295,4.0374,27.8685,2.627,34.5329,24.0966
dev02,194,59.3599,4.0398,27.8306,3.1623,35.0327,24.3272
dev02,195,58.1963,3.9938,27.8481,2.2852,34.1271,24.0692
dev02,196,58.4757,3.9552,27.8329,2.2694,34.0575,24.4182
dev02,197,60.5924,3.7887,27.8567,2.2479,33.8933,26.6991
dev02,198,58.9829,4.0493,27.9129,2.4016,34.3638,24.6191
dev02,199,58.595,3.6723,27.8975,2.3101,33.8799,24.7151
dev02,200,59.0211,3.8748,27.9563,2.5752,34.4063,24.6148
dev02,201,59.9475,3.7501,27.8408,2.3369,33.9278,26.0197
dev02,202,58.813,4.3246,27.8974,2.3482,34.5702,24.2428
dev02,203,58.7009,3.873,27.8916,2.4133,34.1779,24.523
dev02,204,58.814,3.8636,27.8471,2.4204,34.1311,24.6829
dev02,205,59.4357,3.9014,27.8713,2.3432,34.1159,25.3198
dev02,206,58.2178,3.929,27.8758,2.5136,34.3184,23.8994
dev02,207,59.8844,3.8436,27.8679,2.4903,34.2018,25.6826
dev02,208,60.5682,4.0826,27.8437,2.2824,34.2087,26.3595
dev02,209,58.5478,3.8629,27.8493,2.3128,34.025,24.5228
dev02,210,61.9341,3.8009,27.8442,2.8448,34.4899,27.4442
dev02,211,61.8483,3.9232,27.8671,2.3993,34.1896,27.6587
dev02,212,67.2633,5.5232,28.0589,6.7228,40.3049,26.9584
dev02,213,60.2991,3.9791,27.9052,2.4443,34.3286,25.9705
dev02,214,59.4947,3.6767,27.858,2.4298,33.9645,25.5302
dev02,215,60.1597,3.8878,27.8838,2.3805,34.1521,26.0076
dev02,216,59.2007,3.7411,27.9061,2.5177,34.1649,25.0358
dev02,217,58.9028,3.6893,27.873,2.3054,33.8677,25.0351
dev02,218,60.3497,3.8794,27.8505,2.9001,34.63,25.7197
dev02,219,59.3656,3.7915,27.8352,2.2707,33.8974,25.4682
dev02,220,59.634,4.79,27.8827,2.1307,34.8034,24.8306
dev02,221,59.2134,3.753,27.8597,2.2115,33.8242,25.3892
dev02,222,60.3873,3.8586,27.9497,3.2155,35.0238,25.3635
dev02,223,60.3072,3.7736,27.9028,2.4241,34.1005,26.2067
dev02,224,58.515,3.7833,27.93,2.2999,34.0132,24.5018
dev02,225,61.5304,4.1793,27.9241,2.1965,34.2999,27.2305
dev02,226,60.6345,3.6708,27.8422,2.3388,33.8518,26.7827
dev02,227,58.551,3.8681,27.9765,2.3852,34.2298,24.3212
dev02,228,59.9248,3.7356,27.9289,2.3001,33.9646,25.9602
dev02,229,58.2274,3.9517,27.8203,0.8549,32.6269,25.6005
dev02,230,60.2104,4.2193,27.9018,2.2393,34.3604,25.85
dev02,231,58.824,3.9053,27.8294,2.3119,34.0466,24.7774
dev02,232,59.9385,3.9212,27.8448,0.9463,32.7123,27.2262
dev02,233,57.1761,4.0257,27.8687,0.7999,32.6943,24.4818
dev02,234,55.8591,4.1054,27.857,0.725,32.6874,23.1717
dev02,235,55.1741,4.1002,27.8441,0.8462,32.7905,22.3836
dev02,236,56.2375,3.9016,27.8534,0.7721,32.5271,23.7104
dev02,237,58.9669,3.9236,27.8595,2.2946,34.0777,24.8892
dev02,238,58.6733,3.9825,27.8435,2.6499,34.4759,24.1974
dev02,239,59.8298,4.187,27.8442,2.3538,34.385,25.4448
dev02,240,57.8103,3.8784,27.8587,2.4612,34.1983,23.612
dev02,241,55.5173,3.7601,27.8462,0.7653,32.3716,23.1457
dev02,242,55.6358,3.8816,27.8418,0.6914,32.4148,23.221
dev02,243,55.9395,4.0875,27.8933,0.7677,32.7485,23.191
dev02,244,56.426,4.352,27.839,0.8097,33.0007,23.4253
dev02,245,59.3834,3.931,27.8771,2.452,34.2601,25.1233
dev02,246,58.4745,3.9335,27.8572,2.3788,34.1695,24.305
dev02,247,57.848,3.6928,27.865,2.4581,34.0159,23.8321
dev02,248,58.819,3.9299,27.8842,2.2261,34.0402,24.7788
dev02,249,58.3491,3.8918,27.8403,2.2224,33.9545,24.3946
dev02,250,58.4009,3.8269,27.8348,2.3413,34.003,24.3979
dev02,251,58.7687,4.0359,27.8711,2.269,34.176,24.5927
dev02,252,58.9384,3.8554,27.8453,2.3552,34.0559,24.8825
dev02,253,58.725,3.8354,27.8979,2.3118,34.0451,24.6799
dev02,254,56.2665,3.8116,27.8631,0.752,32.4267,23.8398
dev02,255,58.8208,3.9629,27.8656,2.3102,34.1387,24.6821
dev02,256,55.1915,3.8492,27.8365,0.7049,32.3906,22.8009
dev02,257,54.5784,3.906,27.8591,0.8303,32.5954,21.983
dev02,258,56.0632,3.7974,27.8435,0.8034,32.4443,23.6189
dev02,259,56.9617,3.9968,27.8437,0.7614,32.6019,24.3598
dev02,260,56.0731,3.8415,27.8775,0.81,32.529,23.5441
dev02,261,55.4324,3.9117,27.8388,0.7933,32.5438,22.8886
dev02,262,59.4644,4.3108,27.8544,2.2855,34.4507,25.0137
dev02,263,61.1179,3.7292,27.8876,2.4906,34.1074,27.0105
dev02,264,57.6798,3.9056,27.8656,2.3136,34.0848,23.595
dev02,265,57.6782,3.7015,27.8752,2.2532,33.8299,23.8483
dev02,266,58.8497,3.9744,27.8869,2.2364,34.0977,24.752
dev02,267,58.3696,3.7967,27.8952,2.3198,34.0117,24.3579
dev02,268,58.4987,3.6277,27.833,2.2796,33.7403,24.7584
dev02,269,57.3271,3.793,27.8767,2.1678,33.8375,23.4896
dev02,270,58.1295,3.747,27.8507,2.2229,33.8206,24.3089
dev02,271,58.3033,3.984,27.95,2.4866,34.4206,23.8827
dev02,272,58.1252,3.5795,27.833,2.299,33.7115,24.4137
dev02,273,58.5545,3.7377,27.8569,2.2285,33.8231,24.7314
dev02,274,59.5297,4.3066,27.9275,2.0938,34.3279,25.2018
dev02,275,56.1333,3.9614,27.9921,0.7648,32.7183,23.415
dev02,276,58.9478,4.1981,28.0516,2.2643,34.514,24.4338
dev02,277,59.3259,3.734,27.9282,2.2659,33.9281,25.3978
dev02,278,55.9335,3.6594,27.9691,0.9704,32.5989,23.3346
dev02,279,55.5019,3.8849,27.8737,0.901,32.6596,22.8423
dev02,280,57.1724,3.7495,27.8285,1.1139,32.6919,24.4805
dev02,281,58.0445,4.0246,27.879,2.1955,34.0991,23.9454
dev02,282,59.5316,4.2949,27.8418,2.3083,34.445,25.0866
dev02,283,58.7927,4.1691,27.8584,2.1257,34.1532,24.6395
dev02,284,58.0094,3.9074,27.9074,2.187,34.0018,24.0076
dev02,285,60.7611,3.9351,27.8381,2.4416,34.2148,26.5463
dev02,286,58.0378,4.062,27.9027,2.2125,34.1772,23.8606
dev02,287,58.5916,4.05,27.8768,2.1747,34.1015,24.4901
dev02,288,57.6889,3.7308,27.8678,2.2397,33.8383,23.8506
dev02,289,57.3462,3.7606,27.8612,2.1872,33.809,23.5372
dev02,290,58.7494,3.8202,27.8402,2.2949,33.9553,24.7941
dev02,291,58.1172,3.8044,27.9137,2.2837,34.0018,24.1154
dev02,292,58.9371,3.6363,27.8815,2.314,33.8318,25.1053
dev02,293,57.5381,3.7628,27.9825,2.3685,34.1138,23.4243
dev02,294,59.4068,4.0105,27.8994,2.3379,34.2478,25.159
dev02,295,59.3697,3.9067,27.8993,2.4168,34.2228,25.1469
dev02,296,57.9117,3.8102,27.8524,2.407,34.0696,23.8421
dev02,297,57.6405,3.6637,27.8874,2.2776,33.8287,23.8118
dev02,298,58.665,3.7232,28.0015,2.2756,34.0003,24.6647
dev02,299,60.5553,4.0995,27.8965,2.8041,34.8001,25.7552
dev02,300,57.8859,3.8049,27.8219,2.315,33.9418,23.9441
dev02,301,58.8498,3.857,27.8357,2.5569,34.2496,24.6002
dev02,302,57.2429,3.8938,27.8519,2.1522,33.8979,23.345
dev02,303,58.704,3.8456,27.8272,2.315,33.9878,24.7162
dev02,304,60.9893,4.0161,27.8441,3.2167,35.0769,25.9124
dev02,305,58.902,3.7102,27.839,2.1707,33.7199,25.1821
dev02,306,58.4897,3.9153,27.8327,2.2982,34.0462,24.4435
dev02,307,58.8,3.7253,27.998,2.3629,34.0862,24.7138
dev02,308,57.4946,3.7983,27.909,2.086,33.7933,23.7013
dev02,309,58.6682,3.693,27.8331,2.7758,34.3019,24.3663
dev02,310,59.0496,4.068,27.8651,2.4126,34.3457,24.7039
dev02,311,59.1148,3.9141,27.8884,2.3127,34.1152,24.9996
dev02,312,58.3719,3.8447,27.8836,2.298,34.0263,24.3456
dev02,313,59.2488,4.0103,27.9144,2.3105,34.2352,25.0136
dev02,314,58.7741,3.8665,27.8869,2.3046,34.058,24.7161
dev02,315,59.1916,3.8341,27.8502,2.4755,34.1598,25.0318
dev02,316,60.2228,3.7337,27.896,2.2572,33.8869,26.3359
dev02,317,58.9641,3.8823,27.8438,2.2957,34.0218,24.9423
dev02,318,57.3368,3.8125,27.8544,2.1612,33.8281,23.5087
dev02,319,58.069,3.7012,27.8441,2.6229,34.1682,23.9008
dev02,320,59.3188,3.8043,27.8809,2.3596,34.0448,25.274
dev02,321,57.9553,3.7742,27.8507,2.1279,33.7528,24.2025
dev02,322,59.0524,3.921,27.8454,2.3346,34.101,24.9514
dev02,323,59.213,4.2167,27.878,2.4163,34.511,24.702
dev02,324,58.9264,3.6632,27.8954,2.5339,34.0925,24.8339
dev02,325,59.7795,3.6939,27.8424,2.3415,33.8778,25.9017
dev02,326,58.5473,3.9493,27.8856,2.1924,34.0273,24.52
dev02,327,58.1486,3.8378,27.8527,2.2871,33.9776,24.171
dev02,328,57.5794,3.8282,27.849,2.3745,34.0517,23.5277
dev02,329,57.7667,3.6635,27.902,2.3204,33.8859,23.8808
dev02,330,57.876,3.6685,27.8996,2.2659,33.834,24.042
dev02,331,58.7996,3.7461,28.0519,2.284,34.082,24.7176
dev02,332,58.2887,3.9463,27.8416,2.3437,34.1316,24.1571
dev02,333,59.2364,4.4533,27.8425,2.3783,34.6741,24.5623
dev02,334,59.4385,4.0838,27.8448,3.0403,34.9689,24.4696
dev02,335,59.0487,3.9906,27.8551,2.5205,34.3662,24.6825
dev02,336,58.4471,3.834,27.8376,2.2572,33.9288,24.5183
dev02,337,61.3205,3.906,27.8413,2.3547,34.102,27.2185
dev02,338,58.7041,4.2212,27.8366,2.3002,34.358,24.3461
dev02,339,58.6038,3.7718,27.8796,2.3526,34.004,24.5998
dev02,340,59.2286,3.8514,27.907,2.3287,34.0871,25.1415
dev02,341,58.8032,3.7101,27.8395,2.2078,33.7574,25.0458
dev02,342,59.0888,3.8204,27.8423,2.4392,34.1019,24.9869
dev02,343,58.9415,4.009,27.839,2.3944,34.2424,24.6991
dev02,344,58.8714,3.9014,27.8322,2.7381,34.4717,24.3997
dev02,345,58.5879,3.7226,27.813,2.3428,33.8784,24.7095
dev02,346,58.5225,4.2038,27.8594,2.3607,34.4239,24.0986
dev02,347,58.7039,4.1997,27.819,2.2689,34.2876,24.4163
dev02,348,58.2294,3.874,27.8373,2.2347,33.946,24.2834
dev02,349,58.3544,3.9032,27.834,2.2863,34.0235,24.3309
dev02,350,59.0605,4.0564,27.8732,2.3199,34.2495,24.811
dev02,351,58.8509,3.7936,27.9939,2.155,33.9425,24.9084
dev02,352,57.3699,3.9213,27.8686,2.1507,33.9406,23.4293
dev02,353,57.9101,3.6741,27.8837,2.3002,33.858,24.0521
dev02,354,57.8007,3.7798,27.8359,2.3435,33.9592,23.8415
dev02,355,59.0198,4.1514,27.8617,2.2324,34.2455,24.7743
dev02,356,60.3187,4.0071,27.9459,2.2746,34.2276,26.0911
dev02,357,59.1514,3.8003,27.9239,2.2489,33.9731,25.1783
dev02,358,58.1112,3.7177,27.8744,2.3796,33.9717,24.1395
dev02,359,57.7729,3.7489,27.9175,2.1353,33.8017,23.9712
dev02,360,58.6219,3.947,27.9501,2.2769,34.174,24.4479
dev02,361,61.5174,3.6823,27.9849,2.6888,34.356,27.1614
dev02,362,59.2566,4.3923,27.9029,2.4503,34.7455,24.5111
dev02,363,59.6946,3.9754,27.8668,2.2501,34.0923,25.6023
dev02,364,58.7298,3.8784,27.9409,2.3008,34.1201,24.6097
dev02,365,59.9203,3.7314,27.9099,2.6473,34.2886,25.6317
dev02,366,60.8019,4.6775,27.8873,2.3862,34.951,25.8509
dev02,367,59.6944,4.0732,27.8881,2.6847,34.646,25.0484
dev02,368,58.6831,3.8856,27.9887,2.6605,34.5348,24.1483
dev02,369,58.4994,3.7784,27.8562,2.4059,34.0405,24.4589
dev02,370,57.6552,3.7216,27.9355,2.1283,33.7854,23.8698
dev02,371,58.501,3.7416,27.928,2.4741,34.1437,24.3573
dev02,372,59.3994,3.7419,27.8604,2.7654,34.3677,25.0317
dev02,373,57.9761,4.168,27.8801,2.2152,34.2633,23.7128
dev02,374,59.3695,3.9633,27.8906,2.4567,34.3106,25.0589
dev02,375,58.5995,3.8659,27.897,2.3658,34.1287,24.4708
dev02,376,59.0038,4.0877,27.9865,2.4967,34.5709,24.4329
dev02,377,59.091,4.1354,27.902,2.449,34.4864,24.6046
dev02,378,58.4883,3.8838,28.0146,2.4645,34.3629,24.1254
dev02,379,58.621,3.7603,27.8715,2.3561,33.9879,24.6331
dev02,380,58.8967,3.7984,27.9043,2.6912,34.3939,24.5028
dev02,381,59.3021,4.0718,27.9063,2.3503,34.3284,24.9737
dev02,382,60.7663,4.1836,27.8923,2.6853,34.7612,26.0051
dev02,383,57.134,3.928,27.8546,2.3179,34.1005,23.0335
dev02,384,58.824,3.6001,27.9085,2.5294,34.038,24.786
dev02,385,59.195,3.7712,27.8967,2.3148,33.9827,25.2123
dev02,386,57.7864,4.0939,27.9199,2.2394,34.2532,23.5332
dev02,387,59.7699,3.8663,27.8903,2.138,33.8946,25.8753
dev02,388,59.1758,3.9589,27.9492,2.4619,34.37,24.8058
dev02,389,59.6917,4.0429,27.883,2.5962,34.5221,25.1696
dev02,390,59.2544,4.099,27.884,2.3528,34.3358,24.9186
dev02,391,59.008,3.9678,27.8743,2.5362,34.3783,24.6297
dev02,392,58.2949,3.8487,27.8775,2.3762,34.1024,24.1925
dev02,393,58.1742,3.7405,27.8461,2.3632,33.9498,24.2244
dev02,394,59.4072,3.8768,27.8938,2.8487,34.6193,24.7879
dev02,395,58.7732,3.7616,27.8763,2.4535,34.0914,24.6818
dev02,396,57.8399,3.9028,27.8668,2.1394,33.909,23.9309
dev02,397,58.0566,3.9091,27.9341,2.166,34.0092,24.0474
dev02,398,58.5576,4.1222,27.8511,2.1989,34.1722,24.3854
dev02,399,58.7396,3.6653,27.9245,2.2488,33.8386,24.901
dev02,400,76.6676,3.8785,27.8524,2.288,34.0189,42.6487
dev02,401,74.6214,7.2769,28.1015,3.8473,39.2257,35.3957
dev02,402,76.1173,6.4058,28.0821,3.0233,37.5112,38.6061
dev02,403,73.7323,5.3259,28.0164,3.5958,36.9381,36.7942
dev02,404,68.9115,5.2628,27.9158,3.0762,36.2548,32.6567
dev02,405,65.1425,3.8593,27.9109,2.9779,34.7481,30.3944
dev02,406,68.4082,4.6992,27.871,3.3701,35.9403,32.4679
dev02,407,68.0832,5.2273,27.9488,2.3035,35.4796,32.6036
dev02,408,62.3641,4.3923,27.8912,2.8037,35.0872,27.2769
dev02,409,68.6233,4.141,28.0032,7.5837,39.7279,28.8954
dev02,410,67.1446,6.0893,28.3421,2.9955,37.4269,29.7177
dev02,411,61.9952,4.5343,28.2092,2.6552,35.3987,26.5965
dev02,412,58.7015,4.386,27.9121,2.3812,34.6793,24.0222
dev02,413,57.8596,3.8503,27.8752,2.2745,34.0,23.8596
dev02,414,60.7263,3.9712,27.893,2.3826,34.2468,26.4795
dev02,415,60.0608,4.1698,28.086,2.4787,34.7345,25.3263
dev02,416,60.204,3.9948,28.0054,2.2512,34.2514,25.9526
dev02,417,59.1207,3.9741,27.8705,2.2395,34.0841,25.0366
dev02,418,59.9336,4.0258,27.9286,2.5009,34.4553,25.4783
dev02,419,59.8338,4.3994,27.9011,2.2324,34.5329,25.3009
dev02,420,60.0521,3.9602,27.9678,2.9105,34.8385,25.2136
dev02,421,58.4503,4.0081,27.8934,2.5323,34.4338,24.0165
dev02,422,59.7387,3.9492,27.9277,2.9245,34.8014,24.9373
dev02,423,59.5632,3.7542,27.9432,2.274,33.9714,25.5918
dev02,424,59.8349,4.1332,27.9185,2.346,34.3977,25.4372
dev02,425,59.3186,4.0408,27.8596,3.0025,34.9029,24.4157
dev02,426,59.0435,3.8349,27.923,2.3047,34.0626,24.9809
dev02,427,59.1225,3.8442,27.8679,2.6073,34.3194,24.8031
dev02,428,58.6849,3.8463,27.8368,2.2984,33.9815,24.7034
dev02,429,62.3387,5.2265,27.8872,2.7595,35.8732,26.4655
dev02,430,60.6586,3.8766,27.9153,2.8536,34.6455,26.0131
dev02,431,59.5308,3.8881,27.9215,2.586,34.3956,25.1352
dev02,432,59.0287,4.0057,27.8913,2.4357,34.3327,24.696
dev02,433,59.1537,4.166,27.9563,2.4987,34.621,24.5327
dev02,434,58.2746,3.9741,27.8488,2.2723,34.0952,24.1794
dev02,435,60.6272,4.1001,27.9093,2.421,34.4304,26.1968
dev02,436,61.101,4.0576,28.0414,2.5549,34.6539,26.4471
dev02,437,62.1081,4.1461,27.939,2.4377,34.5228,27.5853
dev02,438,62.3075,4.2089,27.9616,2.8433,35.0138,27.2937
dev02,439,60.2877,4.4589,27.945,2.5107,34.9146,25.3731
dev02,440,62.0283,3.9776,27.9534,2.4744,34.4054,27.6229
dev02,441,65.4396,4.1125,27.9735,3.1574,35.2434,30.1962
dev02,442,59.0094,3.9539,27.9704,2.1724,34.0967,24.9127
dev02,443,63.2125,3.9113,27.9373,2.465,34.3136,28.8989
dev02,444,63.8776,5.2345,28.1929,2.3663,35.7937,28.0839
dev02,445,64.0117,5.4634,27.967,3.3619,36.7923,27.2194
dev02,446,60.425,4.583,28.0233,2.4163,35.0226,25.4024
dev02,447,59.8756,3.8101,27.8547,2.2835,33.9483,25.9273
dev02,448,59.4105,3.9931,27.8696,2.8632,34.7259,24.6846
dev02,449,58.5055,4.0119,27.8798,2.2948,34.1865,24.319
dev02,450,58.7181,4.1112,27.8797,2.3384,34.3293,24.3888
dev02,451,60.5382,4.0513,27.9052,2.6615,34.618,25.9202
dev02,452,60.1661,4.1594,27.956,2.5967,34.7121,25.454
dev02,453,60.6503,4.1275,27.9734,2.5186,34.6195,26.0308
dev02,454,59.6557,4.2996,27.8912,2.4168,34.6076,25.0481
dev02,455,59.438,4.1095,27.8905,2.3438,34.3438,25.0942
dev02,456,63.1322,4.1735,27.9868,2.629,34.7893,28.3429
dev02,457,62.1601,4.8897,27.9271,2.6056,35.4224,26.7377
dev02,458,60.6087,4.0997,27.9954,2.3199,34.415,26.1937
dev02,459,60.9332,4.5143,27.9214,2.2896,34.7253,26.2079
dev02,460,61.1901,4.0694,27.8732,2.4842,34.4268,26.7633
dev02,461,59.3999,3.9184,27.8469,2.342,34.1073,25.2926
dev02,462,59.4474,3.8345,27.8496,2.3127,33.9968,25.4506
dev02,463,58.2661,3.8368,27.8561,2.289,33.9819,24.2842
dev02,464,59.8308,4.4404,27.8624,2.5426,34.8454,24.9854
dev02,465,59.2236,3.84,27.9053,2.2037,33.949,25.2746
dev02,466,59.1325,4.1515,27.892,2.5057,34.5492,24.5833
dev02,467,58.6834,3.8574,27.8499,2.4029,34.1102,24.5732
dev02,468,58.1678,3.8697,27.9442,2.3114,34.1253,24.0425
dev02,469,59.5595,3.6938,27.8661,2.589,34.1489,25.4106
dev02,470,59.0735,3.8399,27.9436,2.1781,33.9616,25.1119
dev02,471,58.3428,3.8479,27.8759,2.2712,33.995,24.3478
dev02,472,59.6399,3.8487,27.964,2.5625,34.3752,25.2647
dev02,473,58.1838,4.1932,27.8967,2.3885,34.4784,23.7054
dev02,474,58.1133,3.8027,27.8504,2.3637,34.0168,24.0965
dev02,475,57.9137,3.909,27.858,2.3189,34.0859,23.8278
dev02,476,58.8117,4.0377,27.8791,2.3585,34.2753,24.5364
dev02,477,59.6614,3.9236,27.8692,2.368,34.1608,25.5006
dev02,478,58.994,3.8849,27.8991,2.4449,34.2289,24.7651
dev02,479,58.267,3.9127,27.9462,2.273,34.1319,24.1351
dev02,480,58.8794,3.7425,27.9402,2.4108,34.0935,24.7859
dev02,481,58.1519,3.9391,27.8854,2.3045,34.129,24.0229
dev02,482,58.7074,3.8406,27.9524,2.2871,34.0801,24.6273
dev02,483,60.8602,4.2111,27.9231,2.4786,34.6128,26.2474
dev02,484,62.61,4.228,27.9134,2.4535,34.5949,28.0151
dev02,485,61.6611,4.4271,27.9774,2.6642,35.0687,26.5924
dev02,486,65.316,4.3472,28.1263,3.2789,35.7524,29.5636
dev02,487,68.0689,5.1162,27.9476,3.8824,36.9462,31.1227
dev02,488,62.5987,4.748,27.9786,2.9457,35.6723,26.9264
dev02,489,64.1914,4.3627,27.9131,3.3412,35.617,28.5744
dev02,490,59.2083,4.0815,27.8618,2.4449,34.3882,24.8201
dev02,491,60.2487,4.1241,27.8877,2.5618,34.5736,25.6751
dev02,492,59.5619,4.2986,27.8838,2.6006,34.783,24.7789
dev02,493,64.7949,3.8643,27.9697,2.8983,34.7323,30.0626
dev02,494,67.6144,5.4091,28.0836,3.6204,37.1131,30.5013
dev02,495,66.7229,5.2339,27.926,2.914,36.0739,30.649
dev02,496,64.019,5.0282,27.9562,2.9613,35.9457,28.0733
dev02,497,58.1866,3.8221,27.9206,2.2324,33.9751,24.2115
dev02,498,58.7035,3.8666,27.8874,2.6052,34.3592,24.3443
dev02,499,59.9301,3.9398,27.9391,3.4283,35.3072,24.6229
dev02,500,61.2073,4.0773,27.8844,3.8084,35.7701,25.4372
dev02,501,61.3166,3.7606,27.8995,2.5853,34.2454,27.0712
dev02,502,62.4655,4.1382,27.8797,3.7895,35.8074,26.6581
dev02,503,63.8,3.9405,28.0133,4.9616,36.9154,26.8846
dev02,504,61.8059,4.6156,27.8671,2.4766,34.9593,26.8466
dev02,505,58.9008,4.0887,27.9714,2.5626,34.6227,24.2781
dev02,506,58.9265,3.8,27.9591,2.7722,34.5313,24.3952
dev02,507,59.9026,3.9426,27.9008,3.5277,35.3711,24.5315
dev02,508,59.4327,4.1447,27.902,2.6206,34.6673,24.7654
dev02,509,60.0194,3.7022,27.9536,3.9323,35.5881,24.4313
dev02,510,63.7567,3.8163,27.9089,3.6432,35.3684,28.3883
dev02,511,65.9936,4.2564,27.9605,4.5935,36.8104,29.1832
dev02,512,62.1381,4.7687,27.9581,2.814,35.5408,26.5973
dev02,513,62.5603,4.481,27.8782,4.3295,36.6887,25.8716
dev02,514,59.3067,3.9385,27.9751,2.7312,34.6448,24.6619
dev02,515,58.2088,3.7741,27.9272,2.4874,34.1887,24.0201
dev02,516,59.4798,3.6512,27.8957,3.1234,34.6703,24.8095
dev02,517,64.4803,3.8872,27.9278,3.6253,35.4403,29.04
dev02,518,62.001,4.0623,27.8928,3.1507,35.1058,26.8952
dev02,519,62.2679,3.9637,27.9292,3.7666,35.6595,26.6084
dev02,520,62.2966,4.1968,28.3193,2.2974,34.8135,27.4831
dev02,521,59.3639,4.1012,27.8675,2.6,34.5687,24.7952
dev02,522,58.6113,3.8746,27.9474,2.7608,34.5828,24.0285
dev02,523,60.5317,3.8213,27.9036,2.6446,34.3695,26.1622
dev02,524,59.8204,3.9852,27.938,2.237,34.1602,25.6602
dev02,525,60.278,3.8372,27.8468,2.1986,33.8826,26.3954
dev02,526,60.5163,3.9409,27.9874,2.4814,34.4097,26.1066
dev02,527,60.7497,3.9506,27.8837,3.6028,35.4371,25.3126
dev02,528,59.2111,3.911,27.9431,2.4246,34.2787,24.9324
dev02,529,60.4258,4.4104,27.914,3.405,35.7294,24.6964
dev02,530,58.6133,3.7031,27.8789,2.8926,34.4746,24.1387
dev02,531,60.2576,3.6738,27.8644,2.3836,33.9218,26.3358
dev02,532,60.1522,4.189,27.9075,2.3279,34.4244,25.7278
dev02,533,58.6043,3.7103,27.8776,2.2634,33.8513,24.753
dev02,534,57.7775,4.0411,27.9081,2.5356,34.4848,23.2927
dev02,535,58.5053,3.68,27.8353,2.1545,33.6698,24.8355
dev02,536,58.7995,3.9256,27.9042,2.2851,34.1149,24.6846
dev02,537,59.297,3.5929,27.8911,3.2248,34.7088,24.5882
dev02,538,59.6149,3.7879,27.8837,3.9891,35.6607,23.9542
dev02,539,59.1391,3.9477,27.8995,2.2653,34.1125,25.0266
dev03,0,70.8428,4.1245,27.8948,1.087,33.1063,37.7365
dev03,1,53.4797,3.8568,27.8435,1.0766,32.7769,20.7028
dev03,2,56.0657,3.751,27.9068,2.2768,33.9346,22.1311
dev03,3,58.1581,4.0185,27.9404,2.5965,34.5554,23.6027
dev03,4,53.5936,3.8754,27.8481,0.7138,32.4373,21.1563
dev03,5,55.6608,4.0062,27.9204,1.3214,33.248,22.4128
dev03,6,57.3298,4.5122,27.8853,2.4264,34.8239,22.5059
dev03,7,56.8351,4.048,27.8595,3.2057,35.1132,21.7219
dev03,8,55.8324,3.7591,27.9434,3.7801,35.4826,20.3498
dev03,9,53.1222,3.8655,27.8843,2.4995,34.2493,18.8729
dev03,10,53.784,4.0307,27.9507,3.1946,35.176,18.608
dev03,11,56.7904,3.9713,27.9524,4.2733,36.197,20.5934
dev03,12,55.0548,3.9646,27.9317,2.4153,34.3116,20.7432
dev03,13,54.1158,3.6769,27.8944,2.2455,33.8168,20.299
dev03,14,51.2862,3.7258,27.8999,0.9383,32.564,18.7222
dev03,15,59.8441,4.4476,27.9337,3.0375,35.4188,24.4253
dev03,16,59.0293,4.349,27.9431,3.6557,35.9478,23.0815
dev03,17,57.3532,4.0954,27.8779,3.7376,35.7109,21.6423
dev03,18,55.5716,3.9104,27.8672,2.5557,34.3333,21.2383
dev03,19,53.5503,3.7561,27.8525,2.2857,33.8943,19.656
dev03,20,56.1777,3.9257,27.922,4.0653,35.913,20.2647
dev03,21,56.3064,4.1319,27.9156,4.1523,36.1998,20.1066
dev03,22,55.0085,4.1662,27.8836,1.3717,33.4215,21.587
dev03,23,58.9115,4.0295,27.9264,3.8951,35.851,23.0605
dev03,24,56.6659,4.3981,28.2116,3.9418,36.5515,20.1144
dev03,25,51.599,3.9584,27.8383,0.7266,32.5233,19.0757
dev03,26,57.1239,4.2793,27.9658,4.611,36.8561,20.2678
dev03,27,55.8038,4.1087,27.89,3.7236,35.7223,20.0815
dev03,28,55.4153,4.0942,27.8712,3.6126,35.578,19.8373
dev03,29,54.3595,3.9091,27.8561,2.203,33.9682,20.3913
dev03,30,55.8662,4.2713,27.924,2.7565,34.9518,20.9144
dev03,31,55.1513,4.1528,27.9038,3.3105,35.3671,19.7842
dev03,32,58.0572,4.0513,27.9679,2.5283,34.5475,23.5097
dev03,33,53.666,4.4812,27.9141,1.2064,33.6017,20.0643
dev03,34,56.1655,3.8771,27.863,3.9095,35.6496,20.5159
dev03,35,51.929,3.7271,27.8655,1.1004,32.693,19.236
dev03,36,51.8224,3.9768,27.8408,0.7585,32.5761,19.2463
dev03,37,57.6469,3.9766,27.9648,4.1401,36.0815,21.5654
dev03,38,57.6181,3.732,27.8877,3.4973,35.117,22.5011
dev03,39,56.6572,3.7714,27.8866,3.9784,35.6364,21.0208
dev03,40,57.2935,4.2375,27.9127,3.9684,36.1186,21.1749
dev03,41,56.764,4.2,27.9125,3.9424,36.0549,20.7091
dev03,42,51.8187,3.7675,27.883,0.7312,32.3817,19.437
dev03,43,52.4343,4.5481,27.9189,1.1734,33.6404,18.7939
dev03,44,57.3559,4.2313,27.9551,4.1203,36.3067,21.0492
dev03,45,56.4739,3.9824,27.9616,3.2283,35.1723,21.3016
dev03,46,54.7902,4.1855,27.8714,2.5015,34.5584,20.2318
dev03,47,55.2809,4.0052,27.8804,3.0889,34.9745,20.3064
dev03,48,51.7733,3.7595,27.8672,1.1278,32.7545,19.0188
dev03,49,52.5216,4.6074,28.0173,1.3967,34.0214,18.5002
dev03,50,52.3503,4.2733,27.9199,1.2315,33.4247,18.9256
dev03,51,52.107,4.214,27.8922,0.8283,32.9345,19.1725
dev03,52,52.7704,4.049,27.8931,0.7734,32.7155,20.0549
dev03,53,53.2228,4.162,27.924,0.9775,33.0635,20.1593
dev03,54,57.787,4.1556,27.9144,4.1106,36.1806,21.6064
dev03,55,54.4263,4.1684,27.9901,1.0939,33.2524,21.1739
dev03,56,54.4399,4.215,27.9067,1.2932,33.4149,21.025
dev03,57,53.7688,4.0719,27.8591,1.1822,33.1132,20.6556
dev03,58,52.608,4.1012,27.8928,1.2085,33.2025,19.4055
dev03,59,56.3387,4.1053,27.9425,2.5274,34.5752,21.7635
dev03,60,55.9712,3.9584,27.9199,3.2994,35.1777,20.7935
dev03,61,53.8537,3.9673,27.9246,1.4991,33.391,20.4627
dev03,62,57.1719,3.8807,27.8972,2.7288,34.5067,22.6652
dev03,63,55.0483,5.015,27.9726,1.345,34.3326,20.7157
dev03,64,60.2989,4.4756,28.024,1.0775,33.5771,26.7218
dev03,65,61.2162,4.6564,28.0215,2.8948,35.5727,25.6435
dev03,66,55.6277,5.0348,27.9009,0.9567,33.8924,21.7353
dev03,67,52.7763,4.0931,27.9063,1.2051,33.2045,19.5718
dev03,68,56.3148,3.9193,27.8811,2.736,34.5364,21.7784
dev03,69,56.123,3.9339,27.8896,2.5542,34.3777,21.7453
dev03,70,52.1442,4.079,27.9115,0.8112,32.8017,19.3425
dev03,71,57.745,3.9793,27.8855,1.1797,33.0445,24.7005
dev03,72,58.6153,4.1387,27.9971,2.6629,34.7987,23.8166
dev03,73,55.9484,4.098,27.8898,2.639,34.6268,21.3216
dev03,74,54.3161,4.3487,27.9117,1.1736,33.434,20.8821
dev03,75,54.3848,4.0961,27.9126,0.9787,32.9874,21.3974
dev03,76,53.9529,4.1181,28.0207,1.3108,33.4496,20.5033
dev03,77,55.2289,4.3139,27.9313,0.9642,33.2094,22.0195
dev03,78,54.6457,4.3378,27.8805,1.0123,33.2306,21.4151
dev03,79,56.9317,4.0281,27.8776,2.37,34.2757,22.656
dev03,80,53.787,3.7911,27.8621,1.1849,32.8381,20.9489
dev03,81,58.6558,4.0778,27.8783,1.2952,33.2513,25.4045
dev03,82,55.498,3.9597,27.8893,1.2848,33.1338,22.3642
dev03,83,55.5977,4.0966,27.8596,1.2261,33.1823,22.4154
dev03,84,54.5048,4.0296,27.918,1.2634,33.211,21.2938
dev03,85,55.2024,4.0043,27.923,1.3546,33.2819,21.9205
dev03,86,54.9128,4.0774,27.8664,0.8067,32.7505,22.1623
dev03,87,55.4451,4.0426,27.8696,1.253,33.1652,22.2799
dev03,88,53.1703,3.9846,27.8785,1.0591,32.9222,20.2481
dev03,89,53.904,4.0157,27.8845,0.8569,32.7571,21.1469
dev03,90,53.6867,3.8923,27.9041,1.1546,32.951,20.7357
dev03,91,54.1944,4.0294,27.8988,1.1462,33.0744,21.12
dev03,92,56.8396,4.119,27.9034,0.8172,32.8396,24.0
dev03,93,55.4642,4.262,27.8969,0.9138,33.0727,22.3915
dev03,94,56.7066,3.7314,27.8876,1.3899,33.0089,23.6977
dev03,95,53.1768,3.8538,27.8762,0.6764,32.4064,20.7704
dev03,96,55.0857,3.8756,27.9057,0.7312,32.5125,22.5732
dev03,97,58.0361,4.1851,28.1018,1.3696,33.6565,24.3796
dev03,98,59.6058,4.3526,28.0055,1.4491,33.8072,25.7986
dev03,99,54.8726,3.9313,27.9264,0.8439,32.7016,22.171
dev03,100,57.6317,3.7779,27.9035,0.8963,32.5777,25.054
dev03,101,55.5091,3.9103,27.8919,1.2077,33.0099,22.4992
dev03,102,55.2829,4.0925,27.9084,1.2508,33.2517,22.0312
dev03,103,58.275,3.8493,27.9093,1.0662,32.8248,25.4502
dev03,104,56.4849,3.8606,27.8863,1.0986,32.8455,23.6394
dev03,105,56.7264,3.9186,27.8923,1.1409,32.9518,23.7746
dev03,106,55.3419,4.0031,27.922,0.7377,32.6628,22.6791
dev03,107,60.9499,6.0371,27.9608,0.9328,34.9307,26.0192
dev03,108,55.5438,4.2692,27.973,0.9216,33.1638,22.38
dev03,109,53.5741,4.1994,27.8962,0.8535,32.9491,20.625
dev03,110,59.797,4.3477,27.9167,1.1642,33.4286,26.3684
dev03,111,60.8608,5.4891,28.0645,1.0597,34.6133,26.2475
dev03,112,66.3651,5.2788,27.9776,1.7086,34.965,31.4001
dev03,113,69.7845,5.432,27.992,1.0437,34.4677,35.3168
dev03,114,68.3501,5.3344,27.8785,1.2143,34.4272,33.9229
dev03,115,66.1275,5.4451,28.0568,1.152,34.6539,31.4736
dev03,116,69.4111,5.378,28.0133,2.3529,35.7442,33.6669
dev03,117,88.7886,5.8284,28.2994,2.3774,36.5052,52.2834
dev03,118,67.8966,8.255,28.3414,1.4299,38.0263,29.8703
dev03,119,59.6434,4.4952,27.9083,1.496,33.8995,25.7439
dev03,120,69.8148,4.6882,27.8737,1.1461,33.708,36.1068
dev03,121,70.0286,4.9175,27.8836,0.9882,33.7893,36.2393
dev03,122,69.8077,5.8877,27.9291,0.9676,34.7844,35.0233
dev03,123,69.2912,4.7865,27.9194,1.0956,33.8015,35.4897
dev03,124,69.9607,5.4895,28.1999,1.6778,35.3672,34.5935
dev03,125,68.2796,6.0561,28.0152,2.0527,36.124,32.1556
dev03,126,65.9218,5.6822,28.1735,1.1628,35.0185,30.9033
dev03,127,65.0358,4.7986,27.9844,0.9052,33.6882,31.3476
dev03,128,68.5916,4.4482,27.8847,0.999,33.3319,35.2597
dev03,129,73.6711,5.3789,27.9195,3.372,36.6704,37.0007
dev03,130,85.7545,5.6578,28.0841,0.9997,34.7416,51.0129
dev03,131,75.5662,5.8898,27.9207,1.4302,35.2407,40.3255
dev03,132,75.0694,4.8934,27.9654,2.6206,35.4794,39.59
dev03,133,66.7377,5.0138,27.899,0.9488,33.8616,32.8761
dev03,134,72.0151,5.181,27.9508,4.9838,38.1156,33.8995
dev03,135,73.1866,4.7679,28.04,1.504,34.3119,38.8747
dev03,136,74.612,5.8434,28.3378,1.5726,35.7538,38.8582
dev03,137,69.7354,6.3835,28.1992,1.1815,35.7642,33.9712
dev03,138,69.1418,5.1266,27.867,1.0512,34.0448,35.097
dev03,139,69.3039,4.9954,27.9104,1.029,33.9348,35.3691
dev03,140,70.5984,4.5788,28.0006,4.2566,36.836,33.7624
dev03,141,65.6161,4.6591,27.8852,0.9708,33.5151,32.101
dev03,142,67.615,4.7527,27.8956,1.5621,34.2104,33.4046
dev03,143,71.24,5.0614,27.9287,1.0693,34.0594,37.1806
dev03,144,69.3305,5.3365,27.9163,1.4426,34.6954,34.6351
dev03,145,76.2601,4.9141,27.9437,1.5422,34.4,41.8601
dev03,146,70.823,4.6534,27.8711,1.1325,33.657,37.166
dev03,147,79.4407,4.8823,27.8785,1.0299,33.7907,45.65
dev03,148,76.4818,5.3472,28.0425,1.562,34.9517,41.5301
dev03,149,80.8561,4.5068,27.9378,1.1053,33.5499,47.3062
dev03,150,76.3092,4.9501,27.8932,2.7794,35.6227,40.6865
dev03,151,86.4483,3.9857,28.1526,3.0738,35.2121,51.2362
dev03,152,76.1317,4.3128,27.9124,2.9153,35.1405,40.9912
dev03,153,84.3055,4.6381,27.9532,3.0167,35.608,48.6975
dev03,154,78.4281,4.6026,28.0328,1.2237,33.8591,44.569
dev03,155,73.8912,4.9029,27.9788,1.1546,34.0363,39.8549
dev03,156,70.4053,4.6989,27.9094,0.9412,33.5495,36.8558
dev03,157,73.7956,4.965,27.9132,1.0111,33.8893,39.9063
dev03,158,66.1013,5.2804,28.0016,1.4717,34.7537,31.3476
dev03,159,65.5205,4.6671,27.9003,4.9006,37.468,28.0525
dev03,160,64.3126,4.5665,27.9189,5.076,37.5614,26.7512
dev03,161,62.914,4.642,27.9875,4.4318,37.0613,25.8527
dev03,162,66.4121,4.6588,27.9447,0.8449,33.4484,32.9637
dev03,163,60.9341,4.6036,27.8675,1.0098,33.4809,27.4532
dev03,164,62.8709,4.9523,27.8638,1.0029,33.819,29.0519
dev03,165,60.3503,4.7651,27.9481,0.8345,33.5477,26.8026
dev03,166,65.187,5.213,27.9386,5.1007,38.2523,26.9347
dev03,167,60.8708,4.3675,27.931,1.0172,33.3157,27.5551
dev03,168,58.109,5.1301,27.9126,1.0867,34.1294,23.9796
dev03,169,68.8833,5.1772,27.9254,1.0697,34.1723,34.711
dev03,170,70.0694,5.5331,27.9495,1.0134,34.496,35.5734
dev03,171,61.8615,5.1378,27.9175,0.9899,34.0452,27.8163
dev03,172,58.8343,4.6747,27.8578,1.047,33.5795,25.2548
dev03,173,63.9649,4.6853,27.9112,1.0827,33.6792,30.2857
dev03,174,64.2419,5.6961,27.9146,1.1487,34.7594,29.4825
dev03,175,60.582,4.7895,27.9569,1.3888,34.1352,26.4468
dev03,176,64.6868,5.2335,27.9571,1.0768,34.2674,30.4194
dev03,177,59.8471,5.5866,28.0462,0.981,34.6138,25.2333
dev03,178,68.8233,6.2821,28.0486,3.4731,37.8038,31.0195
dev03,179,75.2014,5.1069,28.004,2.4107,35.5216,39.6798
dev03,180,69.2193,5.5383,28.0349,1.1409,34.7141,34.5052
dev03,181,62.1328,5.2696,27.9083,1.0743,34.2522,27.8806
dev03,182,61.315,4.1536,27.9604,3.8356,35.9496,25.3654
dev03,183,58.654,4.5406,27.8498,0.9972,33.3876,25.2664
dev03,184,63.7665,4.4882,27.949,1.2084,33.6456,30.1209
dev03,185,63.039,5.5162,27.9392,3.1026,36.558,26.481
dev03,186,63.5257,4.5938,27.9838,5.0443,37.6219,25.9038
dev03,187,58.5386,4.6818,27.9345,1.0615,33.6778,24.8608
dev03,188,60.3744,4.7032,27.8866,1.0387,33.6285,26.7459
dev03,189,59.9591,4.2778,27.8813,1.0808,33.2399,26.7192
dev03,190,60.7118,5.3037,27.9553,1.2164,34.4754,26.2364
dev03,191,67.2615,5.1985,27.929,1.1386,34.2661,32.9954
dev03,192,63.4103,5.3803,27.9326,1.0537,34.3666,29.0437
dev03,193,63.6754,4.6821,28.0176,1.2568,33.9565,29.7189
dev03,194,66.7003,5.4471,27.9605,2.8131,36.2207,30.4796
dev03,195,64.5836,4.476,27.8538,3.837,36.1668,28.4168
dev03,196,69.2606,5.0298,27.9537,3.7218,36.7053,32.5553
dev03,197,64.6709,5.503,28.044,1.1111,34.6581,30.0128
dev03,198,61.2712,5.1998,27.9791,1.0897,34.2686,27.0026
dev03,199,62.9597,4.4211,27.9148,2.5898,34.9257,28.034
dev03,200,59.4418,4.8671,27.908,1.0392,33.8143,25.6275
dev03,201,61.0452,5.0927,27.9267,1.3115,34.3309,26.7143
dev03,202,65.187,4.1828,27.9256,1.2833,33.3917,31.7953
dev03,203,68.3422,5.7991,27.9118,4.0772,37.7881,30.5541
dev03,204,67.4347,5.2457,27.9838,2.9939,36.2234,31.2113
dev03,205,63.1551,5.4303,27.8752,3.0671,36.3726,26.7825
dev03,206,63.7036,5.2244,27.9745,2.6834,35.8823,27.8213
dev03,207,60.0705,5.04,28.1314,2.4029,35.5743,24.4962
dev03,208,57.7644,5.4096,27.9545,3.9437,37.3078,20.4566
dev03,209,58.8023,4.3585,27.9299,3.0028,35.2912,23.5111
dev03,210,56.5607,5.0534,27.9967,3.0367,36.0868,20.4739
dev03,211,60.8229,4.4939,27.8719,1.0244,33.3902,27.4327
dev03,212,64.8954,4.9045,27.8642,1.0053,33.774,31.1214
dev03,213,57.0603,4.9698,27.9354,1.1962,34.1014,22.9589
dev03,214,66.2188,4.5476,27.9656,3.9026,36.4158,29.803
dev03,215,65.225,4.9338,27.9243,2.784,35.6421,29.5829
dev03,216,66.2126,5.1125,28.0485,3.671,36.832,29.3806
dev03,217,65.2334,5.5165,27.9448,3.7387,37.2,28.0334
dev03,218,65.7891,5.4434,27.9533,3.7905,37.1872,28.6019
dev03,219,66.8023,5.1209,27.9812,3.7791,36.8812,29.9211
dev03,220,61.2722,5.1521,27.9508,1.081,34.1839,27.0883
dev03,221,61.5407,4.5316,27.9181,3.3818,35.8315,25.7092
dev03,222,71.6772,5.2218,28.0691,6.1471,39.438,32.2392
dev03,223,62.5085,6.0755,28.0302,3.2622,37.3679,25.1406
dev03,224,59.6289,4.2288,27.8824,2.7884,34.8996,24.7293
dev03,225,58.8426,4.3508,27.9221,4.1135,36.3864,22.4562
dev03,226,62.4341,3.9223,27.9668,4.2518,36.1409,26.2932
dev03,227,62.2016,5.4032,28.1191,3.1921,36.7144,25.4872
dev03,228,70.1807,4.2292,27.9219,3.0559,35.207,34.9737
dev03,229,68.4976,5.3899,27.9319,3.1765,36.4983,31.9993
dev03,230,59.999,4.4838,27.9364,3.3757,35.7959,24.2031
dev03,231,61.0693,4.0978,27.9088,3.4425,35.4491,25.6202
dev03,232,63.224,4.8686,27.8507,4.4815,37.2008,26.0232
dev03,233,65.5085,4.3483,27.9065,2.7574,35.0122,30.4963
dev03,234,66.8398,4.7045,27.8764,3.5045,36.0854,30.7544
dev03,235,62.7254,5.4767,27.8588,3.0287,36.3642,26.3612
dev03,236,68.5938,4.0859,27.9732,3.2896,35.3487,33.2451
dev03,237,66.9854,5.5239,27.9708,3.0087,36.5034,30.482
dev03,238,63.7684,4.2442,27.9028,3.1737,35.3207,28.4477
dev03,239,68.9558,5.1212,27.988,5.615,38.7242,30.2316
dev03,240,69.5609,5.2407,28.0078,4.579,37.8275,31.7334
dev03,241,61.6293,5.1471,28.0391,2.5927,35.7789,25.8504
dev03,242,65.8248,4.5612,27.9134,4.4769,36.9515,28.8733
dev03,243,65.7789,4.5778,27.9068,3.9744,36.459,29.3199
dev03,244,62.2968,5.179,27.9374,3.308,36.4244,25.8724
dev03,245,61.3077,4.01,27.943,4.6047,36.5577,24.75
dev03,246,62.3938,4.5417,27.9004,3.2312,35.6733,26.7205
dev03,247,62.2422,4.9887,27.9705,3.8475,36.8067,25.4355
dev03,248,63.4401,5.1195,27.9487,3.1611,36.2293,27.2108
dev03,249,73.4006,5.1119,28.1268,3.5481,36.7868,36.6138
dev03,250,69.1403,4.3395,32.3458,4.6078,41.2931,27.8472
dev03,251,62.3477,5.471,27.8998,3.1265,36.4973,25.8504
dev03,252,57.9122,3.9857,27.8604,3.0955,34.9416,22.9706
dev03,253,58.0162,4.1104,27.8702,3.0576,35.0382,22.978
dev03,254,57.9888,3.892,27.8821,3.4132,35.1873,22.8015
dev03,255,56.0413,4.4163,27.9083,3.1155,35.4401,20.6012
dev03,256,56.5384,3.9158,27.8685,3.539,35.3233,21.2151
dev03,257,56.0167,3.7959,27.9599,3.667,35.4228,20.5939
dev03,258,57.614,4.0419,27.9525,3.7851,35.7795,21.8345
dev03,259,58.2588,4.2343,27.9151,4.6582,36.8076,21.4512
dev03,260,62.2481,3.9784,27.9581,3.4637,35.4002,26.8479
dev03,261,63.2018,4.3807,27.9084,4.2236,36.5127,26.6891
dev03,262,58.6257,3.972,27.9077,3.585,35.4647,23.161
dev03,263,59.5207,3.8775,27.8832,4.5093,36.27,23.2507
dev03,264,57.6524,4.0092,27.9441,2.903,34.8563,22.7961
dev03,265,61.2909,4.1571,27.9131,3.4856,35.5558,25.7351
dev03,266,56.5933,4.0252,27.8774,3.5325,35.4351,21.1582
dev03,267,60.2609,3.8196,27.8735,3.2061,34.8992,25.3617
dev03,268,60.1281,3.9734,27.9276,4.1887,36.0897,24.0384
dev03,269,60.2848,4.3313,27.9291,3.0722,35.3326,24.9522
dev03,270,60.5218,5.1584,28.1237,3.6291,36.9112,23.6106
dev03,271,58.0909,4.1991,27.9176,3.349,35.4657,22.6252
dev03,272,58.3042,3.875,27.9347,4.0853,35.895,22.4092
dev03,273,56.4367,3.777,27.8863,3.0536,34.7169,21.7198
dev03,274,58.786,3.6973,28.0657,3.9097,35.6727,23.1133
dev03,275,58.2396,3.863,27.8933,3.66,35.4163,22.8233
dev03,276,57.4565,3.8867,27.9088,2.8086,34.6041,22.8524
dev03,277,64.1531,4.0852,28.1007,3.8199,36.0058,28.1473
dev03,278,64.9464,3.889,28.0631,4.173,36.1251,28.8213
dev03,279,59.6894,3.8319,27.9578,2.8269,34.6166,25.0728
dev03,280,58.1838,3.8827,27.9309,2.5815,34.3951,23.7887
dev03,281,60.9781,3.7383,27.9036,3.7846,35.4265,25.5516
dev03,282,60.1793,3.7692,27.9838,4.079,35.832,24.3473
dev03,283,58.8848,3.7944,27.8991,3.9051,35.5986,23.2862
dev03,284,60.6068,3.6829,27.8801,3.3138,34.8768,25.73
dev03,285,58.4616,3.8289,27.9011,3.4892,35.2192,23.2424
dev03,286,59.2796,4.0696,27.8624,3.8041,35.7361,23.5435
dev03,287,59.1561,4.239,27.8892,2.9293,35.0575,24.0986
dev03,288,60.1992,4.0377,27.9019,2.8858,34.8254,25.3738
dev03,289,59.7744,3.9323,27.9605,3.2744,35.1672,24.6072
dev03,290,59.3759,4.6137,27.925,3.1808,35.7195,23.6564
dev03,291,60.2924,4.4033,27.8918,3.7341,36.0292,24.2632
dev03,292,57.9366,4.1315,27.9442,2.7483,34.824,23.1126
dev03,293,58.3697,4.3278,27.8505,2.3642,34.5425,23.8272
dev03,294,58.9887,3.7976,27.8483,3.123,34.7689,24.2198
dev03,295,60.1785,4.0226,27.9709,3.9466,35.9401,24.2384
dev03,296,59.6579,3.9551,27.9705,3.8259,35.7515,23.9064
dev03,297,58.8125,4.042,28.0468,3.824,35.9128,22.8997
dev03,298,60.3031,4.1734,27.9143,3.2301,35.3178,24.9853
dev03,299,60.804,3.9277,27.9271,3.4259,35.2807,25.5233
dev03,300,62.7444,4.2857,27.8823,3.1501,35.3181,27.4263
dev03,301,59.4205,3.6869,27.8893,2.5246,34.1008,25.3197
dev03,302,57.5669,3.924,27.8448,2.9079,34.6767,22.8902
dev03,303,58.4278,4.069,27.9859,2.9913,35.0462,23.3816
dev03,304,59.962,5.382,28.0633,3.7342,37.1795,22.7825
dev03,305,58.6934,4.0776,27.9391,3.8902,35.9069,22.7865
dev03,306,57.6625,3.8424,27.8857,2.8471,34.5752,23.0873
dev03,307,57.5124,3.7936,27.9089,2.9872,34.6897,22.8227
dev03,308,64.5197,3.8947,27.9852,4.8246,36.7045,27.8152
dev03,309,65.9311,4.2226,27.8799,5.8433,37.9458,27.9853
dev03,310,59.3016,4.0356,27.848,2.3487,34.2323,25.0693
dev03,311,59.4298,3.9861,27.9113,2.4945,34.3919,25.0379
dev03,312,59.1836,3.9314,27.8776,2.8211,34.6301,24.5535
dev03,313,58.5208,3.7655,27.8737,3.2341,34.8733,23.6475
dev03,314,59.9266,4.0609,27.9241,3.3829,35.3679,24.5587
dev03,315,58.0691,4.0375,27.9104,3.5863,35.5342,22.5349
dev03,316,56.8059,4.1268,27.9015,2.2026,34.2309,22.575
dev03,317,59.6908,3.9112,27.8911,2.5363,34.3386,25.3522
dev03,318,58.1036,3.9287,28.0055,2.8351,34.7693,23.3343
dev03,319,58.7126,4.0936,27.8994,2.582,34.575,24.1376
dev03,320,59.542,4.0769,27.8844,3.1423,35.1036,24.4384
dev03,321,59.5974,4.0046,27.8741,3.1204,34.9991,24.5983
dev03,322,60.0357,3.9953,27.9361,2.4103,34.3417,25.694
dev03,323,60.0149,4.5052,27.9834,2.6737,35.1623,24.8526
dev03,324,59.3336,3.9713,27.8721,3.1398,34.9832,24.3504
dev03,325,59.9405,4.1319,27.9495,3.7294,35.8108,24.1297
dev03,326,69.3599,3.8879,27.8677,2.8319,34.5875,34.7724
dev03,327,61.7596,4.3559,27.9247,2.1903,34.4709,27.2887
dev03,328,59.4109,4.0973,27.8822,2.7826,34.7621,24.6488
dev03,329,58.0252,3.8347,27.8996,2.3629,34.0972,23.928
dev03,330,58.5898,3.9264,27.8972,2.6835,34.5071,24.0827
dev03,331,60.2172,3.7344,27.9918,4.112,35.8382,24.379
dev03,332,58.3402,3.9387,27.9114,3.0436,34.8937,23.4465
dev03,333,60.4028,3.964,27.8738,3.8027,35.6405,24.7623
dev03,334,55.7053,3.9133,27.9153,1.1465,32.9751,22.7302
dev03,335,54.7632,3.8986,27.8491,0.935,32.6827,22.0805
dev03,336,59.7751,3.9246,28.0033,3.6092,35.5371,24.238
dev03,337,57.5044,4.1553,27.9115,0.7549,32.8217,24.6827
dev03,338,59.0888,4.3181,27.8672,2.6056,34.7909,24.2979
dev03,339,55.4369,3.9123,27.9098,1.2714,33.0935,22.3434
dev03,340,54.5311,3.7836,27.8965,1.1786,32.8587,21.6724
dev03,341,58.3539,3.8175,27.8753,3.9355,35.6283,22.7256
dev03,342,56.0269,3.9886,27.9153,1.0814,32.9853,23.0416
dev03,343,55.7948,4.0539,27.9012,1.0989,33.054,22.7408
dev03,344,54.8647,4.0163,27.9455,1.1577,33.1195,21.7452
dev03,345,54.558,4.048,27.8614,1.171,33.0804,21.4776
dev03,346,56.3302,4.7093,27.895,1.2985,33.9028,22.4274
dev03,347,55.0592,4.0502,27.8994,1.4737,33.4233,21.6359
dev03,348,57.5376,4.0468,27.9275,1.19,33.1643,24.3733
dev03,349,57.1892,3.8761,27.9085,1.0908,32.8754,24.3138
dev03,350,55.1317,3.8155,27.8545,0.7665,32.4365,22.6952
dev03,351,62.7668,3.9426,27.8893,2.4686,34.3005,28.4663
dev03,352,59.2283,4.5931,27.9507,2.6368,35.1806,24.0477
dev03,353,58.3468,4.3856,27.9221,2.6207,34.9284,23.4184
dev03,354,58.0931,4.1389,27.9196,3.719,35.7775,22.3156
dev03,355,66.8353,4.9503,28.3729,4.7606,38.0838,28.7515
dev03,356,61.4161,4.5452,27.8933,2.8978,35.3363,26.0798
dev03,357,64.6954,4.6074,27.9634,3.2932,35.864,28.8314
dev03,358,66.1718,4.8617,27.998,1.7105,34.5702,31.6016
dev03,359,68.5464,5.5667,27.928,2.3734,35.8681,32.6783
dev03,360,64.4279,5.0791,27.9911,3.6021,36.6723,27.7556
dev03,361,66.3824,4.954,27.9476,4.6343,37.5359,28.8465
dev03,362,75.8129,5.2887,27.9411,2.8397,36.0695,39.7434
dev03,363,80.009,5.0078,28.0317,13.7494,46.7889,33.2201
dev03,364,62.9464,6.5915,28.1265,2.9356,37.6536,25.2928
dev03,365,65.9338,4.3086,28.0267,2.5658,34.9011,31.0327
dev03,366,61.7061,4.6863,27.9576,2.4602,35.1041,26.602
dev03,367,58.9928,4.096,27.9495,2.6021,34.6476,24.3452
dev03,368,57.0704,3.9424,27.8714,2.3269,34.1407,22.9297
dev03,369,64.6818,3.8664,27.8773,4.8174,36.5611,28.1207
dev03,370,65.7382,5.9226,28.0901,3.5037,37.5164,28.2218
dev03,371,56.38,4.3808,27.9078,0.9231,33.2117,23.1683
dev03,372,64.2734,3.9381,27.9566,2.2371,34.1318,30.1416
dev03,373,67.2988,5.0603,28.1801,3.7586,36.999,30.2998
dev03,374,65.371,5.8286,28.1731,3.8844,37.8861,27.4849
dev03,375,72.0835,5.3003,27.9211,3.2612,36.4826,35.6009
dev03,376,61.8286,5.2062,27.9166,1.0991,34.2219,27.6067
dev03,377,59.7107,4.2922,27.973,1.1041,33.3693,26.3414
dev03,378,62.8372,4.5629,27.9458,1.0896,33.5983,29.2389
dev03,379,61.2479,4.5866,28.0329,1.1034,33.7229,27.525
dev03,380,60.128,4.7702,27.9919,0.9304,33.6925,26.4355
dev03,381,62.4791,4.619,27.9457,1.1606,33.7253,28.7538
dev03,382,61.2767,4.9229,28.0351,1.0993,34.0573,27.2194
dev03,383,60.0801,4.7472,27.9293,1.1734,33.8499,26.2302
dev03,384,60.1853,4.339,27.9049,0.9694,33.2133,26.972
dev03,385,62.6695,4.8031,27.9007,2.5123,35.2161,27.4534
dev03,386,66.0364,4.0179,27.9614,1.2679,33.2472,32.7892
dev03,387,63.1247,4.5147,27.886,1.1686,33.5693,29.5554
dev03,388,71.0876,5.0207,28.0578,5.1702,38.2487,32.8389
dev03,389,66.3653,5.7701,27.9255,1.0288,34.7244,31.6409
dev03,390,65.6005,5.8675,27.9474,1.0038,34.8187,30.7818
dev03,391,71.4363,5.5711,28.0099,3.2862,36.8672,34.5691
dev03,392,60.9372,5.4839,27.9089,1.1618,34.5546,26.3826
dev03,393,60.271,4.7922,27.9236,1.063,33.7788,26.4922
dev03,394,62.702,4.0847,27.9063,1.3166,33.3076,29.3944
dev03,395,65.6534,4.4391,27.9415,1.1755,33.5561,32.0973
dev03,396,66.938,5.5116,27.9641,2.9168,36.3925,30.5455
dev03,397,77.7414,3.9116,27.92,3.1923,35.0239,42.7175
dev03,398,62.4395,4.4472,27.8533,0.9605,33.261,29.1785
dev03,399,63.1265,4.4248,27.8639,2.9938,35.2825,27.844
dev03,400,61.4323,4.1605,27.9199,2.678,34.7584,26.6739
dev03,401,74.2676,4.2312,27.9767,4.9621,37.17,37.0976
dev03,402,66.3205,4.9139,28.208,2.864,35.9859,30.3346
dev03,403,67.808,5.1036,28.1344,4.5415,37.7795,30.0285
dev03,404,65.7874,5.1586,27.884,2.6253,35.6679,30.1195
dev03,405,66.1703,5.3596,27.9577,3.0804,36.3977,29.7726
dev03,406,76.4611,4.916,27.9406,3.4364,36.293,40.1681
dev03,407,64.164,5.2846,27.9212,1.3997,34.6055,29.5585
dev03,408,68.2017,5.2979,28.0267,5.14,38.4646,29.7371
dev03,409,71.0062,5.5635,27.9403,3.2302,36.734,34.2722
dev03,410,67.2911,5.5022,27.9502,2.8986,36.351,30.9401
dev03,411,62.2666,5.1453,27.8892,3.5601,36.5946,25.672
dev03,412,64.3475,4.0154,27.9368,3.2375,35.1897,29.1578
dev03,413,68.0011,4.3409,28.1018,3.4994,35.9421,32.059
dev03,414,75.2286,5.3166,27.9556,1.1312,34.4034,40.8252
dev03,415,64.2944,5.8527,27.94,1.072,34.8647,29.4297
dev03,416,68.7795,5.2127,28.0023,3.2945,36.5095,32.27
dev03,417,64.6974,5.2924,27.9194,3.3203,36.5321,28.1653
dev03,418,65.3653,4.3321,28.0215,2.6352,34.9888,30.3765
dev03,419,67.9499,4.62,28.1618,3.1182,35.9,32.0499
dev03,420,62.2252,4.8329,27.9163,2.9532,35.7024,26.5228
dev03,421,69.4647,4.4178,28.1972,2.9715,35.5865,33.8782
dev03,422,69.009,6.5205,27.9867,1.3774,35.8846,33.1244
dev03,423,65.777,5.7946,27.9645,1.0785,34.8376,30.9394
dev03,424,67.402,5.5483,27.9359,1.1113,34.5955,32.8065
dev03,425,68.5511,6.8895,27.9983,1.1968,36.0846,32.4665
dev03,426,63.7105,5.7193,27.9635,1.2458,34.9286,28.7819
dev03,427,59.3611,4.4508,28.0071,1.4772,33.9351,25.426
dev03,428,67.4286,4.4084,27.9799,1.2974,33.6857,33.7429
dev03,429,68.4314,5.3999,27.9767,1.1352,34.5118,33.9196
dev03,430,62.2743,5.4718,27.924,1.1384,34.5342,27.7401
dev03,431,69.829,4.9207,27.8934,3.1123,35.9264,33.9026
dev03,432,69.7415,5.142,27.95,3.1216,36.2136,33.5279
dev03,433,72.7958,5.4447,27.9395,3.9875,37.3717,35.4241
dev03,434,67.2795,5.9303,28.014,1.0317,34.976,32.3035
dev03,435,65.6638,4.6147,27.891,1.0493,33.555,32.1088
dev03,436,66.9885,5.3993,27.9503,2.5364,35.886,31.1025
dev03,437,70.6724,5.216,27.9132,3.247,36.3762,34.2962
dev03,438,65.3925,5.5227,27.9356,1.1713,34.6296,30.7629
dev03,439,68.5311,5.1733,28.0199,1.2793,34.4725,34.0586
dev03,440,66.0808,5.3358,28.0514,1.6162,35.0034,31.0774
dev03,441,63.4288,4.4861,27.972,1.1557,33.6138,29.815
dev03,442,66.6459,5.429,27.9568,1.1462,34.532,32.1139
dev03,443,60.7404,5.1301,27.9414,1.0597,34.1312,26.6092
dev03,444,59.9208,4.5141,27.9504,1.0652,33.5297,26.3911
dev03,445,61.5218,4.9196,27.8842,1.1461,33.9499,27.5719
dev03,446,74.3014,5.4475,27.9223,0.9996,34.3694,39.932
dev03,447,63.2027,4.9227,27.9726,0.8861,33.7814,29.4213
dev03,448,67.2175,5.0083,27.9233,3.1265,36.0581,31.1594
dev03,449,72.3603,6.0464,27.9507,3.2128,37.2099,35.1504
dev03,450,68.9442,5.1591,28.0151,3.2741,36.4483,32.4959
dev03,451,66.2093,5.6692,27.9417,3.1892,36.8001,29.4092
dev03,452,67.7054,5.5949,27.9745,4.0556,37.625,30.0804
dev03,453,67.3581,5.1145,28.0242,3.8984,37.0371,30.321
dev03,454,68.6618,5.0792,28.3414,3.5103,36.9309,31.7309
dev03,455,71.0943,4.5706,27.9079,2.8851,35.3636,35.7307
dev03,456,64.8605,4.492,27.953,1.6143,34.0593,30.8012
dev03,457,69.337,5.3178,27.9267,3.5258,36.7703,32.5667
dev03,458,70.968,5.4131,28.0382,3.0258,36.4771,34.4909
dev03,459,68.1054,4.4547,27.9685,3.5466,35.9698,32.1356
dev03,460,64.9513,6.9444,27.9193,2.5357,37.3994,27.5519
dev03,461,63.3204,5.1885,28.1705,3.3485,36.7075,26.6129
dev03,462,71.4939,5.1198,27.9752,3.5947,36.6897,34.8042
dev03,463,71.8399,5.3595,27.9124,1.1361,34.408,37.4319
dev03,464,62.6421,4.4754,27.8823,2.6332,34.9909,27.6512
dev03,465,70.838,4.5705,28.0312,2.9777,35.5794,35.2586
dev03,466,62.3108,5.1826,27.9535,2.6845,35.8206,26.4902
dev03,467,61.0622,4.3309,27.9297,3.3929,35.6535,25.4087
dev03,468,63.2445,3.8968,27.9424,2.4457,34.2849,28.9596
dev03,469,69.7543,5.9086,27.9344,3.7376,37.5806,32.1737
dev03,470,71.9794,5.8574,27.9762,3.5939,37.4275,34.5519
dev03,471,66.4972,4.7788,28.3838,1.2357,34.3983,32.0989
dev03,472,70.8811,5.6137,27.9635,3.2854,36.8626,34.0185
dev03,473,74.2341,5.0498,27.9662,3.3088,36.3248,37.9093
dev03,474,62.0977,4.665,28.1031,1.3323,34.1004,27.9973
dev03,475,60.4773,5.2403,27.9544,1.0417,34.2364,26.2409
dev03,476,62.2656,4.4701,27.9159,1.1052,33.4912,28.7744
dev03,477,60.199,4.9427,27.8758,1.0909,33.9094,26.2896
dev03,478,62.5899,4.688,28.0752,1.0642,33.8274,28.7625
dev03,479,62.7265,5.2332,28.0596,1.2213,34.5141,28.2124
dev03,480,60.2898,4.9268,27.8886,0.7502,33.5656,26.7242
dev03,481,58.8993,4.655,27.8781,0.9575,33.4906,25.4087
dev03,482,70.8211,4.9387,28.0459,2.0751,35.0597,35.7614
dev03,483,65.83,5.3567,27.9205,1.0562,34.3334,31.4966
dev03,484,60.4414,5.6314,27.9313,0.9933,34.556,25.8854
dev03,485,61.4224,4.5851,27.9386,1.0762,33.5999,27.8225
dev03,486,61.8072,4.5188,27.8667,1.0595,33.445,28.3622
dev03,487,61.7558,4.6505,27.9905,1.4188,34.0598,27.696
dev03,488,61.3534,4.4521,27.9794,1.0066,33.4381,27.9153
dev03,489,65.2343,5.0557,27.9022,0.9705,33.9284,31.3059
dev03,490,64.1065,5.0329,27.8975,1.2241,34.1545,29.952
dev03,491,69.2576,4.9483,27.9793,1.1224,34.05,35.2076
dev03,492,69.3185,5.1126,32.8226,2.5311,40.4663,28.8522
dev03,493,64.1086,5.5116,27.9304,0.9928,34.4348,29.6738
dev03,494,59.0606,5.3178,27.933,0.8191,34.0699,24.9907
dev03,495,70.3239,3.9842,27.8912,0.9167,32.7921,37.5318
dev03,496,69.7763,5.4864,27.8505,3.3361,36.673,33.1033
dev03,497,68.0545,4.9114,27.9045,1.3175,34.1334,33.9211
dev03,498,67.4174,5.0935,27.9851,1.1417,34.2203,33.1971
dev03,499,65.0174,6.0673,28.1413,1.712,35.9206,29.0968
dev03,500,69.5028,6.0705,27.9652,3.5232,37.5589,31.9439
dev03,501,65.7567,5.2643,28.0253,2.7073,35.9969,29.7598
dev03,502,69.6413,5.8237,27.9688,3.2658,37.0583,32.583
dev03,503,62.356,5.1911,27.927,2.9749,36.093,26.263
dev03,504,68.5646,5.0197,28.1071,2.3877,35.5145,33.0501
dev03,505,58.6808,4.5742,27.9194,1.1117,33.6053,25.0755
dev03,506,63.7965,4.7891,27.8902,2.922,35.6013,28.1952
dev03,507,59.9798,4.4007,27.914,1.1075,33.4222,26.5576
dev03,508,56.9617,5.1366,28.1038,0.9194,34.1598,22.8019
dev03,509,58.6289,4.7304,27.9074,0.9833,33.6211,25.0078
dev03,510,61.7445,4.5147,27.8742,2.5317,34.9206,26.8239
dev03,511,59.1833,4.9043,27.9072,2.4266,35.2381,23.9452
dev03,512,63.3785,4.7468,28.1121,0.8918,33.7507,29.6278
dev03,513,60.7264,4.4578,27.9585,1.4749,33.8912,26.8352
dev03,514,59.8982,4.739,27.8971,1.0295,33.6656,26.2326
dev03,515,64.3777,4.2699,27.8815,1.127,33.2784,31.0993
dev03,516,64.5963,5.6079,27.9878,4.0212,37.6169,26.9794
dev03,517,66.1755,4.4574,27.9237,5.2104,37.5915,28.584
dev03,518,57.8434,4.3845,27.9128,1.055,33.3523,24.4911
dev03,519,59.2991,3.955,27.973,1.0965,33.0245,26.2746
dev03,520,57.0748,4.4297,27.895,0.8063,33.131,23.9438
dev03,521,60.0569,5.1774,27.8698,0.9712,34.0184,26.0385
dev03,522,61.6932,4.7224,27.8984,0.9683,33.5891,28.1041
dev03,523,65.1451,4.5566,27.9189,1.1054,33.5809,31.5642
dev03,524,58.1071,3.7356,28.0223,0.9995,32.7574,25.3497
dev03,525,64.7296,4.4979,27.8667,2.8943,35.2589,29.4707
dev03,526,63.1079,4.3515,27.9349,2.8584,35.1448,27.9631
dev03,527,59.9074,4.8822,27.9302,1.5268,34.3392,25.5682
dev03,528,59.5644,5.0476,27.8486,1.0498,33.946,25.6184
dev03,529,58.3979,4.4045,27.91,1.1114,33.4259,24.972
dev03,530,61.6188,4.8502,27.9901,1.0041,33.8444,27.7744
dev03,531,63.1756,4.737,27.8985,0.9705,33.606,29.5696
dev03,532,68.1838,5.1585,27.9637,2.5578,35.68,32.5038
dev03,533,73.4669,5.1525,27.9508,3.1166,36.2199,37.247
dev03,534,74.645,5.5004,28.0921,4.4634,38.0559,36.5891
dev03,535,75.3654,5.8334,27.9289,3.9013,37.6636,37.7018
dev03,536,68.2782,5.8802,27.9172,1.1161,34.9135,33.3647
dev03,537,68.1704,5.7011,28.0074,1.1464,34.8549,33.3155
dev03,538,64.3779,5.0279,27.9619,1.2242,34.214,30.1639
dev03,539,59.625,3.8842,27.8805,0.9552,32.7199,26.9051
dev04,0,61.9931,4.7339,27.8664,1.0178,33.6181,28.375
dev04,1,67.4152,4.4728,27.9639,0.8007,33.2374,34.1778
dev04,2,66.8808,4.8313,27.8895,1.1767,33.8975,32.9833
dev04,3,73.8807,4.9822,28.0834,1.9483,35.0139,38.8668
dev04,4,77.7244,5.4073,27.9329,1.1873,34.5275,43.1969
dev04,5,77.382,5.4477,28.0514,1.2513,34.7504,42.6316
dev04,6,72.8131,5.4084,27.9178,0.9761,34.3023,38.5108
dev04,7,70.0434,4.9305,27.9315,1.5818,34.4438,35.5996
dev04,8,63.6169,4.3963,27.8783,1.0187,33.2933,30.3236
dev04,9,63.0017,4.2364,27.9086,1.3423,33.4873,29.5144
dev04,10,65.2569,4.7647,28.0071,1.2211,33.9929,31.264
dev04,11,69.095,4.8741,27.9875,1.2556,34.1172,34.9778
dev04,12,64.8778,4.5046,27.8939,1.5989,33.9974,30.8804
dev04,13,68.4085,4.731,27.9466,1.2397,33.9173,34.4912
dev04,14,63.6256,4.5696,27.8909,0.6964,33.1569,30.4687
dev04,15,65.1722,4.2586,27.8628,0.9094,33.0308,32.1414
dev04,16,63.8917,4.5015,27.8823,0.7869,33.1707,30.721
dev04,17,62.7362,4.6462,27.9029,0.7889,33.338,29.3982
dev04,18,62.2505,4.6094,28.1029,1.3398,34.0521,28.1984
dev04,19,61.9965,3.7313,27.8612,0.8758,32.4683,29.5282
dev04,20,63.0674,4.5393,27.9283,0.8345,33.3021,29.7653
dev04,21,74.4845,4.3389,27.8897,1.0227,33.2513,41.2332
dev04,22,68.0126,5.868,27.9885,1.0266,34.8831,33.1295
dev04,23,73.2045,5.1863,27.8997,1.1776,34.2636,38.9409
dev04,24,74.3127,6.7136,28.0466,1.2394,35.9996,38.3131
dev04,25,73.8517,5.0142,27.9065,1.2749,34.1956,39.6561
dev04,26,65.6191,5.2822,27.9954,1.1906,34.4682,31.1509
dev04,27,75.3739,5.1167,27.9424,3.422,36.4811,38.8928
dev04,28,64.6002,4.5963,28.0239,1.3112,33.9314,30.6688
dev04,29,65.4294,5.2431,27.9557,1.1246,34.3234,31.106
dev04,30,66.293,5.3541,27.9533,2.5238,35.8312,30.4618
dev04,31,61.8752,3.8917,27.8706,1.2882,33.0505,28.8247
dev04,32,66.8327,4.4005,27.9171,2.4134,34.731,32.1017
dev04,33,63.0727,3.6892,27.9884,1.3401,33.0177,30.055
dev04,34,63.4966,4.5278,27.9296,0.8876,33.345,30.1516
dev04,35,65.1526,4.4508,27.9243,1.2975,33.6726,31.48
dev04,36,74.3006,5.516,27.9063,3.4375,36.8598,37.4408
dev04,37,67.3944,4.861,27.8999,4.0235,36.7844,30.61
dev04,38,64.3938,4.4357,27.9541,1.1797,33.5695,30.8243
dev04,39,61.0442,4.1215,27.8514,1.0018,32.9747,28.0695
dev04,40,66.8449,4.9616,27.8971,3.2335,36.0922,30.7527
dev04,41,65.5154,4.4243,27.9266,2.9415,35.2924,30.223
dev04,42,62.3655,4.5885,27.9404,1.2399,33.7688,28.5967
dev04,43,62.7154,4.7841,27.97,1.1173,33.8714,28.844
dev04,44,66.3998,4.4445,27.907,3.1477,35.4992,30.9006
dev04,45,67.4868,4.5211,27.9817,2.9048,35.4076,32.0792
dev04,46,75.6778,4.311,27.95,4.2596,36.5206,39.1572
dev04,47,73.1481,5.3701,28.1758,2.6921,36.238,36.9101
dev04,48,73.7974,6.4213,28.0364,1.1701,35.6278,38.1696
dev04,49,71.5787,6.3115,27.977,1.2635,35.552,36.0267
dev04,50,73.379,6.5069,27.9604,1.2403,35.7076,37.6714
dev04,51,73.3919,6.1625,28.1092,1.2274,35.4991,37.8928
dev04,52,70.7764,5.2252,27.9132,1.0747,34.2131,36.5633
dev04,53,65.1898,5.4402,27.886,0.9476,34.2738,30.916
dev04,54,60.5212,4.399,27.8593,1.2341,33.4924,27.0288
dev04,55,62.932,5.0763,27.9094,0.8028,33.7885,29.1435
dev04,56,61.9664,4.9821,27.9726,0.8418,33.7965,28.1699
dev04,57,67.3777,3.7953,28.0182,1.108,32.9215,34.4562
dev04,58,63.753,4.662,27.8703,1.0504,33.5827,30.1703
dev04,59,62.532,4.0504,27.9712,1.2886,33.3102,29.2218
dev04,60,78.6093,5.6209,28.0821,3.7252,37.4282,41.1811
dev04,61,73.2879,6.039,27.9999,3.8249,37.8638,35.4241
dev04,62,68.3304,4.8084,27.8901,3.5864,36.2849,32.0455
dev04,63,73.8394,6.0676,27.9763,3.5738,37.6177,36.2217
dev04,64,73.1697,5.0498,27.9564,3.5126,36.5188,36.6509
dev04,65,66.7049,5.18,27.9076,2.9404,36.028,30.6769
dev04,66,64.7679,4.8619,27.9055,3.1347,35.9021,28.8658
dev04,67,72.5875,4.583,27.9584,4.0476,36.589,35.9985
dev04,68,76.4464,6.3036,28.1517,1.7241,36.1794,40.267
dev04,69,71.1573,6.7951,27.9555,1.0452,35.7958,35.3615
dev04,70,69.9897,5.9577,28.0687,1.2985,35.3249,34.6648
dev04,71,64.4007,5.1859,27.9347,1.0587,34.1793,30.2214
dev04,72,71.5622,6.0014,27.9307,1.1455,35.0776,36.4846
dev04,73,72.2361,6.6553,28.0071,1.1347,35.7971,36.439
dev04,74,71.4863,6.4132,27.9823,1.3719,35.7674,35.7189
dev04,75,66.3476,5.2008,27.9665,1.424,34.5913,31.7563
dev04,76,67.1587,5.6254,27.9619,1.0104,34.5977,32.561
dev04,77,64.3386,4.2524,27.8659,1.0278,33.1461,31.1925
dev04,78,63.2337,4.8476,27.9057,0.9878,33.7411,29.4926
dev04,79,61.7066,4.3937,27.8847,1.3204,33.5988,28.1078
dev04,80,62.2844,5.032,27.8747,1.0492,33.9559,28.3285
dev04,81,62.1,4.9921,27.8906,1.0042,33.8869,28.2131
dev04,82,64.2041,4.6585,27.9218,2.915,35.4953,28.7088
dev04,83,62.7397,4.7044,27.8546,1.2058,33.7648,28.9749
dev04,84,61.3872,4.476,27.8673,1.0682,33.4115,27.9757
dev04,85,64.454,4.5969,27.9721,2.9753,35.5443,28.9097
dev04,86,62.3301,4.2811,27.9915,1.1016,33.3742,28.9559
dev04,87,64.286,4.3457,27.859,0.9474,33.1521,31.1339
dev04,88,65.6194,5.7618,27.9165,0.967,34.6453,30.9741
dev04,89,65.9268,4.3575,27.9321,0.9368,33.2264,32.7004
dev04,90,62.0377,5.2716,27.9007,0.9632,34.1355,27.9022
dev04,91,59.6678,4.4781,27.8967,1.4867,33.8615,25.8063
dev04,92,60.933,4.5964,27.9151,0.9972,33.5087,27.4243
dev04,93,64.4872,4.6129,27.906,1.2492,33.7681,30.7191
dev04,94,66.1161,5.1639,27.8599,3.5184,36.5422,29.5739
dev04,95,64.1444,4.8648,27.9505,0.987,33.8023,30.3421
dev04,96,62.8208,4.0293,27.9183,1.4851,33.4327,29.3881
dev04,97,67.7585,4.5011,28.0141,1.1998,33.715,34.0435
dev04,98,61.2274,5.1197,27.8833,0.8512,33.8542,27.3732
dev04,99,58.8727,4.8016,27.8585,0.897,33.5571,25.3156
dev04,100,63.9446,4.4743,27.8767,2.2986,34.6496,29.295
dev04,101,58.6518,4.3065,27.8646,0.8362,33.0073,25.6445
dev04,102,68.6205,4.3694,27.8979,5.2603,37.5276,31.0929
dev04,103,68.0436,4.7326,27.9851,3.5997,36.3174,31.7262
dev04,104,57.752,4.3025,27.9051,0.8227,33.0303,24.7217
dev04,105,62.1908,4.3447,27.8937,2.2903,34.5287,27.6621
dev04,106,60.1838,4.3768,27.8776,0.7964,33.0508,27.133
dev04,107,60.4169,4.3493,27.8619,0.8482,33.0594,27.3575
dev04,108,59.9364,4.4336,27.8948,1.184,33.5124,26.424
dev04,109,63.5936,5.2883,27.9943,0.8991,34.1817,29.4119
dev04,110,59.6859,4.5095,27.9123,0.9309,33.3527,26.3332
dev04,111,58.4696,4.395,27.8591,0.8446,33.0987,25.3709
dev04,112,67.9865,4.5748,27.8994,3.6162,36.0904,31.8961
dev04,113,68.0641,5.4233,27.9111,5.3405,38.6749,29.3892
dev04,114,61.326,4.2361,27.8573,1.0416,33.135,28.191
dev04,115,66.6108,4.8619,27.8669,2.8809,35.6097,31.0011
dev04,116,60.0348,4.4136,27.8896,1.6123,33.9155,26.1193
dev04,117,60.6989,5.1369,27.9132,0.9418,33.9919,26.707
dev04,118,59.5829,4.7138,27.9577,1.0241,33.6956,25.8873
dev04,119,63.7396,4.4744,27.8735,1.1876,33.5355,30.2041
dev04,120,62.1336,4.895,28.275,1.3075,34.4775,27.6561
dev04,121,62.0602,4.8947,27.9811,1.3882,34.264,27.7962
dev04,122,63.8652,5.0731,27.8811,0.9151,33.8693,29.9959
dev04,123,63.1887,5.1497,27.9817,1.0843,34.2157,28.973
dev04,124,66.897,5.1661,28.1942,1.0003,34.3606,32.5364
dev04,125,69.765,5.9973,27.9536,1.16,35.1109,34.6541
dev04,126,69.7173,4.7224,27.9632,1.3596,34.0452,35.6721
dev04,127,68.187,5.5031,27.971,1.6709,35.145,33.042
dev04,128,68.0796,4.8876,27.8901,2.7773,35.555,32.5246
dev04,129,65.2774,5.1471,27.9922,0.9538,34.0931,31.1843
dev04,130,62.563,4.7664,27.9576,1.4381,34.1621,28.4009
dev04,131,62.2668,4.3325,27.9034,1.1803,33.4162,28.8506
dev04,132,63.8448,6.0684,28.0231,1.2084,35.2999,28.5449
dev04,133,61.597,4.213,27.911,1.0138,33.1378,28.4592
dev04,134,64.9666,4.4004,27.9816,3.5305,35.9125,29.0541
dev04,135,65.5177,4.721,27.9106,4.3277,36.9593,28.5584
dev04,136,67.2902,4.5733,27.903,1.1935,33.6698,33.6204
dev04,137,65.3308,4.4356,27.8804,0.9614,33.2774,32.0534
dev04,138,61.7711,4.6665,27.9181,1.0562,33.6408,28.1303
dev04,139,67.9597,4.5371,27.8856,4.103,36.5257,31.434
dev04,140,67.2424,5.0564,27.8535,4.0319,36.9418,30.3006
dev04,141,61.1488,3.9193,27.9015,1.1198,32.9406,28.2082
dev04,142,59.771,4.2037,27.9291,1.0408,33.1736,26.5974
dev04,143,59.4654,4.8792,28.0706,1.1582,34.108,25.3574
dev04,144,69.6964,4.4713,27.9319,2.9401,35.3433,34.3531
dev04,145,65.3931,4.5405,27.8244,0.9366,33.3015,32.0916
dev04,146,64.7139,5.1054,27.8623,1.116,34.0837,30.6302
dev04,147,63.7988,4.7744,27.8551,2.6229,35.2524,28.5464
dev04,148,64.0088,4.1425,27.9096,2.9866,35.0387,28.9701
dev04,149,70.0871,4.0049,27.9721,4.9651,36.9421,33.145
dev04,150,67.2647,5.663,28.0548,2.5094,36.2272,31.0375
dev04,151,68.4986,4.3195,27.9243,2.6767,34.9205,33.5781
dev04,152,70.1616,4.9588,27.94,3.1204,36.0192,34.1424
dev04,153,62.8051,4.9013,27.992,2.672,35.5653,27.2398
dev04,154,70.7541,4.3818,28.0091,2.9958,35.3867,35.3674
dev04,155,70.6945,5.1372,27.9636,2.901,36.0018,34.6927
dev04,156,71.2767,4.4471,27.9325,2.9709,35.3505,35.9262
dev04,157,73.9534,5.3997,27.9495,3.0802,36.4294,37.524
dev04,158,73.5315,4.8023,27.9419,3.216,35.9602,37.5713
dev04,159,66.5834,5.6397,27.9471,0.9783,34.5651,32.0183
dev04,160,67.2973,5.6549,28.023,1.1899,34.8678,32.4295
dev04,161,69.0765,5.4033,27.938,3.0757,36.417,32.6595
dev04,162,71.7704,5.3473,27.9606,3.5196,36.8275,34.9429
dev04,163,68.6112,5.1923,28.0136,2.5825,35.7884,32.8228
dev04,164,68.1985,5.1227,27.8813,4.2776,37.2816,30.9169
dev04,165,71.1173,4.9341,27.9753,4.0154,36.9248,34.1925
dev04,166,66.1268,4.933,27.9588,2.983,35.8748,30.252
dev04,167,66.5521,4.8881,27.9251,2.9857,35.7989,30.7532
dev04,168,63.5664,4.3787,27.859,2.7107,34.9484,28.618
dev04,169,71.2197,4.5544,27.9059,2.6715,35.1318,36.0879
dev04,170,71.9692,4.9506,27.9041,3.3276,36.1823,35.7869
dev04,171,71.4989,5.5882,27.9297,2.7759,36.2938,35.2051
dev04,172,64.8769,4.4105,27.9007,2.4341,34.7453,30.1316
dev04,173,67.5472,4.8339,27.8706,2.6,35.3045,32.2427
dev04,174,70.2095,5.0579,27.9836,3.1561,36.1976,34.0119
dev04,175,63.9266,5.0945,27.8822,1.0173,33.994,29.9326
dev04,176,70.6241,4.7068,27.8662,3.9802,36.5532,34.0709
dev04,177,61.4689,3.9296,27.8907,1.1185,32.9388,28.5301
dev04,178,73.0048,4.7535,27.9273,2.993,35.6738,37.331
dev04,179,61.5764,5.1064,27.9101,1.2166,34.2331,27.3433
dev04,180,61.4701,4.4042,27.8836,1.1538,33.4416,28.0285
dev04,181,68.777,4.5498,27.9358,4.8732,37.3588,31.4182
dev04,182,67.1399,4.5173,27.9226,2.9986,35.4385,31.7014
dev04,183,68.7093,4.6575,27.9061,3.0845,35.6481,33.0612
dev04,184,72.1153,4.7075,28.0914,7.8274,40.6263,31.489
dev04,185,65.1136,6.0072,27.9759,2.7445,36.7276,28.386
dev04,186,59.0146,4.0064,27.9231,0.9523,32.8818,26.1328
dev04,187,62.2689,4.5575,27.8872,2.98,35.4247,26.8442
dev04,188,61.3282,4.6502,27.8943,2.9761,35.5206,25.8076
dev04,189,59.9428,3.9563,27.9666,2.3821,34.305,25.6378
dev04,190,58.4723,3.9791,27.8597,2.3102,34.149,24.3233
dev04,191,58.611,3.6595,27.9411,2.8006,34.4012,24.2098
dev04,192,58.1659,3.8542,27.9148,2.4191,34.1881,23.9778
dev04,193,59.2877,3.8557,27.8497,2.474,34.1794,25.1083
dev04,194,58.3907,3.6079,27.894,2.2385,33.7404,24.6503
dev04,195,65.8384,4.8953,28.0069,2.5498,35.452,30.3864
dev04,196,61.611,5.6224,28.0942,2.4805,36.1971,25.4139
dev04,197,60.3144,3.8256,27.9314,3.0954,34.8524,25.462
dev04,198,58.1934,3.7378,27.9091,2.3062,33.9531,24.2403
dev04,199,59.4558,3.8291,27.8837,3.1451,34.8579,24.5979
dev04,200,64.8956,4.1074,28.0005,3.1278,35.2357,29.6599
dev04,201,59.407,4.6375,28.0527,2.3357,35.0259,24.3811
dev04,202,59.3594,3.8308,27.9861,2.3526,34.1695,25.1899
dev04,203,58.0874,3.7241,27.886,3.0526,34.6627,23.4247
dev04,204,57.7118,3.8732,27.8752,2.2234,33.9718,23.74
dev04,205,57.6074,3.7246,28.1349,2.3013,34.1608,23.4466
dev04,206,64.4707,3.767,27.9106,2.9111,34.5887,29.882
dev04,207,62.0531,5.133,28.3484,2.618,36.0994,25.9537
dev04,208,57.9453,3.8471,28.0319,2.4024,34.2814,23.6639
dev04,209,59.2016,3.8191,27.9309,2.2741,34.0241,25.1775
dev04,210,59.2454,4.0063,28.0141,2.3369,34.3573,24.8881
dev04,211,61.5357,3.7117,27.9692,2.4603,34.1412,27.3945
dev04,212,61.0847,3.8589,27.9256,2.6855,34.47,26.6147
dev04,213,62.6038,3.6989,27.9534,3.7523,35.4046,27.1992
dev04,214,60.9166,3.7478,27.9914,2.6138,34.353,26.5636
dev04,215,60.0562,3.8826,27.943,2.3058,34.1314,25.9248
dev04,216,59.8101,4.3268,28.0462,2.2696,34.6426,25.1675
dev04,217,61.2909,3.9978,27.9113,3.0697,34.9788,26.3121
dev04,218,68.011,3.8598,28.1137,4.4082,36.3817,31.6293
dev04,219,67.3086,5.5528,28.1955,2.65,36.3983,30.9103
dev04,220,63.0751,4.5267,28.0264,3.5469,36.1,26.9751
dev04,221,68.6137,5.4999,28.0271,4.115,37.642,30.9717
dev04,222,65.0056,5.093,28.099,3.2265,36.4185,28.5871
dev04,223,65.1347,4.7112,27.9815,3.1241,35.8168,29.3179
dev04,224,62.4497,4.9099,27.965,2.4075,35.2824,27.1673
dev04,225,61.2316,3.8893,27.955,2.6996,34.5439,26.6877
dev04,226,69.0272,3.7182,27.9065,3.1962,34.8209,34.2063
dev04,227,59.546,4.2406,28.0485,2.3469,34.636,24.91
dev04,228,59.6252,4.1417,27.9312,2.1398,34.2127,25.4125
dev04,229,59.9887,3.8424,28.0489,2.9521,34.8434,25.1453
dev04,230,59.2963,3.8498,27.9667,2.6641,34.4806,24.8157
dev04,231,59.5458,3.7834,27.975,2.4437,34.2021,25.3437
dev04,232,59.7228,3.8484,27.9668,3.1966,35.0118,24.711
dev04,233,59.0174,3.9379,27.9721,2.1539,34.0639,24.9535
dev04,234,59.3844,3.8784,27.9403,2.7051,34.5238,24.8606
dev04,235,58.8194,3.948,27.9436,1.1684,33.06,25.7594
dev04,236,60.7126,4.346,28.0572,1.598,34.0012,26.7114
dev04,237,59.3842,4.2464,28.1603,1.2518,33.6585,25.7257
dev04,238,57.8005,4.3245,28.3288,1.2026,33.8559,23.9446
dev04,239,58.8878,4.2472,28.0123,1.3354,33.5949,25.2929
dev04,240,61.0239,3.8379,27.9609,3.1488,34.9476,26.0763
dev04,241,57.7117,4.4637,27.9354,0.7534,33.1525,24.5592
dev04,242,59.3631,4.1643,27.942,1.2121,33.3184,26.0447
dev04,243,59.0182,4.7241,27.9845,0.9574,33.666,25.3522
dev04,244,56.6921,3.8411,27.9228,0.8107,32.5746,24.1175
dev04,245,59.2137,3.7096,27.9398,2.3286,33.978,25.2357
dev04,246,56.2637,3.8893,27.9846,1.0982,32.9721,23.2916
dev04,247,56.3157,3.8494,27.9492,0.7935,32.5921,23.7236
dev04,248,61.1444,3.7964,28.0831,2.4084,34.2879,26.8565
dev04,249,57.3592,4.7585,27.9125,0.8865,33.5575,23.8017
dev04,250,62.7313,3.821,28.0134,3.0326,34.867,27.8643
dev04,251,61.832,4.8217,28.0306,2.5913,35.4436,26.3884
dev04,252,62.6678,3.9891,27.9774,2.5831,34.5496,28.1182
dev04,253,62.7277,4.5614,28.1747,2.9615,35.6976,27.0301
dev04,254,63.8311,4.9826,27.9844,2.6433,35.6103,28.2208
dev04,255,63.03,4.2757,28.2132,2.5396,35.0285,28.0015
dev04,256,64.9331,5.4677,28.0358,3.9028,37.4063,27.5268
dev04,257,65.2964,4.1894,28.009,3.9725,36.1709,29.1255
dev04,258,66.2083,5.1178,27.9975,3.4531,36.5684,29.6399
dev04,259,66.2378,5.497,27.9976,3.2829,36.7775,29.4603
dev04,260,62.4784,5.0816,28.0648,2.6561,35.8025,26.6759
dev04,261,60.7805,3.697,27.9677,3.2589,34.9236,25.8569
dev04,262,61.6436,4.185,27.9482,2.5818,34.715,26.9286
dev04,263,61.7903,4.7746,27.9732,2.2754,35.0232,26.7671
dev04,264,61.5015,3.8411,27.9513,2.3927,34.1851,27.3164
dev04,265,60.5402,3.9103,28.0243,2.6945,34.6291,25.9111
dev04,266,61.5285,4.0366,28.026,2.6798,34.7424,26.7861
dev04,267,59.7954,3.9711,27.9612,2.2985,34.2308,25.5646
dev04,268,59.6882,4.0447,27.9849,2.3937,34.4233,25.2649
dev04,269,64.7413,3.8187,27.998,4.5227,36.3394,28.4019
dev04,270,60.945,4.3439,27.9613,2.6994,35.0046,25.9404
dev04,271,60.1693,3.9968,27.9434,2.5644,34.5046,25.6647
dev04,272,72.653,3.9086,27.9787,3.7728,35.6601,36.9929
dev04,273,58.6881,3.9776,27.9786,2.2198,34.176,24.5121
dev04,274,64.1126,4.3199,27.9742,2.7249,35.019,29.0936
dev04,275,59.4231,4.0801,27.9337,2.485,34.4988,24.9243
dev04,276,62.2958,4.0096,28.026,2.601,34.6366,27.6592
dev04,277,62.9678,4.7754,28.0846,3.1553,36.0153,26.9525
dev04,278,71.1724,4.7392,27.984,2.5275,35.2507,35.9217
dev04,279,56.3788,3.7146,27.983,0.8838,32.5814,23.7974
dev04,280,60.3311,3.9512,27.9652,0.9859,32.9023,27.4288
dev04,281,55.6631,3.9436,27.9589,0.9124,32.8149,22.8482
dev04,282,57.7212,3.9762,27.9321,0.9321,32.8404,24.8808
dev04,283,57.9946,4.0953,27.9963,1.0282,33.1198,24.8748
dev04,284,56.8875,3.9183,27.9236,0.8681,32.71,24.1775
dev04,285,56.549,3.9639,27.9503,0.871,32.7852,23.7638
dev04,286,56.7714,3.7838,27.9419,0.7945,32.5202,24.2512
dev04,287,59.2328,3.8805,27.9468,2.3101,34.1374,25.0954
dev04,288,63.7739,4.0406,27.9622,4.1371,36.1399,27.634
dev04,289,56.575,3.7076,27.9694,0.9707,32.6477,23.9273
dev04,290,57.5981,4.081,27.9307,2.1035,34.1152,23.4829
dev04,291,55.1414,3.8059,27.9672,0.7145,32.4876,22.6538
dev04,292,59.3107,3.7481,27.9268,2.944,34.6189,24.6918
dev04,293,61.1923,3.6315,27.9215,3.3459,34.8989,26.2934
dev04,294,59.3588,3.7548,27.9545,2.2424,33.9517,25.4071
dev04,295,60.0461,3.8349,27.9125,2.5596,34.307,25.7391
dev04,296,57.8233,3.7361,27.8944,2.277,33.9075,23.9158
dev04,297,58.8262,3.817,27.9587,2.3203,34.096,24.7302
dev04,298,58.4587,3.9288,27.9271,2.211,34.0669,24.3918
dev04,299,59.2079,3.8121,27.9171,2.2733,34.0025,25.2054
dev04,300,59.263,3.7956,27.9943,2.2754,34.0653,25.1977
dev04,301,59.3522,3.7243,27.9352,3.2567,34.9162,24.436
dev04,302,62.075,3.6537,27.9895,3.5754,35.2186,26.8564
dev04,303,61.0927,3.9515,27.9731,2.6615,34.5861,26.5066
dev04,304,61.3833,3.8164,27.9848,3.5049,35.3061,26.0772
dev04,305,59.5886,4.1204,28.3066,2.6201,35.0471,24.5415
dev04,306,60.8606,3.7954,27.9097,2.4737,34.1788,26.6818
dev04,307,56.1765,3.7703,27.9096,0.7447,32.4246,23.7519
dev04,308,60.567,3.8503,27.9517,3.7545,35.5565,25.0105
dev04,309,60.0011,3.8691,27.9593,2.4023,34.2307,25.7704
dev04,310,59.4674,3.6274,27.9601,2.2999,33.8874,25.58
dev04,311,59.5765,3.937,27.9596,2.688,34.5846,24.9919
dev04,312,61.714,3.7833,27.932,3.6122,35.3275,26.3865
dev04,313,61.5829,4.2849,27.9602,3.5799,35.825,25.7579
dev04,314,60.964,4.0777,28.0116,3.6997,35.789,25.175
dev04,315,58.5288,3.6028,27.9366,2.2738,33.8132,24.7156
dev04,316,58.2783,3.6364,27.9809,2.2584,33.8757,24.4026
dev04,317,60.0326,3.5426,27.9525,3.4952,34.9903,25.0423
dev04,318,58.9718,3.6882,28.1291,2.5988,34.4161,24.5557
dev04,319,59.3123,3.7509,27.9203,2.7678,34.439,24.8733
dev04,320,59.9481,3.8049,27.9532,2.7609,34.519,25.4291
dev04,321,59.1094,4.055,28.002,2.2604,34.3174,24.792
dev04,322,59.8032,3.874,27.9663,2.5786,34.4189,25.3843
dev04,323,61.5481,3.8515,27.9761,2.4482,34.2758,27.2723
dev04,324,61.5828,4.2115,28.2739,3.2867,35.7721,25.8107
dev04,325,59.9504,3.7863,28.0725,2.6838,34.5426,25.4078
dev04,326,59.615,3.8185,27.9978,2.6824,34.4987,25.1163
dev04,327,59.5504,3.9918,27.9932,2.7491,34.7341,24.8163
dev04,328,59.2657,3.8772,27.9592,3.0516,34.888,24.3777
dev04,329,59.2915,3.7973,27.962,3.0202,34.7795,24.512
dev04,330,60.718,3.7765,27.9161,2.6258,34.3184,26.3996
dev04,331,61.1029,3.9993,27.9887,3.754,35.742,25.3609
dev04,332,58.9963,3.8223,27.9464,2.3383,34.107,24.8893
dev04,333,58.3889,3.6847,27.9744,2.3861,34.0452,24.3437
dev04,334,59.67,3.6436,27.9144,2.3728,33.9308,25.7392
dev04,335,62.1475,3.6498,27.9881,2.6082,34.2461,27.9014
dev04,336,61.628,4.0989,27.935,4.065,36.0989,25.5291
dev04,337,63.65,5.0921,28.0812,3.6339,36.8072,26.8428
dev04,338,59.9723,4.937,28.0082,2.5348,35.48,24.4923
dev04,339,59.1621,3.8715,27.9619,2.2456,34.079,25.0831
dev04,340,59.9025,4.1507,27.9118,2.2568,34.3193,25.5832
dev04,341,61.7926,3.7332,27.9719,2.7997,34.5048,27.2878
dev04,342,65.8826,4.3933,28.1611,2.9204,35.4748,30.4078
dev04,343,64.109,4.9589,27.9963,3.4701,36.4253,27.6837
dev04,344,59.2527,4.4876,27.9847,2.5134,34.9857,24.267
dev04,345,58.3332,3.8417,27.9732,2.3129,34.1278,24.2054
dev04,346,59.0785,3.7469,27.9531,2.4522,34.1522,24.9263
dev04,347,59.4332,3.7471,27.9708,2.2922,34.0101,25.4231
dev04,348,58.2211,3.982,27.9389,2.3002,34.2211,24.0
dev04,349,60.9714,3.894,27.9849,3.865,35.7439,25.2275
dev04,350,60.247,4.294,27.997,4.162,36.453,23.794
dev04,351,57.49,4.1327,27.9572,2.1321,34.222,23.268
dev04,352,57.6715,3.6286,27.9558,2.3753,33.9597,23.7118
dev04,353,59.8186,3.7709,27.9965,3.605,35.3724,24.4462
dev04,354,58.3563,3.8881,27.9948,3.5268,35.4097,22.9466
dev04,355,57.2978,4.2652,27.9297,2.1438,34.3387,22.9591
dev04,356,58.5327,3.594,28.0132,3.0639,34.6711,23.8616
dev04,357,57.9928,3.7003,27.9959,3.0511,34.7473,23.2455
dev04,358,59.7967,3.8656,28.0448,2.927,34.8374,24.9593
dev04,359,57.8746,4.0053,27.9425,2.2368,34.1846,23.69
dev04,360,59.5349,3.8985,27.9857,3.3522,35.2364,24.2985
dev04,361,59.6937,4.1634,27.9124,3.7334,35.8092,23.8845
dev04,362,58.468,3.7248,27.9406,2.7239,34.3893,24.0787
dev04,363,59.2092,3.6927,27.9272,2.2003,33.8202,25.389
dev04,364,56.4643,4.0338,27.977,1.1271,33.1379,23.3264
dev04,365,59.0104,4.0081,27.949,1.1935,33.1506,25.8598
dev04,366,58.6533,4.1495,27.9753,1.0605,33.1853,25.468
dev04,367,68.7858,3.8131,27.956,1.2696,33.0387,35.7471
dev04,368,56.6237,3.892,28.0089,1.0943,32.9952,23.6285
dev04,369,55.7301,3.917,27.9442,1.0883,32.9495,22.7806
dev04,370,56.4219,4.1114,28.0914,1.0735,33.2763,23.1456
dev04,371,56.6009,3.7118,27.9373,1.0734,32.7225,23.8784
dev04,372,55.8282,3.9232,27.9847,0.7996,32.7075,23.1207
dev04,373,60.3378,3.863,27.9708,2.5046,34.3384,25.9994
dev04,374,60.684,3.7376,27.9197,3.8276,35.4849,25.1991
dev04,375,60.6771,4.8272,27.963,2.4149,35.2051,25.472
dev04,376,60.9701,3.9689,27.9415,3.6128,35.5232,25.4469
dev04,377,59.0827,4.1127,27.9346,2.3404,34.3877,24.695
dev04,378,62.2649,4.0372,27.9342,3.7541,35.7255,26.5394
dev04,379,62.5546,3.8216,28.0055,2.5142,34.3413,28.2133
dev04,380,59.5404,3.9183,27.9589,2.3813,34.2585,25.2819
dev04,381,60.7673,3.9542,27.955,2.9494,34.8586,25.9087
dev04,382,57.0815,3.6469,27.961,2.1225,33.7304,23.3511
dev04,383,59.6959,3.663,27.9482,2.1726,33.7838,25.9121
dev04,384,60.0216,3.6293,27.927,3.8341,35.3904,24.6312
dev04,385,60.7967,4.0795,28.0026,4.0075,36.0896,24.7071
dev04,386,61.8675,4.7042,28.0087,4.3176,37.0305,24.837
dev04,387,57.8155,3.6808,27.9048,2.1246,33.7102,24.1053
dev04,388,58.7558,3.8743,27.9586,2.2504,34.0833,24.6725
dev04,389,57.8328,3.6068,27.9203,2.2088,33.7359,24.0969
dev04,390,56.2476,3.5855,27.9696,0.7894,32.3445,23.9031
dev04,391,57.3575,4.0257,27.9754,1.0867,33.0878,24.2697
dev04,392,60.4859,3.9076,27.9963,2.3291,34.233,26.2529
dev04,393,59.8269,3.6334,27.8997,2.4053,33.9384,25.8885
dev04,394,61.0065,3.8554,28.0317,2.6092,34.4963,26.5102
dev04,395,60.3897,4.2917,27.9762,2.5285,34.7964,25.5933
dev04,396,61.1581,3.9689,27.9551,2.2225,34.1465,27.0116
dev04,397,63.8877,3.8546,27.9524,3.5298,35.3368,28.5509
dev04,398,64.4022,4.4479,28.0238,2.5454,35.0171,29.3851
dev04,399,64.0722,4.2873,28.3178,3.056,35.6611,28.4111
dev04,400,64.2951,4.4584,28.0043,3.3067,35.7694,28.5257
dev04,401,61.5247,4.4819,28.092,2.6988,35.2727,26.252
dev04,402,61.1501,3.9227,27.9775,2.9246,34.8248,26.3253
dev04,403,57.6942,3.8864,27.9222,2.3019,34.1105,23.5837
dev04,404,60.5535,4.3632,27.9456,3.5359,35.8447,24.7088
dev04,405,61.4455,3.8164,27.9342,4.1803,35.9309,25.5146
dev04,406,59.5024,3.9593,27.9631,2.4497,34.3721,25.1303
dev04,407,60.0933,3.7604,27.965,2.4712,34.1966,25.8967
dev04,408,61.6034,3.7922,27.96,4.1441,35.8963,25.7071
dev04,409,58.3559,4.1893,27.9523,2.4748,34.6164,23.7395
dev04,410,58.8294,3.716,27.9462,2.4736,34.1358,24.6936
dev04,411,59.8545,4.007,27.9852,2.5413,34.5335,25.321
dev04,412,60.6381,3.7044,28.0112,4.0508,35.7664,24.8717
dev04,413,62.3662,3.853,28.0009,2.9326,34.7865,27.5797
dev04,414,62.7277,3.9066,27.9557,3.7703,35.6326,27.0951
dev04,415,61.716,4.208,27.9703,2.5564,34.7347,26.9813
dev04,416,61.3573,3.9443,27.9702,4.42,36.3345,25.0228
dev04,417,59.5549,4.2108,27.9492,2.6412,34.8012,24.7537
dev04,418,60.1657,4.2426,27.979,2.4454,34.667,25.4987
dev04,419,62.2774,4.9097,28.019,3.0528,35.9815,26.2959
dev04,420,56.749,3.7937,27.9798,0.7911,32.5646,24.1844
dev04,421,55.9862,4.0553,27.9351,0.7086,32.699,23.2872
dev04,422,58.8728,3.7735,27.9313,2.1569,33.8617,25.0111
dev04,423,56.2352,3.6503,27.9326,0.7501,32.333,23.9022
dev04,424,59.4087,3.7195,27.92,2.8402,34.4797,24.929
dev04,425,60.2553,4.5178,28.0113,2.5759,35.105,25.1503
dev04,426,56.9375,4.0056,28.0153,1.1625,33.1834,23.7541
dev04,427,57.242,3.943,27.9518,1.311,33.2058,24.0362
dev04,428,56.982,4.1086,27.9861,0.8966,32.9913,23.9907
dev04,429,57.9236,4.0369,27.9452,2.1498,34.1319,23.7917
dev04,430,59.7925,3.834,27.9107,2.8166,34.5613,25.2312
dev04,431,56.8497,3.7224,27.9428,0.8191,32.4843,24.3654
dev04,432,61.9464,3.8979,27.9839,2.9124,34.7942,27.1522
dev04,433,59.6774,3.7701,27.9459,3.7163,35.4323,24.2451
dev04,434,60.3069,3.6049,28.0088,3.2411,34.8548,25.4521
dev04,435,59.4726,3.9786,27.9818,2.1877,34.1481,25.3245
dev04,436,59.4121,3.9223,27.9478,2.2112,34.0813,25.3308
dev04,437,59.069,3.694,27.9629,2.2303,33.8872,25.1818
dev04,438,60.3263,3.7021,27.9263,2.6087,34.2371,26.0892
dev04,439,60.4745,4.0345,27.977,2.2096,34.2211,26.2534
dev04,440,56.9972,3.682,28.0053,1.1198,32.8071,24.1901
dev04,441,60.2918,4.0222,27.9562,4.0975,36.0759,24.2159
dev04,442,57.3134,3.9838,27.956,1.4443,33.3841,23.9293
dev04,443,56.2516,4.2848,28.0169,0.8825,33.1842,23.0674
dev04,444,59.236,3.9422,28.1094,2.3329,34.3845,24.8515
dev04,445,57.7574,3.5567,27.9461,2.2569,33.7597,23.9977
dev04,446,60.3661,3.9032,27.9848,4.0455,35.9335,24.4326
dev04,447,59.709,3.9536,27.9911,2.4671,34.4118,25.2972
dev04,448,60.4146,4.2503,27.9255,2.5276,34.7034,25.7112
dev04,449,60.8736,4.2302,27.9917,2.592,34.8139,26.0597
dev04,450,64.3478,3.9375,27.9513,3.911,35.7998,28.548
dev04,451,62.8779,4.0163,28.0084,2.8087,34.8334,28.0445
dev04,452,64.2239,3.8938,27.9947,2.6996,34.5881,29.6358
dev04,453,60.7044,4.0095,28.0058,2.3172,34.3325,26.3719
dev04,454,59.977,3.6947,27.9513,2.3516,33.9976,25.9794
dev04,455,61.2208,3.8357,28.2057,2.5267,34.5681,26.6527
dev04,456,59.0546,3.7757,27.9816,2.5898,34.3471,24.7075
dev04,457,61.4105,3.7079,27.9335,4.0162,35.6576,25.7529
dev04,458,60.643,3.6227,27.9476,2.7533,34.3236,26.3194
dev04,459,60.612,4.2865,27.9784,2.4208,34.6857,25.9263
dev04,460,59.9019,4.0005,27.9626,2.5221,34.4852,25.4167
dev04,461,64.1471,4.1587,27.9423,3.9816,36.0826,28.0645
dev04,462,63.725,3.8337,27.9632,2.5558,34.3527,29.3723
dev04,463,60.8376,4.3557,28.1223,2.6771,35.1551,25.6825
dev04,464,60.024,4.0601,27.9168,2.9444,34.9213,25.1027
dev04,465,59.6386,3.9209,27.9832,2.1673,34.0714,25.5672
dev04,466,60.9324,4.0505,27.9454,2.4184,34.4143,26.5181
dev04,467,60.0249,3.9059,27.9385,3.9269,35.7713,24.2536
dev04,468,59.3827,3.6708,27.9164,2.5809,34.1681,25.2146
dev04,469,61.7315,3.9416,27.9354,2.6915,34.5685,27.163
dev04,470,60.1858,3.8889,28.0157,2.551,34.4556,25.7302
dev04,471,74.5369,3.9768,28.1971,2.4818,34.6557,39.8812
dev04,472,60.6083,4.434,27.9569,2.383,34.7739,25.8344
dev04,473,59.2178,3.8015,27.9267,2.475,34.2032,25.0146
dev04,474,62.4997,4.2584,27.9815,3.8218,36.0617,26.438
dev04,475,59.8659,3.9315,27.9801,2.6931,34.6047,25.2612
dev04,476,60.5115,4.0889,27.9406,3.0025,35.032,25.4795
dev04,477,61.7165,3.7287,27.9427,2.7846,34.456,27.2605
dev04,478,61.9274,4.2119,27.9797,2.5071,34.6987,27.2287
dev04,479,59.4872,3.8325,28.0274,2.8963,34.7562,24.731
dev04,480,59.1511,3.7427,27.9528,2.8465,34.542,24.6091
dev04,481,60.1824,3.9482,27.9663,2.6511,34.5656,25.6168
dev04,482,63.1722,3.9805,27.9798,2.8301,34.7904,28.3818
dev04,483,62.1833,4.0367,27.9889,4.1944,36.22,25.9633
dev04,484,61.2328,3.8854,27.95,3.6102,35.4456,25.7872
dev04,485,61.1247,4.0801,27.9903,2.2537,34.3241,26.8006
dev04,486,66.5022,4.6214,27.9654,2.4558,35.0426,31.4596
dev04,487,62.4042,4.0158,28.085,2.5139,34.6147,27.7895
dev04,488,63.373,4.4712,28.0894,3.1266,35.6872,27.6858
dev04,489,65.342,4.1508,28.1622,2.5783,34.8913,30.4507
dev04,490,62.1065,4.8708,27.9802,3.6313,36.4823,25.6242
dev04,491,59.8226,3.764,27.9306,1.1014,32.796,27.0266
dev04,492,56.5255,4.1306,28.0068,0.9081,33.0455,23.48
dev04,493,56.3199,3.8203,27.9119,0.8491,32.5813,23.7386
dev04,494,56.065,4.3497,27.9509,0.7943,33.0949,22.9701
dev04,495,55.655,3.8364,27.9545,0.9673,32.7582,22.8968
dev04,496,57.5599,3.8173,27.9268,2.1548,33.8989,23.661
dev04,497,56.5151,3.7841,27.9082,1.0135,32.7058,23.8093
dev04,498,60.3887,3.9388,27.9468,3.4026,35.2882,25.1005
dev04,499,59.3937,3.9912,28.0815,2.7647,34.8374,24.5563
dev04,500,59.357,3.9647,27.9549,2.9204,34.84,24.517
dev04,501,60.1931,3.7541,27.9628,3.0111,34.728,25.4651
dev04,502,57.4684,3.6205,27.9622,1.2211,32.8038,24.6646
dev04,503,59.1074,4.3548,28.0036,2.2334,34.5918,24.5156
dev04,504,56.535,3.8433,27.9762,0.8765,32.696,23.839
dev04,505,55.7625,3.7024,27.9287,0.9678,32.5989,23.1636
dev04,506,58.7,3.9329,27.9644,2.5444,34.4417,24.2583
dev04,507,59.3767,3.7888,27.9806,2.3258,34.0952,25.2815
dev04,508,59.2264,3.7357,27.9892,3.064,34.7889,24.4375
dev04,509,59.0928,3.9024,27.9537,2.6029,34.459,24.6338
dev04,510,61.1027,3.7744,27.9616,2.6795,34.4155,26.6872
dev04,511,59.308,3.6824,27.9008,2.3497,33.9329,25.3751
dev04,512,59.4811,4.0349,27.9461,2.1067,34.0877,25.3934
dev04,513,60.9568,4.0386,28.0243,2.5446,34.6075,26.3493
dev04,514,62.7231,3.6893,27.9941,4.0484,35.7318,26.9913
dev04,515,62.3965,3.9008,27.9101,3.3626,35.1735,27.223
dev04,516,68.9824,3.7875,27.9127,5.9593,37.6595,31.3229
dev04,517,66.1446,5.2607,28.2188,2.4777,35.9572,30.1874
dev04,518,66.8814,5.827,28.0044,2.7413,36.5727,30.3087
dev04,519,65.8909,4.7942,28.0004,2.8029,35.5975,30.2934
dev04,520,63.386,5.2059,27.9839,2.6582,35.848,27.538
dev04,521,62.0818,3.812,27.9906,2.7787,34.5813,27.5005
dev04,522,61.7362,4.0376,27.9587,2.6374,34.6337,27.1025
dev04,523,61.7172,4.1732,27.9879,3.7519,35.913,25.8042
dev04,524,62.3002,3.834,28.0029,2.605,34.4419,27.8583
dev04,525,61.2905,3.9845,27.9646,2.4783,34.4274,26.8631
dev04,526,62.5645,3.9695,27.9958,2.8141,34.7794,27.7851
dev04,527,60.3553,3.8451,27.9368,2.5343,34.3162,26.0391
dev04,528,59.9511,4.0863,28.0458,2.8267,34.9588,24.9923
dev04,529,60.1078,3.6782,27.9196,2.3881,33.9859,26.1219
dev04,530,62.0241,3.959,27.9778,2.9029,34.8397,27.1844
dev04,531,62.928,4.1406,28.0364,3.2557,35.4327,27.4953
dev04,532,62.4287,4.8445,27.9712,2.4232,35.2389,27.1898
dev04,533,62.4169,3.8924,27.9854,3.0401,34.9179,27.499
dev04,534,60.9092,4.7654,28.0035,2.7125,35.4814,25.4278
dev04,535,59.4348,4.4492,27.9604,2.5906,35.0002,24.4346
dev04,536,59.1204,4.2473,28.0365,2.5778,34.8616,24.2588
dev04,537,58.9107,3.8329,27.964,2.6377,34.4346,24.4761
dev04,538,57.2743,3.7008,27.9406,2.1044,33.7458,23.5285
dev04,539,58.9905,3.8722,28.0351,3.2061,35.1134,23.8771
dev05,0,78.8114,4.1728,27.9215,2.1593,34.2536,44.5578
dev05,1,52.3036,3.9798,27.9146,2.2766,34.171,18.1326
dev05,2,52.2298,4.2309,27.9567,2.2849,34.4725,17.7573
dev05,3,52.9087,3.9056,27.9538,3.3875,35.2469,17.6618
dev05,4,51.5339,4.2541,27.959,2.5697,34.7828,16.7511
dev05,5,48.4,3.9404,27.9367,0.8812,32.7583,15.6417
dev05,6,48.5496,4.012,27.9546,0.8141,32.7807,15.7689
dev05,7,49.6189,3.9395,27.9364,1.2733,33.1492,16.4697
dev05,8,49.3878,3.907,27.9884,1.2699,33.1653,16.2225
dev05,9,62.1113,4.2135,27.9503,1.0536,33.2174,28.8939
dev05,10,53.4985,4.5046,28.0628,2.6736,35.241,18.2575
dev05,11,50.9817,4.2745,28.019,2.1952,34.4887,16.493
dev05,12,53.1232,3.7759,27.981,2.5628,34.3197,18.8035
dev05,13,53.7862,4.4819,28.0441,4.1363,36.6623,17.1239
dev05,14,52.4029,3.7646,27.9763,3.2943,35.0352,17.3677
dev05,15,50.9605,3.8312,27.9579,2.1817,33.9708,16.9897
dev05,16,48.8753,4.0614,27.9376,0.8776,32.8766,15.9987
dev05,17,52.2929,3.9705,27.9421,2.4985,34.4111,17.8818
dev05,18,53.1787,3.9882,27.9473,3.0882,35.0237,18.155
dev05,19,48.1783,3.8289,27.9473,0.7246,32.5008,15.6775
dev05,20,48.0788,3.9039,27.9106,0.7866,32.6011,15.4777
dev05,21,51.4617,3.878,27.9058,2.4377,34.2215,17.2402
dev05,22,53.5347,4.4568,27.9506,2.2318,34.6392,18.8955
dev05,23,54.2491,4.2061,27.9318,2.5005,34.6384,19.6107
dev05,24,52.8726,4.5324,28.0003,2.8679,35.4006,17.472
dev05,25,54.7112,4.445,28.1644,4.088,36.6974,18.0138
dev05,26,50.9681,3.7485,27.9514,2.2399,33.9398,17.0283
dev05,27,52.8473,3.7652,27.9531,2.8802,34.5985,18.2488
dev05,28,52.8762,3.9457,27.9964,3.8322,35.7743,17.1019
dev05,29,51.398,4.2713,27.9175,2.3169,34.5057,16.8923
dev05,30,47.787,3.9028,27.9515,0.7282,32.5825,15.2045
dev05,31,51.3821,3.853,27.9528,2.5924,34.3982,16.9839
dev05,32,51.8244,4.1134,27.9812,2.8205,34.9151,16.9093
dev05,33,51.476,4.0797,27.9476,1.4138,33.4411,18.0349
dev05,34,53.6412,4.3496,27.9914,4.1356,36.4766,17.1646
dev05,35,48.6668,3.9371,27.9172,0.9848,32.8391,15.8277
dev05,36,53.2251,4.0808,27.9333,2.6036,34.6177,18.6074
dev05,37,54.1102,5.0873,27.9736,3.6075,36.6684,17.4418
dev05,38,51.9598,4.0885,27.9498,2.6439,34.6822,17.2776
dev05,39,52.1651,3.9301,27.9668,2.5041,34.401,17.7641
dev05,40,48.1066,3.9159,27.9376,0.7444,32.5979,15.5087
dev05,41,49.4893,3.996,27.9293,0.8647,32.79,16.6993
dev05,42,48.2941,3.9406,27.9092,0.815,32.6648,15.6293
dev05,43,49.7693,4.1738,28.0304,0.8888,33.093,16.6763
dev05,44,51.2025,4.038,27.9887,2.485,34.5117,16.6908
dev05,45,51.6346,3.9749,27.9756,2.3535,34.304,17.3306
dev05,46,49.0543,4.4273,27.97,0.8379,33.2352,15.8191
dev05,47,51.6051,3.8952,27.981,3.0257,34.9019,16.7032
dev05,48,48.215,3.9456,28.0368,0.7757,32.7581,15.4569
dev05,49,51.0575,3.9426,27.987,2.2838,34.2134,16.8441
dev05,50,53.9084,3.8018,28.0935,3.1187,35.014,18.8944
dev05,51,53.7905,4.1443,28.0363,2.5011,34.6817,19.1088
dev05,52,53.303,4.0038,27.9384,2.9982,34.9404,18.3626
dev05,53,51.2966,4.0603,27.972,2.2491,34.2814,17.0152
dev05,54,52.6358,3.8843,27.9325,2.4806,34.2974,18.3384
dev05,55,52.0779,3.7284,28.0537,2.3015,34.0836,17.9943
dev05,56,52.5084,4.3508,27.9378,2.918,35.2066,17.3018
dev05,57,49.0627,3.956,27.9267,1.2082,33.0909,15.9718
dev05,58,52.4443,4.3523,28.0325,2.7634,35.1482,17.2961
dev05,59,51.2726,3.7792,27.9013,2.6061,34.2866,16.986
dev05,60,52.0858,3.7562,27.9458,2.6738,34.3758,17.71
dev05,61,53.1796,3.982,28.0359,4.0477,36.0656,17.114
dev05,62,52.8697,4.1134,27.9905,3.9255,36.0294,16.8403
dev05,63,48.1003,3.8376,27.9847,1.1712,32.9935,15.1068
dev05,64,48.6862,4.1466,28.0089,1.1452,33.3007,15.3855
dev05,65,48.4327,3.8611,27.9574,1.278,33.0965,15.3362
dev05,66,51.6891,4.1129,28.015,2.2597,34.3876,17.3015
dev05,67,52.1708,3.8985,27.9835,2.5864,34.4684,17.7024
dev05,68,52.4315,4.1995,28.0055,2.2978,34.5028,17.9287
dev05,69,52.6755,3.9072,27.9726,3.0687,34.9485,17.727
dev05,70,52.1985,4.0648,28.0385,2.4041,34.5074,17.6911
dev05,71,51.0795,3.7458,27.962,2.3317,34.0395,17.04
dev05,72,48.4829,3.9174,27.9792,0.8947,32.7913,15.6916
dev05,73,53.9531,4.1719,27.9737,3.9829,36.1285,17.8246
dev05,74,51.1063,4.0859,27.9724,2.4626,34.5209,16.5854
dev05,75,51.8945,4.0524,27.9318,2.7734,34.7576,17.1369
dev05,76,48.906,3.8231,28.009,1.1906,33.0227,15.8833
dev05,77,49.8582,4.195,28.0997,1.1508,33.4455,16.4127
dev05,78,48.9332,4.1347,27.9632,1.2109,33.3088,15.6244
dev05,79,53.0062,4.2577,27.9648,2.768,34.9905,18.0157
dev05,80,52.3121,4.1498,27.9705,2.5655,34.6858,17.6263
dev05,81,55.8752,3.9696,27.9674,3.6947,35.6317,20.2435
dev05,82,49.4558,4.2128,27.9743,0.9063,33.0934,16.3624
dev05,83,48.7099,3.9621,27.9902,0.7667,32.719,15.9909
dev05,84,53.2555,4.436,27.9666,2.1329,34.5355,18.72
dev05,85,49.9036,4.7104,28.0633,0.752,33.5257,16.3779
dev05,86,48.2962,3.8601,27.9702,0.7966,32.6269,15.6693
dev05,87,49.9366,3.8724,28.0026,0.8154,32.6904,17.2462
dev05,88,54.1494,4.1459,27.9984,3.714,35.8583,18.2911
dev05,89,54.3204,4.2715,28.013,4.7348,37.0193,17.3011
dev05,90,53.9395,4.0673,27.957,3.4535,35.4778,18.4617
dev05,91,53.3386,3.8766,27.9418,2.5303,34.3487,18.9899
dev05,92,51.2008,4.0442,27.9512,2.401,34.3964,16.8044
dev05,93,50.375,3.6882,28.0259,2.2892,34.0033,16.3717
dev05,94,53.4439,3.7658,27.9735,2.9181,34.6574,18.7865
dev05,95,57.1678,3.7186,27.9648,3.9611,35.6445,21.5233
dev05,96,57.3551,4.5185,28.0931,3.0233,35.6349,21.7202
dev05,97,53.0997,4.4716,28.0019,2.7799,35.2534,17.8463
dev05,98,54.9968,5.2995,28.0241,2.558,35.8816,19.1152
dev05,99,53.8584,4.6933,28.021,2.7538,35.4681,18.3903
dev05,100,49.6502,4.0314,27.9488,0.899,32.8792,16.771
dev05,101,50.1941,3.8192,27.9476,0.9349,32.7017,17.4924
dev05,102,48.1026,3.8829,27.9697,0.798,32.6506,15.452
dev05,103,51.0563,3.8408,27.9289,2.5115,34.2812,16.7751
dev05,104,55.922,4.1934,32.3877,2.3371,38.9182,17.0038
dev05,105,53.937,4.2997,28.0035,2.4517,34.7549,19.1821
dev05,106,50.4168,3.6394,27.9824,2.0576,33.6794,16.7374
dev05,107,52.7188,4.119,27.9917,2.7254,34.8361,17.8827
dev05,108,55.1083,4.575,27.9955,2.5566,35.1271,19.9812
dev05,109,56.3416,5.2253,28.0864,2.5399,35.8516,20.49
dev05,110,53.0209,4.2785,28.2624,2.5638,35.1047,17.9162
dev05,111,54.5223,4.1108,27.9975,2.6557,34.764,19.7583
dev05,112,56.1661,5.1914,28.0339,2.6652,35.8905,20.2756
dev05,113,54.9345,4.8674,27.9739,2.5779,35.4192,19.5153
dev05,114,52.3139,3.848,28.0074,2.4859,34.3413,17.9726
dev05,115,50.8303,3.9546,27.9474,2.2019,34.1039,16.7264
dev05,116,51.8222,3.8768,27.9897,2.4442,34.3107,17.5115
dev05,117,51.4815,3.7877,27.9325,2.3535,34.0737,17.4078
dev05,118,52.2806,3.7483,27.9575,2.2461,33.9519,18.3287
dev05,119,53.1233,3.8207,27.9907,2.1632,33.9746,19.1487
dev05,120,54.5178,3.7988,27.9361,3.1417,34.8766,19.6412
dev05,121,51.3051,3.9454,27.9362,2.4536,34.3352,16.9699
dev05,122,48.4019,4.0661,27.9647,0.816,32.8468,15.5551
dev05,123,51.9313,3.96,27.929,2.4914,34.3804,17.5509
dev05,124,48.2482,3.9493,27.9321,0.7328,32.6142,15.634
dev05,125,48.951,3.995,27.9364,1.2115,33.1429,15.8081
dev05,126,47.5311,3.9027,27.9571,0.8261,32.6859,14.8452
dev05,127,47.6787,3.9462,27.9609,0.7548,32.6619,15.0168
dev05,128,48.0378,3.9779,27.9956,0.9161,32.8896,15.1482
dev05,129,47.8279,4.0534,27.9276,0.7025,32.6835,15.1444
dev05,130,51.4608,4.3054,27.9582,0.991,33.2546,18.2062
dev05,131,53.2381,4.9104,27.9588,0.907,33.7762,19.4619
dev05,132,55.8549,4.8366,28.0171,2.604,35.4577,20.3972
dev05,133,53.1542,4.1968,28.1975,2.8536,35.2479,17.9063
dev05,134,54.7801,3.9215,28.0794,2.9144,34.9153,19.8648
dev05,135,51.7505,4.0778,27.9797,2.6182,34.6757,17.0748
dev05,136,50.969,4.6016,27.9066,2.2021,34.7103,16.2587
dev05,137,52.0106,3.7862,27.9283,3.0062,34.7207,17.2899
dev05,138,52.3643,3.6285,27.9913,2.4722,34.092,18.2723
dev05,139,53.5162,4.1891,28.1111,1.6944,33.9946,19.5216
dev05,140,55.1316,4.4022,28.25,2.6408,35.293,19.8386
dev05,141,52.1109,5.0226,28.0002,2.6656,35.6884,16.4225
dev05,142,48.7111,4.113,27.9458,1.0153,33.0741,15.637
dev05,143,52.6654,4.3351,27.9105,2.3137,34.5593,18.1061
dev05,144,51.7459,3.7631,27.9355,2.8886,34.5872,17.1587
dev05,145,48.261,4.1544,27.9546,0.9029,33.0119,15.2491
dev05,146,51.3036,3.9566,27.9337,2.3123,34.2026,17.101
dev05,147,51.952,4.0597,27.9135,3.0503,35.0235,16.9285
dev05,148,51.0324,3.8546,27.9503,2.4155,34.2204,16.812
dev05,149,52.4258,3.9028,28.0641,2.7675,34.7344,17.6914
dev05,150,54.6879,4.2488,28.1217,3.5541,35.9246,18.7633
dev05,151,51.354,4.0108,27.9343,2.2708,34.2159,17.1381
dev05,152,52.4541,3.8636,27.9822,2.3067,34.1525,18.3016
dev05,153,49.0166,3.7515,27.9578,1.0454,32.7547,16.2619
dev05,154,48.4498,3.892,27.9357,0.8925,32.7202,15.7296
dev05,155,48.2366,4.1148,28.0178,0.7499,32.8825,15.3541
dev05,156,48.4783,3.7939,27.9126,0.7939,32.5004,15.9779
dev05,157,47.553,4.0,27.9445,0.7226,32.6671,14.8859
dev05,158,50.8795,3.8215,27.9561,2.252,34.0296,16.8499
dev05,159,49.4425,3.9478,28.0272,1.2292,33.2042,16.2383
dev05,160,51.315,4.744,27.9365,0.8536,33.5341,17.7809
dev05,161,55.3509,5.0152,28.0081,2.5472,35.5705,19.7804
dev05,162,52.8749,4.793,27.9839,1.3097,34.0866,18.7883
dev05,163,51.6485,4.0388,27.9738,1.2345,33.2471,18.4014
dev05,164,51.2937,5.2614,27.9622,1.0204,34.244,17.0497
dev05,165,53.2699,4.1656,28.0351,1.7161,33.9168,19.3531
dev05,166,55.9627,4.9937,28.055,2.6401,35.6888,20.2739
dev05,167,53.6704,5.6558,28.0164,0.9759,34.6481,19.0223
dev05,168,50.9863,5.5685,27.9919,0.9441,34.5045,16.4818
dev05,169,51.0907,3.8837,27.9569,2.3586,34.1992,16.8915
dev05,170,48.4273,3.7534,27.9902,0.8174,32.561,15.8663
dev05,171,50.6009,4.0122,27.9783,2.2228,34.2133,16.3876
dev05,172,48.3563,3.8715,27.9591,0.8062,32.6368,15.7195
dev05,173,48.0644,3.8033,27.946,0.8393,32.5886,15.4758
dev05,174,48.3115,3.875,27.928,0.8383,32.6413,15.6702
dev05,175,49.0078,3.8736,27.9259,0.8181,32.6176,16.3902
dev05,176,52.1979,3.9668,27.9459,2.3063,34.219,17.9789
dev05,177,53.0711,3.8712,27.9251,2.9039,34.7002,18.3709
dev05,178,52.8805,4.1858,27.9632,2.8544,35.0034,17.8771
dev05,179,52.2341,3.7856,27.9454,2.7796,34.5106,17.7235
dev05,180,49.833,4.9197,27.957,0.8143,33.691,16.142
dev05,181,48.1133,3.8063,27.9612,0.7572,32.5247,15.5886
dev05,182,52.0024,4.021,27.9666,2.3448,34.3324,17.67
dev05,183,48.3736,4.0111,27.9585,0.7652,32.7348,15.6388
dev05,184,49.3146,4.0149,27.9349,0.787,32.7368,16.5778
dev05,185,54.9442,4.7375,28.0927,2.5851,35.4153,19.5289
dev05,186,49.6963,4.0759,27.9998,0.962,33.0377,16.6586
dev05,187,49.6678,3.8754,27.957,1.2966,33.129,16.5388
dev05,188,55.9171,4.0591,27.9776,3.3502,35.3869,20.5302
dev05,189,53.6551,4.3675,28.0834,1.5554,34.0063,19.6488
dev05,190,51.0257,4.278,28.1412,0.9865,33.4057,17.62
dev05,191,55.2321,5.0185,28.0307,2.8376,35.8868,19.3453
dev05,192,55.8483,4.2338,28.3802,2.8282,35.4422,20.4061
dev05,193,49.6958,4.6064,27.9961,0.8635,33.466,16.2298
dev05,194,48.7886,4.1985,28.1402,0.819,33.1577,15.6309
dev05,195,51.7041,3.7619,27.9153,2.052,33.7292,17.9749
dev05,196,60.7063,3.9434,32.4086,1.6886,38.0406,22.6657
dev05,197,48.3082,3.9934,27.9422,1.1421,33.0777,15.2305
dev05,198,49.2941,4.1374,28.0466,1.2148,33.3988,15.8953
dev05,199,51.8505,4.1455,27.9344,2.2813,34.3612,17.4893
dev05,200,54.3402,3.8278,27.9944,4.1832,36.0054,18.3348
dev05,201,51.5653,3.913,27.9919,2.4118,34.3167,17.2486
dev05,202,49.2943,3.894,28.0025,0.9805,32.877,16.4173
dev05,203,48.9382,3.9,27.9528,0.9403,32.7931,16.1451
dev05,204,51.0768,4.4007,28.0052,0.9818,33.3877,17.6891
dev05,205,48.9994,3.8783,27.9658,0.9871,32.8312,16.1682
dev05,206,51.3598,3.906,27.8995,2.3421,34.1476,17.2122
dev05,207,48.6159,4.1791,27.9229,0.855,32.957,15.6589
dev05,208,48.3467,3.947,27.9194,0.7873,32.6537,15.693
dev05,209,48.2089,3.8623,27.8907,0.7747,32.5277,15.6812
dev05,210,51.6812,4.2882,27.985,3.1521,35.4253,16.2559
dev05,211,48.6286,3.8633,27.945,1.1887,32.997,15.6316
dev05,212,50.6607,4.1928,27.9901,1.228,33.4109,17.2498
dev05,213,49.5749,3.9742,27.9603,1.5484,33.4829,16.092
dev05,214,51.7735,4.5922,28.0241,0.9364,33.5527,18.2208
dev05,215,49.0983,3.9648,27.9477,1.5207,33.4332,15.6651
dev05,216,49.7294,4.2739,27.929,0.7992,33.0021,16.7273
dev05,217,48.3412,3.8331,27.9124,0.9383,32.6838,15.6574
dev05,218,49.7737,4.9983,27.9659,0.873,33.8372,15.9365
dev05,219,48.4967,4.1865,27.926,1.0111,33.1236,15.3731
dev05,220,48.0283,3.9717,27.9268,0.7779,32.6764,15.3519
dev05,221,50.0774,3.988,27.9418,0.7448,32.6746,17.4028
dev05,222,47.8127,3.8297,27.9617,0.7858,32.5772,15.2355
dev05,223,48.4669,3.7977,27.9472,0.7466,32.4915,15.9754
dev05,224,53.8876,4.1408,28.0319,3.6816,35.8543,18.0333
dev05,225,53.6552,4.0141,27.9922,4.3068,36.3131,17.3421
dev05,226,49.4269,3.8407,28.0656,0.9457,32.852,16.5749
dev05,227,49.0931,3.8812,28.0049,0.7743,32.6604,16.4327
dev05,228,49.2928,4.5678,27.974,0.8192,33.361,15.9318
dev05,229,53.0685,3.9925,28.0101,2.3807,34.3833,18.6852
dev05,230,48.9585,3.9055,27.9506,0.8665,32.7226,16.2359
dev05,231,50.838,3.9691,27.9152,1.9971,33.8814,16.9566
dev05,232,46.8341,3.6152,27.9078,0.6733,32.1963,14.6378
dev05,233,53.9887,4.0177,27.9793,3.8452,35.8422,18.1465
dev05,234,50.8085,4.0062,27.9728,2.4327,34.4117,16.3968
dev05,235,51.5377,3.7388,27.9563,2.6532,34.3483,17.1894
dev05,236,52.4569,4.0174,27.9727,3.2926,35.2827,17.1742
dev05,237,54.035,3.8408,27.9151,3.2226,34.9785,19.0565
dev05,238,50.7701,4.0789,27.9848,2.2196,34.2833,16.4868
dev05,239,54.5227,3.9058,28.1107,4.3399,36.3564,18.1663
dev05,240,47.2568,3.7686,27.9482,0.7031,32.4199,14.8369
dev05,241,52.0116,3.8236,27.9375,2.4663,34.2274,17.7842
dev05,242,53.8389,4.2708,27.9815,2.5916,34.8439,18.995
dev05,243,47.7923,4.121,27.9508,0.7602,32.832,14.9603
dev05,244,50.3747,3.8493,27.9134,2.2171,33.9798,16.3949
dev05,245,50.9796,4.0382,27.9491,2.2766,34.2639,16.7157
dev05,246,47.7108,4.0344,27.9932,0.7184,32.746,14.9648
dev05,247,48.5009,3.8428,27.9443,0.7959,32.583,15.9179
dev05,248,51.8859,3.996,27.944,2.4307,34.3707,17.5152
dev05,249,48.084,3.8888,27.9365,0.7748,32.6001,15.4839
dev05,250,52.1639,4.2809,27.9685,2.4991,34.7485,17.4154
dev05,251,50.7181,3.7323,27.9892,2.3122,34.0337,16.6844
dev05,252,48.6357,3.8138,27.9934,0.8168,32.624,16.0117
dev05,253,48.9735,3.9525,28.0013,0.9794,32.9332,16.0403
dev05,254,49.1125,3.9951,27.9794,0.9772,32.9517,16.1608
dev05,255,49.4681,4.4642,28.0317,1.1272,33.6231,15.845
dev05,256,48.9593,4.7591,27.9911,0.8195,33.5697,15.3896
dev05,257,51.7505,4.138,27.9518,3.0991,35.1889,16.5616
dev05,258,50.0873,3.9883,27.9606,2.218,34.1669,15.9204
dev05,259,47.6321,3.9154,28.0102,0.7366,32.6622,14.9699
dev05,260,47.3924,3.7701,27.9587,0.828,32.5568,14.8356
dev05,261,47.4111,3.9256,27.9239,0.6982,32.5477,14.8634
dev05,262,47.8415,4.5121,27.9588,0.6743,33.1452,14.6963
dev05,263,47.6935,4.1661,27.9621,0.7402,32.8684,14.8251
dev05,264,47.4961,3.7816,27.9262,0.6886,32.3964,15.0997
dev05,265,47.8025,3.9307,27.9382,0.8443,32.7132,15.0893
dev05,266,48.4626,3.8655,27.9803,1.1575,33.0033,15.4593
dev05,267,48.4518,4.3939,27.9312,0.7686,33.0937,15.3581
dev05,268,48.5126,4.2203,28.0487,1.2478,33.5168,14.9958
dev05,269,50.6672,4.083,27.9854,1.0551,33.1235,17.5437
dev05,270,49.3803,4.0033,27.9348,1.2705,33.2086,16.1717
dev05,271,48.3854,4.1909,27.9895,1.0576,33.238,15.1474
dev05,272,48.2668,3.7888,27.9256,1.0632,32.7776,15.4892
dev05,273,51.9055,4.0063,27.9785,2.4314,34.4162,17.4893
dev05,274,53.316,4.2333,27.9386,2.4257,34.5976,18.7184
dev05,275,56.7916,4.627,28.0726,3.0719,35.7715,21.0201
dev05,276,51.6214,4.3054,28.1051,1.0501,33.4606,18.1608
dev05,277,49.7327,4.2212,28.1245,1.0653,33.411,16.3217
dev05,278,55.6711,4.3759,27.9779,2.8472,35.201,20.4701
dev05,279,55.0685,4.2171,27.9669,2.9173,35.1013,19.9672
dev05,280,54.4274,4.5875,28.0286,2.7537,35.3698,19.0576
dev05,281,53.4529,4.3995,27.9863,2.5955,34.9813,18.4716
dev05,282,52.1678,3.8713,28.0348,2.5516,34.4577,17.7101
dev05,283,53.6926,3.921,27.9586,2.3158,34.1954,19.4972
dev05,284,53.2307,4.1052,28.0094,2.5904,34.705,18.5257
dev05,285,49.1624,3.8694,27.9979,0.8083,32.6756,16.4868
dev05,286,51.1567,4.529,27.959,2.4679,34.9559,16.2008
dev05,287,48.3111,4.6799,27.9886,0.7627,33.4312,14.8799
dev05,288,47.7659,3.8745,27.9463,0.6894,32.5102,15.2557
dev05,289,50.2768,3.7887,27.9109,1.1552,32.8548,17.422
dev05,290,48.6778,3.8976,27.9535,1.0531,32.9042,15.7736
dev05,291,49.7286,3.833,27.9238,0.9484,32.7052,17.0234
dev05,292,56.6041,3.9466,28.0176,2.5839,34.5481,22.056
dev05,293,56.8431,5.2279,27.9866,2.6462,35.8607,20.9824
dev05,294,55.1147,4.5379,28.3142,2.6978,35.5499,19.5648
dev05,295,52.2128,4.1657,28.0003,2.2184,34.3844,17.8284
dev05,296,51.3982,3.993,28.0407,2.449,34.4827,16.9155
dev05,297,50.7841,3.9976,27.9034,2.2472,34.1482,16.6359
dev05,298,51.1524,3.7331,27.9077,2.2791,33.9199,17.2325
dev05,299,51.7119,3.8699,27.9435,2.4175,34.2309,17.481
dev05,300,50.2299,3.7422,27.9073,2.4182,34.0677,16.1622
dev05,301,48.2776,3.7931,27.9284,0.693,32.4145,15.8631
dev05,302,48.9073,4.0213,27.8938,0.7514,32.6665,16.2408
dev05,303,52.467,4.443,28.0353,2.523,35.0013,17.4657
dev05,304,51.9106,4.1682,27.9817,2.5655,34.7154,17.1952
dev05,305,51.0019,4.0158,27.951,2.3306,34.2974,16.7045
dev05,306,48.337,3.6785,27.9618,0.813,32.4533,15.8837
dev05,307,52.2143,3.7902,27.936,2.5995,34.3257,17.8886
dev05,308,51.3073,4.0383,27.9398,1.5442,33.5223,17.785
dev05,309,53.396,4.2925,28.1396,2.7769,35.209,18.187
dev05,310,48.6961,4.0042,27.9715,0.8975,32.8732,15.8229
dev05,311,49.0567,4.128,27.9525,1.2581,33.3386,15.7181
dev05,312,52.0106,3.8506,27.9505,2.6029,34.404,17.6066
dev05,313,52.7347,3.6744,27.9759,2.9824,34.6327,18.102
dev05,314,51.6908,3.7816,27.9642,2.2836,34.0294,17.6614
dev05,315,51.6262,4.133,27.9973,2.4659,34.5962,17.03
dev05,316,51.0772,5.5983,27.9542,0.9447,34.4972,16.58
dev05,317,51.3196,5.4354,28.1535,1.064,34.6529,16.6667
dev05,318,48.9137,4.0502,27.91,0.8592,32.8194,16.0943
dev05,319,50.139,5.2341,28.0065,0.9567,34.1973,15.9417
dev05,320,49.723,3.9906,27.9551,0.7738,32.7195,17.0035
dev05,321,47.7576,3.6899,28.0076,0.9929,32.6904,15.0672
dev05,322,51.995,4.6112,27.912,2.2526,34.7758,17.2192
dev05,323,51.7689,4.0029,27.9461,2.2213,34.1703,17.5986
dev05,324,48.3003,3.7214,28.1659,0.84,32.7273,15.573
dev05,325,50.7734,3.9267,27.9395,2.1537,34.0199,16.7535
dev05,326,49.007,3.8964,27.9098,1.2906,33.0968,15.9102
dev05,327,48.9647,4.2448,27.9338,0.7778,32.9564,16.0083
dev05,328,51.1084,3.984,27.9532,2.4867,34.4239,16.6845
dev05,329,53.2483,4.1077,27.9592,2.5231,34.59,18.6583
dev05,330,52.0877,3.9618,27.9426,2.3261,34.2305,17.8572
dev05,331,52.3041,4.2443,28.065,2.3483,34.6576,17.6465
dev05,332,51.0978,3.8941,28.0817,2.5965,34.5723,16.5255
dev05,333,51.9609,3.6444,27.953,2.4587,34.0561,17.9048
dev05,334,51.2847,3.8146,27.9433,2.459,34.2169,17.0678
dev05,335,51.5599,3.8505,27.9465,2.186,33.983,17.5769
dev05,336,51.1564,3.8285,27.9651,2.3275,34.1211,17.0353
dev05,337,50.2861,3.7871,27.9275,2.1039,33.8185,16.4676
dev05,338,51.9645,3.6893,27.934,2.2412,33.8645,18.1
dev05,339,51.2869,3.9556,27.9501,2.2114,34.1171,17.1698
dev05,340,51.6274,3.929,27.9211,2.4455,34.2956,17.3318
dev05,341,50.9962,3.7671,27.9212,2.2088,33.8971,17.0991
dev05,342,51.045,3.9231,28.0704,2.2315,34.225,16.82
dev05,343,51.2025,3.9076,27.9929,2.6591,34.5596,16.6429
dev05,344,47.2434,3.8813,27.8985,0.7112,32.491,14.7524
dev05,345,51.2728,3.8178,27.9099,2.1894,33.9171,17.3557
dev05,346,51.0667,4.5839,27.9143,2.2901,34.7883,16.2784
dev05,347,51.7228,3.6236,27.924,2.6225,34.1701,17.5527
dev05,348,50.1388,3.8569,27.9253,2.1269,33.9091,16.2297
dev05,349,64.7784,3.6236,27.9105,3.2818,34.8159,29.9625
dev05,350,49.4805,4.4621,28.17,0.9882,33.6203,15.8602
dev05,351,51.111,3.7756,27.9775,2.342,34.0951,17.0159
dev05,352,51.1796,3.8277,27.9517,2.8073,34.5867,16.5929
dev05,353,50.6831,3.7392,27.9153,2.0695,33.724,16.9591
dev05,354,50.9517,3.8456,27.9462,2.345,34.1368,16.8149
dev05,355,47.9509,3.928,27.9947,0.7925,32.7152,15.2357
dev05,356,47.8339,3.7577,27.9477,0.7882,32.4936,15.3403
dev05,357,48.712,3.9895,27.9332,0.8079,32.7306,15.9814
dev05,358,55.9982,3.9378,27.9228,0.7428,32.6034,23.3948
dev05,359,59.4226,6.0125,28.2728,1.7195,36.0048,23.4178
dev05,360,59.1965,5.0731,28.0712,2.8388,35.9831,23.2134
dev05,361,71.8442,5.6061,28.0622,6.0915,39.7598,32.0844
dev05,362,57.4701,5.2102,28.095,3.1034,36.4086,21.0615
dev05,363,57.395,4.49,28.02,2.6547,35.1647,22.2303
dev05,364,58.5695,4.5833,27.951,2.9108,35.4451,23.1244
dev05,365,57.7243,5.2857,28.0908,4.8275,38.204,19.5203
dev05,366,54.4453,4.4048,28.003,3.0891,35.4969,18.9484
dev05,367,55.8025,3.9102,27.9912,3.726,35.6274,20.1751
dev05,368,54.9855,4.0583,27.9395,2.819,34.8168,20.1687
dev05,369,59.5873,4.3769,27.9465,3.1958,35.5192,24.0681
dev05,370,58.4401,5.2106,27.9498,3.1562,36.3166,22.1235
dev05,371,57.0227,4.8272,27.9572,2.9654,35.7498,21.2729
dev05,372,56.9493,5.4885,27.9702,2.8364,36.2951,20.6542
dev05,373,53.319,5.0092,27.9459,1.1248,34.0799,19.2391
dev05,374,55.5592,5.1281,27.9517,1.0519,34.1317,21.4275
dev05,375,58.9393,4.5009,27.9241,3.2085,35.6335,23.3058
dev05,376,60.2332,4.8567,28.0299,3.0418,35.9284,24.3048
dev05,377,51.718,4.9266,27.9757,0.9232,33.8255,17.8925
dev05,378,59.0847,4.8144,27.9602,2.3968,35.1714,23.9133
dev05,379,54.9184,5.1877,27.9423,2.9395,36.0695,18.8489
dev05,380,57.0352,4.7198,27.9047,2.7063,35.3308,21.7044
dev05,381,53.095,4.7991,27.95,0.9411,33.6902,19.4048
dev05,382,58.8947,4.5694,27.9399,3.2243,35.7336,23.1611
dev05,383,57.1368,5.0446,28.0605,3.2522,36.3573,20.7795
dev05,384,56.9769,4.7525,27.9596,3.045,35.7571,21.2198
dev05,385,58.5398,4.4762,28.0041,3.1241,35.6044,22.9354
dev05,386,56.548,5.0344,27.9501,2.7816,35.7661,20.7819
dev05,387,54.6088,4.5433,27.9396,3.107,35.5899,19.0189
dev05,388,58.9891,4.2659,27.9411,3.1753,35.3823,23.6068
dev05,389,55.7366,5.1413,27.9796,2.7742,35.8951,19.8415
dev05,390,60.216,4.3456,27.9282,2.1561,34.4299,25.7861
dev05,391,55.9986,4.8116,27.9689,2.3416,35.1221,20.8765
dev05,392,59.0924,4.1145,27.9762,2.9335,35.0242,24.0682
dev05,393,74.8817,5.2396,28.0782,5.4035,38.7213,36.1604
dev05,394,57.0799,6.0062,28.0871,2.8258,36.9191,20.1608
dev05,395,55.7397,4.3578,27.9552,2.8748,35.1878,20.5519
dev05,396,58.0029,4.1374,27.9345,2.8156,34.8875,23.1154
dev05,397,53.7548,4.5519,27.9057,2.4161,34.8737,18.8811
dev05,398,58.2744,4.5324,27.9473,4.4794,36.9591,21.3153
dev05,399,53.6517,4.1415,27.983,2.5004,34.6249,19.0268
dev05,400,58.897,4.5755,27.9656,3.3652,35.9063,22.9907
dev05,401,59.6665,5.02,27.9716,2.9714,35.963,23.7035
dev05,402,57.844,5.0385,28.0118,2.6449,35.6952,22.1488
dev05,403,55.4299,4.4545,27.9027,2.6143,34.9715,20.4584
dev05,404,54.855,4.8364,27.9335,2.7102,35.4801,19.3749
dev05,405,53.1744,3.7264,27.9198,2.5451,34.1913,18.9831
dev05,406,57.0105,4.3761,28.0011,2.8985,35.2757,21.7348
dev05,407,59.5282,4.8945,27.973,2.7844,35.6519,23.8763
dev05,408,53.1063,4.5355,27.9458,0.9891,33.4704,19.6359
dev05,409,51.6482,4.6193,27.9304,1.5672,34.1169,17.5313
dev05,410,58.005,3.8893,27.9231,2.8447,34.6571,23.3479
dev05,411,56.1335,4.419,27.954,2.965,35.338,20.7955
dev05,412,55.4147,4.9818,27.9235,2.919,35.8243,19.5904
dev05,413,58.1448,4.6472,27.9154,3.0802,35.6428,22.502
dev05,414,57.8708,5.2564,27.9595,1.3141,34.53,23.3408
dev05,415,57.1595,5.0606,27.9711,1.1358,34.1675,22.992
dev05,416,55.1423,5.5568,27.9393,1.0075,34.5036,20.6387
dev05,417,49.8618,4.351,27.984,1.2873,33.6223,16.2395
dev05,418,52.5747,4.655,27.9552,3.0716,35.6818,16.8929
dev05,419,53.494,4.6406,27.9559,2.4295,35.026,18.468
dev05,420,55.4703,4.1823,27.9763,2.7398,34.8984,20.5719
dev05,421,55.2694,5.093,28.0426,2.763,35.8986,19.3708
dev05,422,58.5324,5.3345,27.9871,2.409,35.7306,22.8018
dev05,423,54.6949,4.2787,27.9812,2.6279,34.8878,19.8071
dev05,424,54.3276,4.9206,27.9571,2.4512,35.3289,18.9987
dev05,425,55.1311,3.9876,27.9274,3.0193,34.9343,20.1968
dev05,426,58.9408,4.5514,28.0318,3.9328,36.516,22.4248
dev05,427,60.3197,5.4673,27.9589,3.037,36.4632,23.8565
dev05,428,56.8179,4.5783,27.9365,2.8371,35.3519,21.466
dev05,429,56.057,4.129,28.0193,2.9609,35.1092,20.9478
dev05,430,54.3206,4.9491,28.2384,2.7458,35.9333,18.3873
dev05,431,57.3438,4.5847,27.976,5.4819,38.0426,19.3012
dev05,432,54.1883,4.8327,27.9494,1.1113,33.8934,20.2949
dev05,433,55.7374,5.3521,27.9813,0.9806,34.314,21.4234
dev05,434,53.8539,5.2221,27.9817,2.8093,36.0131,17.8408
dev05,435,56.08,4.3791,27.9287,2.3333,34.6411,21.4389
dev05,436,55.4355,4.2023,27.956,2.9112,35.0695,20.366
dev05,437,56.3592,4.2804,27.9122,3.117,35.3096,21.0496
dev05,438,52.578,4.2288,27.916,2.6404,34.7852,17.7928
dev05,439,55.5201,4.417,27.9025,2.8937,35.2132,20.3069
dev05,440,54.9793,4.515,27.9215,2.4789,34.9154,20.0639
dev05,441,55.6579,4.5091,27.9208,2.6111,35.041,20.6169
dev05,442,52.965,4.3776,27.9736,1.2151,33.5663,19.3987
dev05,443,57.042,4.9282,27.9342,2.3214,35.1838,21.8582
dev05,444,54.5003,4.4138,27.9353,2.8194,35.1685,19.3318
dev05,445,58.832,4.5903,27.9483,3.2288,35.7674,23.0646
dev05,446,54.5996,4.6664,27.9328,2.6867,35.2859,19.3137
dev05,447,57.2067,3.8268,27.9338,2.8813,34.6419,22.5648
dev05,448,56.1561,5.0768,27.9495,2.8256,35.8519,20.3042
dev05,449,53.5886,4.2598,27.9585,2.1808,34.3991,19.1895
dev05,450,56.1396,4.3315,27.9621,2.9466,35.2402,20.8994
dev05,451,53.6639,4.5303,27.9765,2.8362,35.343,18.3209
dev05,452,53.6536,4.5182,27.9263,2.5056,34.9501,18.7035
dev05,453,56.4059,4.9165,27.9748,2.7267,35.618,20.7879
dev05,454,57.0279,4.3554,27.9952,4.6864,37.037,19.9909
dev05,455,55.2303,4.2134,28.1077,2.78,35.1011,20.1292
dev05,456,56.0569,3.9778,27.9499,3.1579,35.0856,20.9713
dev05,457,55.8985,4.5588,27.9758,3.0846,35.6192,20.2793
dev05,458,57.8783,5.1516,27.9347,3.8728,36.9591,20.9192
dev05,459,59.9385,4.6805,27.9254,2.8029,35.4088,24.5297
dev05,460,60.644,4.543,27.9508,3.1059,35.5997,25.0443
dev05,461,54.6054,4.1969,27.9646,2.87,35.0315,19.5739
dev05,462,59.7308,4.8975,27.9248,4.1471,36.9694,22.7614
dev05,463,56.055,4.3376,27.9318,2.944,35.2134,20.8416
dev05,464,55.7865,4.6165,27.9884,3.0381,35.643,20.1435
dev05,465,58.7146,4.5679,28.1818,2.8665,35.6162,23.0984
dev05,466,61.8405,5.2541,28.0172,5.5283,38.7996,23.0409
dev05,467,55.3376,5.0966,28.024,2.7806,35.9012,19.4364
dev05,468,56.1157,3.9457,27.9434,2.8142,34.7033,21.4124
dev05,469,55.9606,3.9544,27.9227,2.895,34.7721,21.1885
dev05,470,56.4272,4.7008,27.9025,3.0771,35.6804,20.7468
dev05,471,53.516,4.2248,27.9258,3.0336,35.1842,18.3318
dev05,472,57.3991,4.4468,27.9551,2.9851,35.387,22.0121
dev05,473,56.4857,4.2684,27.9313,2.7884,34.9881,21.4976
dev05,474,56.4159,4.2694,27.909,3.7191,35.8975,20.5184
dev05,475,55.1225,4.5888,27.9577,2.37,34.9165,20.206
dev05,476,55.5606,4.4488,27.9389,2.8264,35.2141,20.3465
dev05,477,55.5396,4.3207,27.9652,2.9473,35.2332,20.3064
dev05,478,54.8586,4.5318,27.9834,2.7109,35.2261,19.6325
dev05,479,55.3539,4.9021,27.9108,2.8116,35.6245,19.7294
dev05,480,59.2468,4.259,28.0218,2.6849,34.9657,24.2811
dev05,481,57.4745,4.4855,27.962,2.9099,35.3574,22.1171
dev05,482,58.0062,4.3641,27.9657,2.9712,35.301,22.7052
dev05,483,57.1994,4.5332,27.983,2.9443,35.4605,21.7389
dev05,484,55.2547,4.9399,27.9178,2.6573,35.515,19.7397
dev05,485,58.085,4.4848,27.924,2.9788,35.3876,22.6974
dev05,486,53.8763,4.3348,27.9378,2.5589,34.8315,19.0448
dev05,487,57.034,4.8205,27.92,3.5879,36.3284,20.7056
dev05,488,59.3276,5.1049,27.9242,3.6193,36.6484,22.6792
dev05,489,61.4253,5.2437,27.9032,3.0258,36.1727,25.2526
dev05,490,55.5063,5.3937,27.9792,2.81,36.1829,19.3234
dev05,491,57.7552,4.7802,27.9407,3.5889,36.3098,21.4454
dev05,492,56.6323,4.8432,27.9818,2.9512,35.7762,20.8561
dev05,493,53.1059,4.3142,28.004,2.3918,34.71,18.3959
dev05,494,55.8407,4.7013,27.9653,3.0613,35.7279,20.1128
dev05,495,55.192,4.298,27.9812,3.4613,35.7405,19.4515
dev05,496,55.0918,4.3782,27.9584,2.9391,35.2757,19.8161
dev05,497,57.9154,4.5011,28.0189,3.025,35.545,22.3704
dev05,498,55.6457,4.8726,28.013,2.3821,35.2677,20.378
dev05,499,54.341,4.3317,27.9578,2.5593,34.8488,19.4922
dev05,500,54.1535,4.8304,27.903,3.0862,35.8196,18.3339
dev05,501,55.4768,4.0444,27.9919,3.2071,35.2434,20.2334
dev05,502,58.1449,4.6152,27.9873,2.9921,35.5946,22.5503
dev05,503,57.023,4.7854,27.989,2.8478,35.6222,21.4008
dev05,504,54.6623,4.9503,27.9388,2.4842,35.3733,19.289
dev05,505,59.3778,4.5291,27.9806,3.1251,35.6348,23.743
dev05,506,54.6364,4.4098,27.9272,2.8263,35.1633,19.4731
dev05,507,54.3471,4.3075,27.9689,2.8779,35.1543,19.1928
dev05,508,55.7487,4.6428,27.9513,2.4273,35.0214,20.7273
dev05,509,53.639,4.1245,27.9291,2.5,34.5536,19.0854
dev05,510,53.5678,4.0746,27.9293,2.4795,34.4834,19.0844
dev05,511,56.964,3.5385,27.9446,4.1968,35.6799,21.2841
dev05,512,60.353,5.8262,27.971,2.9599,36.7571,23.5959
dev05,513,57.0744,5.1281,28.0111,3.1467,36.2859,20.7885
dev05,514,53.5633,4.6053,27.914,2.835,35.3543,18.209
dev05,515,55.8148,4.4121,27.961,2.9547,35.3278,20.487
dev05,516,55.8067,4.4836,28.0336,2.886,35.4032,20.4035
dev05,517,54.7084,4.1274,27.9234,2.1205,34.1713,20.5371
dev05,518,56.759,5.2782,27.9805,3.2083,36.467,20.292
dev05,519,59.3021,4.9099,28.0147,3.461,36.3856,22.9165
dev05,520,54.6335,4.4173,27.966,2.7174,35.1007,19.5328
dev05,521,55.2594,4.7064,27.9155,2.9505,35.5724,19.687
dev05,522,54.269,4.652,27.9316,2.7863,35.3699,18.8991
dev05,523,55.3518,4.2802,27.9484,2.9539,35.1825,20.1693
dev05,524,54.4354,5.2692,27.9306,2.9119,36.1117,18.3237
dev05,525,59.1248,4.8547,27.9582,3.0182,35.8311,23.2937
dev05,526,58.7225,4.8446,27.9345,2.8531,35.6322,23.0903
dev05,527,55.2797,4.6024,27.9631,2.8706,35.4361,19.8436
dev05,528,60.0916,4.5569,28.05,3.0682,35.6751,24.4165
dev05,529,60.7672,4.3686,28.0046,4.4976,36.8708,23.8964
dev05,530,56.6625,4.7936,27.9732,3.0865,35.8533,20.8092
dev05,531,55.1094,5.2718,27.9696,2.8196,36.061,19.0484
dev05,532,56.9353,4.8256,28.0592,3.0798,35.9646,20.9707
dev05,533,56.4679,4.0767,27.9264,2.7856,34.7887,21.6792
dev05,534,56.7538,4.3809,27.9843,4.2072,36.5724,20.1814
dev05,535,56.7881,4.2968,27.9643,3.1187,35.3798,21.4083
dev05,536,55.6558,4.8951,27.9407,2.9525,35.7883,19.8675
dev05,537,57.1977,3.5451,28.0344,2.9487,34.5282,22.6695
dev05,538,57.6533,4.2457,28.0214,3.0663,35.3334,22.3199
dev05,539,57.2356,5.1564,27.9814,2.8157,35.9535,21.2821
dev06,0,61.8411,4.5359,27.9556,0.9713,33.4628,28.3783
dev06,1,59.2079,5.142,27.9236,0.8252,33.8908,25.3171
dev06,2,61.277,4.3058,27.9458,2.6314,34.883,26.394
dev06,3,56.1528,4.5037,27.9153,0.6689,33.0879,23.0649
dev06,4,66.6724,4.3527,27.9843,1.1171,33.4541,33.2183
dev06,5,62.7294,4.4404,27.923,1.0065,33.3699,29.3595
dev06,6,66.014,5.1861,28.176,3.3919,36.754,29.26
dev06,7,64.2646,4.4523,27.9806,2.9172,35.3501,28.9145
dev06,8,64.358,4.1395,27.9747,1.1694,33.2836,31.0744
dev06,9,64.1133,5.1825,27.984,1.0684,34.2349,29.8784
dev06,10,64.2436,4.2267,28.0617,3.0453,35.3337,28.9099
dev06,11,62.0953,4.8276,27.9759,1.1091,33.9126,28.1827
dev06,12,66.66,4.9164,28.0541,3.6757,36.6462,30.0138
dev06,13,64.7274,4.6753,27.938,0.9795,33.5928,31.1346
dev06,14,61.2277,4.6692,27.9288,0.9814,33.5794,27.6483
dev06,15,60.6775,4.5519,27.9121,1.2214,33.6854,26.9921
dev06,16,63.5005,4.5736,27.9428,1.0539,33.5703,29.9302
dev06,17,63.2242,5.218,28.0592,0.986,34.2632,28.961
dev06,18,62.9635,4.3601,27.9806,2.8062,35.1469,27.8166
dev06,19,63.1983,4.5239,28.0079,1.0283,33.5601,29.6382
dev06,20,62.8756,4.5033,27.9464,2.8565,35.3062,27.5694
dev06,21,60.9212,4.3504,28.0143,2.7316,35.0963,25.8249
dev06,22,64.1635,4.4465,28.0326,2.7702,35.2493,28.9142
dev06,23,59.0786,3.9235,27.9101,1.1871,33.0207,26.0579
dev06,24,61.6868,4.5052,27.9462,2.6408,35.0922,26.5946
dev06,25,59.1162,4.8947,27.9454,1.097,33.9371,25.1791
dev06,26,65.6964,4.4865,27.9297,0.9962,33.4124,32.284
dev06,27,64.8328,4.8124,27.9819,2.7565,35.5508,29.282
dev06,28,61.2451,4.4279,28.0324,0.9772,33.4375,27.8076
dev06,29,63.3771,4.5626,27.9413,2.7367,35.2406,28.1365
dev06,30,64.482,4.6002,27.9522,1.1915,33.7439,30.7381
dev06,31,64.1812,4.6666,27.9527,2.8464,35.4657,28.7155
dev06,32,66.3233,4.5181,27.9949,2.9596,35.4726,30.8507
dev06,33,60.5633,4.669,28.0747,1.0939,33.8376,26.7257
dev06,34,60.1546,4.4429,27.9331,0.9242,33.3002,26.8544
dev06,35,61.3114,4.7043,27.9558,0.9804,33.6405,27.6709
dev06,36,62.8932,4.6229,27.9697,2.5681,35.1607,27.7325
dev06,37,60.9036,4.3782,27.976,2.8026,35.1568,25.7468
dev06,38,62.9859,4.9875,27.9374,3.0176,35.9425,27.0434
dev06,39,61.4767,4.5405,27.9659,2.7173,35.2237,26.253
dev06,40,64.3239,4.9153,27.9363,1.1168,33.9684,30.3555
dev06,41,57.5469,4.3971,27.9385,0.8946,33.2302,24.3167
dev06,42,59.2248,4.4056,27.9515,1.1414,33.4985,25.7263
dev06,43,65.2094,4.5478,27.9991,2.9602,35.5071,29.7023
dev06,44,62.0647,4.4062,28.1426,1.1221,33.6709,28.3938
dev06,45,64.7125,4.2292,27.9576,2.654,34.8408,29.8717
dev06,46,64.0434,4.7011,28.0448,2.5001,35.246,28.7974
dev06,47,63.0672,4.2896,28.024,2.694,35.0076,28.0596
dev06,48,61.2158,4.3094,27.9718,2.651,34.9322,26.2836
dev06,49,70.1523,5.1645,27.9653,3.3053,36.4351,33.7172
dev06,50,66.0303,5.1007,27.9491,3.0977,36.1475,29.8828
dev06,51,60.8488,5.1099,27.9774,1.1852,34.2725,26.5763
dev06,52,59.2682,5.0926,27.9618,1.1733,34.2277,25.0405
dev06,53,63.4552,4.8889,27.9245,2.7677,35.5811,27.8741
dev06,54,64.3946,4.3281,27.9836,1.0416,33.3533,31.0413
dev06,55,62.8095,4.9715,27.9257,3.0995,35.9967,26.8128
dev06,56,65.3511,4.1343,27.9328,2.9622,35.0293,30.3218
dev06,57,60.6186,5.2759,27.9163,1.2673,34.4595,26.1591
dev06,58,64.9414,4.5488,27.9281,2.8053,35.2822,29.6592
dev06,59,64.9052,4.4948,27.9144,2.9984,35.4076,29.4976
dev06,60,61.8759,4.6042,27.9349,2.7922,35.3313,26.5446
dev06,61,66.3418,4.5272,27.9843,3.2271,35.7386,30.6032
dev06,62,59.0201,4.6553,27.9348,1.0816,33.6717,25.3484
dev06,63,60.595,4.8125,27.9428,2.4853,35.2406,25.3544
dev06,64,61.5477,4.1411,27.928,2.4079,34.477,27.0707
dev06,65,64.7305,4.2478,27.9957,2.927,35.1705,29.56
dev06,66,66.7193,4.0996,27.972,2.9055,34.9771,31.7422
dev06,67,65.9276,4.7195,27.9582,0.9938,33.6715,32.2561
dev06,68,66.837,5.0972,28.0138,1.1909,34.3019,32.5351
dev06,69,65.6273,4.676,27.943,1.096,33.715,31.9123
dev06,70,65.9053,4.0694,28.1172,2.8119,34.9985,30.9068
dev06,71,68.6694,4.2603,27.9713,2.8672,35.0988,33.5706
dev06,72,62.6782,4.9285,28.0904,2.5456,35.5645,27.1137
dev06,73,65.6013,4.1285,27.9545,2.8462,34.9292,30.6721
dev06,74,59.5951,4.9168,27.9747,2.4107,35.3022,24.2929
dev06,75,57.89,4.0423,27.9129,1.1316,33.0868,24.8032
dev06,76,61.1343,4.4701,27.9703,3.0619,35.5023,25.632
dev06,77,59.9033,4.4964,27.9857,0.8391,33.3212,26.5821
dev06,78,57.319,4.3166,27.9332,0.8156,33.0654,24.2536
dev06,79,72.003,4.2735,28.0149,4.2156,36.504,35.499
dev06,80,66.0417,4.2502,27.9097,2.707,34.8669,31.1748
dev06,81,68.1413,4.8784,27.951,3.3423,36.1717,31.9696
dev06,82,61.301,5.2119,27.9826,1.0589,34.2534,27.0476
dev06,83,62.2648,4.1621,27.9814,2.1041,34.2476,28.0172
dev06,84,62.7948,4.4231,27.9688,3.0241,35.416,27.3788
dev06,85,62.7813,3.9285,27.933,2.5247,34.3862,28.3951
dev06,86,63.7029,4.26,28.1509,3.1219,35.5328,28.1701
dev06,87,62.9562,4.361,27.8915,2.3279,34.5804,28.3758
dev06,88,62.7444,4.1435,27.9659,2.8017,34.9111,27.8333
dev06,89,63.3033,5.0416,27.9419,2.6678,35.6513,27.652
dev06,90,65.3088,4.9468,27.9529,3.1498,36.0495,29.2593
dev06,91,69.4835,4.4044,27.9475,4.1233,36.4752,33.0083
dev06,92,62.3028,4.872,28.087,0.9122,33.8712,28.4316
dev06,93,68.6213,4.8298,27.9232,3.1566,35.9096,32.7117
dev06,94,59.0032,4.7657,27.9571,1.1437,33.8665,25.1367
dev06,95,63.7244,5.2666,27.9372,2.7879,35.9917,27.7327
dev06,96,63.1767,4.4589,28.0764,2.9699,35.5052,27.6715
dev06,97,60.4908,4.4688,27.9173,2.9221,35.3082,25.1826
dev06,98,62.3258,4.4838,27.9391,1.0142,33.4371,28.8887
dev06,99,59.8803,4.8839,27.9345,1.2266,34.045,25.8353
dev06,100,60.6429,5.1188,27.9489,0.8583,33.926,26.7169
dev06,101,61.2461,4.6538,27.9349,0.9367,33.5254,27.7207
dev06,102,63.1757,4.6688,27.8898,2.9996,35.5582,27.6175
dev06,103,64.5397,4.8897,27.9497,2.8768,35.7162,28.8235
dev06,104,62.0616,4.687,27.9219,1.1761,33.785,28.2766
dev06,105,66.522,5.5997,27.9782,3.8379,37.4158,29.1062
dev06,106,59.1758,4.2078,27.9373,0.9901,33.1352,26.0406
dev06,107,59.4485,4.4732,27.9542,0.9391,33.3665,26.082
dev06,108,64.2824,4.6628,28.3475,2.6694,35.6797,28.6027
dev06,109,63.0887,4.369,27.9032,1.1477,33.4199,29.6688
dev06,110,59.9059,4.5244,27.9671,0.9926,33.4841,26.4218
dev06,111,61.7113,4.5666,27.9238,2.9815,35.4719,26.2394
dev06,112,58.1235,4.2789,28.0103,1.0519,33.3411,24.7824
dev06,113,69.1435,4.7874,27.9488,2.8512,35.5874,33.5561
dev06,114,65.4317,4.5195,27.933,2.9926,35.4451,29.9866
dev06,115,61.9795,4.7625,27.9405,3.0945,35.7975,26.182
dev06,116,63.5116,4.5657,27.9864,2.833,35.3851,28.1265
dev06,117,64.03,4.9985,27.9115,3.0854,35.9954,28.0346
dev06,118,57.4508,4.2551,27.9375,1.017,33.2096,24.2412
dev06,119,59.5147,4.4388,27.9331,1.0345,33.4064,26.1083
dev06,120,60.6932,4.3976,27.9891,0.8954,33.2821,27.4111
dev06,121,63.8511,4.1339,27.9152,2.9277,34.9768,28.8743
dev06,122,63.5441,4.233,28.0485,1.1088,33.3903,30.1538
dev06,123,59.7251,4.3414,27.9494,0.7852,33.076,26.6491
dev06,124,63.9106,4.6635,27.9503,0.9628,33.5766,30.334
dev06,125,64.7434,4.7913,27.9361,1.008,33.7354,31.008
dev06,126,62.6077,5.0601,27.9714,0.9878,34.0193,28.5884
dev06,127,64.6708,4.4026,28.1765,2.9372,35.5163,29.1545
dev06,128,60.0315,4.6838,28.0515,1.1047,33.84,26.1915
dev06,129,62.6255,4.5309,27.9535,3.0137,35.4981,27.1274
dev06,130,59.3217,4.4398,27.9643,2.3881,34.7922,24.5295
dev06,131,58.9374,4.4631,27.9449,0.9291,33.3371,25.6003
dev06,132,61.055,4.8153,27.9283,0.9814,33.725,27.33
dev06,133,63.3962,4.5369,27.9689,2.7032,35.209,28.1872
dev06,134,63.3363,4.7388,27.9699,1.1194,33.8281,29.5082
dev06,135,69.0718,4.4531,27.9261,4.1329,36.5121,32.5597
dev06,136,59.7272,4.7126,27.9785,0.912,33.6031,26.1241
dev06,137,64.6274,4.58,28.046,2.9314,35.5574,29.07
dev06,138,67.4636,4.3862,27.9446,3.0973,35.4281,32.0355
dev06,139,68.2646,5.0059,28.0013,2.9516,35.9588,32.3058
dev06,140,60.5817,4.9644,27.9882,1.0227,33.9753,26.6064
dev06,141,62.7683,4.4678,27.9876,0.9865,33.4419,29.3264
dev06,142,60.8809,4.3363,27.9428,0.9901,33.2692,27.6117
dev06,143,64.7779,4.4734,27.9841,3.0106,35.4681,29.3098
dev06,144,64.5036,4.1881,27.9664,2.2741,34.4286,30.075
dev06,145,67.972,4.4649,27.9597,3.0225,35.4471,32.5249
dev06,146,62.854,5.8004,28.0053,1.0854,34.8911,27.9629
dev06,147,62.8728,5.1408,27.9131,2.241,35.2949,27.5779
dev06,148,70.0837,4.7992,28.0192,2.8261,35.6445,34.4392
dev06,149,65.2601,4.9706,27.9041,1.0099,33.8846,31.3755
dev06,150,63.1952,5.0538,27.9694,1.11,34.1332,29.062
dev06,151,60.3514,5.0683,27.9727,0.9753,34.0163,26.3351
dev06,152,67.8687,4.8341,27.9951,3.1756,36.0048,31.8639
dev06,153,62.7434,4.9809,27.9381,3.3506,36.2696,26.4738
dev06,154,62.9109,4.0267,27.9984,2.8893,34.9144,27.9965
dev06,155,67.0438,4.3391,27.9363,2.9449,35.2203,31.8235
dev06,156,60.047,3.9542,27.9347,2.4545,34.3434,25.7036
dev06,157,61.481,4.3857,27.9982,1.0345,33.4184,28.0626
dev06,158,62.3559,5.062,27.9282,3.6711,36.6613,25.6946
dev06,159,67.8411,4.0664,27.985,2.706,34.7574,33.0837
dev06,160,65.3385,5.3297,28.0355,3.1112,36.4764,28.8621
dev06,161,65.396,4.5196,27.9244,2.375,34.819,30.577
dev06,162,64.3349,5.1357,27.979,3.0708,36.1855,28.1494
dev06,163,62.9319,4.0497,27.9244,2.4671,34.4412,28.4907
dev06,164,62.9784,4.0777,27.9771,2.4838,34.5386,28.4398
dev06,165,64.8351,5.2394,28.0186,2.7474,36.0054,28.8297
dev06,166,66.3405,4.4004,27.9751,4.1865,36.562,29.7785
dev06,167,64.13,4.4208,27.8995,2.6873,35.0076,29.1224
dev06,168,64.9531,4.9481,28.0357,3.1103,36.0941,28.859
dev06,169,62.4908,4.6632,27.9687,2.8681,35.5,26.9908
dev06,170,63.1877,4.6619,27.9596,1.1224,33.7439,29.4438
dev06,171,64.7616,5.093,27.9633,2.8435,35.8998,28.8618
dev06,172,65.4156,3.8322,28.0563,3.6344,35.5229,29.8927
dev06,173,58.0985,4.3378,28.0211,0.9624,33.3213,24.7772
dev06,174,62.9006,4.6979,27.914,3.1327,35.7446,27.156
dev06,175,61.1638,4.5256,27.9473,1.0591,33.532,27.6318
dev06,176,65.6583,4.8412,27.9525,1.1141,33.9078,31.7505
dev06,177,62.7969,4.8479,27.9367,2.663,35.4476,27.3493
dev06,178,67.6938,4.5958,27.9533,2.7902,35.3393,32.3545
dev06,179,72.4566,4.8602,28.0339,3.0292,35.9233,36.5333
dev06,180,71.5,5.1724,28.2238,2.9534,36.3496,35.1504
dev06,181,66.3177,5.8664,28.0401,2.8984,36.8049,29.5128
dev06,182,68.5009,4.3959,28.1216,2.7951,35.3126,33.1883
dev06,183,74.7797,5.9463,28.0835,3.6873,37.7171,37.0626
dev06,184,69.4083,4.7816,28.0745,3.4136,36.2697,33.1386
dev06,185,74.1633,5.1961,27.9608,3.9849,37.1418,37.0215
dev06,186,64.0208,5.1703,27.9433,2.9549,36.0685,27.9523
dev06,187,64.1033,4.8109,27.9125,3.042,35.7654,28.3379
dev06,188,66.5505,4.5191,27.9142,3.0414,35.4747,31.0758
dev06,189,69.0253,5.6501,28.0123,3.1397,36.8021,32.2232
dev06,190,64.6714,5.0582,28.0437,1.0663,34.1682,30.5032
dev06,191,64.2794,4.4729,27.9604,2.8279,35.2612,29.0182
dev06,192,61.4355,4.5404,28.0391,3.3161,35.8956,25.5399
dev06,193,62.9243,3.9166,27.9766,3.1515,35.0447,27.8796
dev06,194,63.6698,4.6997,27.9798,2.8706,35.5501,28.1197
dev06,195,68.4158,4.5522,28.0253,4.7785,37.356,31.0598
dev06,196,64.218,4.7587,27.9535,2.8593,35.5715,28.6465
dev06,197,61.6127,4.7249,28.0414,1.0641,33.8304,27.7823
dev06,198,65.9035,5.8554,28.0009,2.8925,36.7488,29.1547
dev06,199,63.7316,4.6161,28.0583,2.7719,35.4463,28.2853
dev06,200,61.2559,3.8579,27.9539,2.5225,34.3343,26.9216
dev06,201,68.2278,4.4259,28.0793,5.2652,37.7704,30.4574
dev06,202,65.2112,4.151,27.9586,4.5786,36.6882,28.523
dev06,203,64.0444,5.4601,28.1722,2.7446,36.3769,27.6675
dev06,204,61.6682,4.4756,28.002,2.8029,35.2805,26.3877
dev06,205,63.2659,4.7933,27.9921,2.4551,35.2405,28.0254
dev06,206,61.7523,3.7029,27.9328,2.4277,34.0634,27.6889
dev06,207,62.0727,4.6031,27.9714,2.4811,35.0556,27.0171
dev06,208,62.1875,4.6667,27.921,2.519,35.1067,27.0808
dev06,209,63.3453,4.8142,27.9854,2.547,35.3466,27.9987
dev06,210,62.2938,3.8435,27.9955,2.6157,34.4547,27.8391
dev06,211,63.0521,3.8632,28.0699,3.0274,34.9605,28.0916
dev06,212,68.1704,4.6428,27.9108,2.7555,35.3091,32.8613
dev06,213,64.8498,4.4771,27.9463,2.2127,34.6361,30.2137
dev06,214,58.91,4.4603,27.9315,1.0258,33.4176,25.4924
dev06,215,67.963,4.5573,27.9549,3.2681,35.7803,32.1827
dev06,216,61.1484,4.6594,27.948,2.276,34.8834,26.265
dev06,217,60.2333,4.0732,27.8872,2.688,34.6484,25.5849
dev06,218,61.0743,4.8447,27.9355,1.1174,33.8976,27.1767
dev06,219,65.8923,4.995,27.9556,3.151,36.1016,29.7907
dev06,220,62.718,4.6497,27.9683,2.5203,35.1383,27.5797
dev06,221,66.5806,4.654,28.0024,3.2683,35.9247,30.6559
dev06,222,65.8806,4.8578,27.8902,2.6526,35.4006,30.48
dev06,223,68.2725,4.7104,28.0385,3.0871,35.836,32.4365
dev06,224,60.6475,4.5079,28.0138,2.3199,34.8416,25.8059
dev06,225,62.0558,4.7183,27.9101,0.8318,33.4602,28.5956
dev06,226,65.2136,4.7662,27.9346,1.0622,33.763,31.4506
dev06,227,67.832,4.3615,27.9553,2.6678,34.9846,32.8474
dev06,228,67.0333,5.308,27.9952,3.4368,36.74,30.2933
dev06,229,63.5771,4.9939,27.9411,2.9345,35.8695,27.7076
dev06,230,57.472,4.3436,27.9857,0.9771,33.3064,24.1656
dev06,231,63.2062,4.6241,27.941,2.4714,35.0365,28.1697
dev06,232,64.6845,5.0524,27.9869,2.6522,35.6915,28.993
dev06,233,80.9021,5.9125,28.0405,5.108,39.061,41.8411
dev06,234,70.2824,5.6693,28.1419,4.9509,38.7621,31.5203
dev06,235,62.9524,5.1081,28.0648,1.2127,34.3856,28.5668
dev06,236,69.0824,6.0139,28.0286,3.4975,37.54,31.5424
dev06,237,70.153,6.4179,28.0448,3.9275,38.3902,31.7628
dev06,238,67.6479,5.7801,28.0143,3.202,36.9964,30.6515
dev06,239,74.5044,5.4648,28.0539,4.3066,37.8253,36.6791
dev06,240,64.1112,5.2026,28.0122,2.9669,36.1817,27.9295
dev06,241,62.2014,5.5296,27.9642,1.2162,34.71,27.4914
dev06,242,65.3483,4.5349,28.0117,3.6742,36.2208,29.1275
dev06,243,60.9562,4.6781,28.0156,1.3385,34.0322,26.924
dev06,244,60.3279,4.6432,28.0022,1.3227,33.9681,26.3598
dev06,245,58.802,5.1316,28.0655,1.2981,34.4952,24.3068
dev06,246,65.2716,4.5774,28.0131,4.1162,36.7067,28.5649
dev06,247,63.6158,4.491,27.9269,3.6557,36.0736,27.5422
dev06,248,67.044,5.1867,27.9787,2.9623,36.1277,30.9163
dev06,249,58.5781,4.0704,28.0496,1.4893,33.6093,24.9688
dev06,250,60.4036,4.1856,28.0017,1.3555,33.5428,26.8608
dev06,251,60.5563,4.4934,28.0061,2.3438,34.8433,25.713
dev06,252,62.4666,4.4216,28.0215,3.2231,35.6662,26.8004
dev06,253,66.477,4.7012,27.9277,2.769,35.3979,31.0791
dev06,254,61.3934,4.8367,27.9557,3.1093,35.9017,25.4917
dev06,255,66.6752,4.9582,27.9895,2.7667,35.7144,30.9608
dev06,256,69.8216,4.9486,27.9252,3.0453,35.9191,33.9025
dev06,257,62.5452,4.7113,27.9607,4.6335,37.3055,25.2397
dev06,258,64.894,4.5733,28.0143,2.7483,35.3359,29.5581
dev06,259,65.3695,4.527,27.9944,2.948,35.4694,29.9001
dev06,260,63.1172,4.5475,28.1485,4.1469,36.8429,26.2743
dev06,261,62.4777,4.7394,27.9967,3.161,35.8971,26.5806
dev06,262,61.0008,4.4507,27.9187,2.9701,35.3395,25.6613
dev06,263,64.3783,4.5083,28.0093,3.8779,36.3955,27.9828
dev06,264,61.0764,4.3587,27.9562,1.5143,33.8292,27.2472
dev06,265,60.1393,5.2305,28.0368,1.0386,34.3059,25.8334
dev06,266,64.3828,5.1047,28.0196,2.5227,35.647,28.7358
dev06,267,66.1227,4.4675,28.1606,2.7472,35.3753,30.7474
dev06,268,63.2773,4.1766,27.9714,2.6116,34.7596,28.5177
dev06,269,61.7571,5.1834,28.0017,1.331,34.5161,27.241
dev06,270,63.6966,5.2797,28.0314,1.035,34.3461,29.3505
dev06,271,60.5653,4.8021,27.9398,0.9044,33.6463,26.919
dev06,272,63.7716,4.7713,27.9991,2.9175,35.6879,28.0837
dev06,273,62.2244,4.3516,27.9382,1.112,33.4018,28.8226
dev06,274,61.5401,4.0943,28.0044,2.6679,34.7666,26.7735
dev06,275,64.3214,4.4332,28.0172,3.0945,35.5449,28.7765
dev06,276,71.3161,5.5754,27.9647,4.3044,37.8445,33.4716
dev06,277,63.7044,5.001,28.0303,3.5962,36.6275,27.0769
dev06,278,62.24,4.4824,28.0119,3.647,36.1413,26.0987
dev06,279,63.4198,5.1361,27.9637,4.7659,37.8657,25.5541
dev06,280,62.6234,4.5867,28.077,4.0211,36.6848,25.9386
dev06,281,63.5948,4.1369,27.9922,3.9982,36.1273,27.4675
dev06,282,66.2512,4.7054,28.0669,3.3924,36.1647,30.0865
dev06,283,63.7256,5.6121,28.0345,3.9042,37.5508,26.1748
dev06,284,66.9712,4.9604,27.9171,2.9377,35.8152,31.156
dev06,285,63.7584,4.7963,27.9934,1.0851,33.8748,29.8836
dev06,286,65.8389,4.5516,27.9634,3.4127,35.9277,29.9112
dev06,287,64.3988,5.2939,28.0095,1.1392,34.4426,29.9562
dev06,288,65.9833,5.294,27.9794,2.3439,35.6173,30.366
dev06,289,67.3918,5.2702,28.0499,3.3968,36.7169,30.6749
dev06,290,73.0537,4.723,28.0005,3.508,36.2315,36.8222
dev06,291,60.2976,4.6654,28.0628,1.284,34.0122,26.2854
dev06,292,67.018,4.7267,28.0523,3.3869,36.1659,30.8521
dev06,293,64.2435,4.2446,28.1055,1.2544,33.6045,30.639
dev06,294,61.4767,5.2541,27.9518,1.0657,34.2716,27.2051
dev06,295,65.3879,4.6363,28.2109,1.5195,34.3667,31.0212
dev06,296,67.545,4.9518,28.2685,3.0931,36.3134,31.2316
dev06,297,65.8836,5.3703,28.048,2.6235,36.0418,29.8418
dev06,298,65.3424,3.8023,27.9429,3.1962,34.9414,30.401
dev06,299,64.0048,3.8504,27.9627,2.7969,34.61,29.3948
dev06,300,63.157,4.0041,27.9812,3.2006,35.1859,27.9711
dev06,301,61.3619,5.1169,27.9743,1.2766,34.3678,26.9941
dev06,302,62.2876,4.5679,28.011,2.5688,35.1477,27.1399
dev06,303,62.2308,4.3066,27.9957,3.4217,35.724,26.5068
dev06,304,66.5782,4.3429,28.0297,4.3998,36.7724,29.8058
dev06,305,63.4613,4.8394,27.9898,3.0334,35.8626,27.5987
dev06,306,67.8538,4.7211,28.0418,5.0638,37.8267,30.0271
dev06,307,64.3133,4.5731,28.0355,3.046,35.6546,28.6587
dev06,308,63.3181,4.3928,27.9716,2.6268,34.9912,28.3269
dev06,309,62.1776,5.2079,28.009,1.1568,34.3737,27.8039
dev06,310,68.4155,5.0647,28.2185,3.05,36.3332,32.0823
dev06,311,66.4725,4.9934,28.0462,2.6468,35.6864,30.7861
dev06,312,62.116,4.5617,28.0451,1.0994,33.7062,28.4098
dev06,313,68.0112,4.2577,27.9817,3.0632,35.3026,32.7086
dev06,314,70.7086,5.731,28.0433,3.2677,37.042,33.6666
dev06,315,71.7517,5.1021,27.9874,2.6676,35.7571,35.9946
dev06,316,66.4539,4.4729,28.031,1.8641,34.368,32.0859
dev06,317,75.8844,5.011,28.0583,3.1777,36.247,39.6374
dev06,318,80.4169,5.8897,28.0122,3.1816,37.0835,43.3334
dev06,319,68.3926,5.3966,28.1326,3.8201,37.3493,31.0433
dev06,320,72.9075,5.2375,28.0244,2.9267,36.1886,36.7189
dev06,321,61.8307,5.6943,28.0308,1.0459,34.771,27.0597
dev06,322,64.5244,5.3408,28.0284,1.11,34.4792,30.0452
dev06,323,70.4887,5.2067,28.1294,3.4788,36.8149,33.6738
dev06,324,66.1398,4.8009,27.9852,1.1401,33.9262,32.2136
dev06,325,74.7466,5.1321,28.0097,0.9998,34.1416,40.605
dev06,326,67.4907,5.4866,27.9825,2.8116,36.2807,31.21
dev06,327,77.7972,4.8722,30.5191,6.1727,41.564,36.2332
dev06,328,64.4987,6.4863,28.1624,1.0981,35.7468,28.7519
dev06,329,72.0157,5.1787,27.9342,3.1657,36.2786,35.7371
dev06,330,70.0674,5.8062,28.1282,3.0498,36.9842,33.0832
dev06,331,73.7575,5.3941,28.2027,5.3259,38.9227,34.8348
dev06,332,64.1629,5.8914,28.0542,1.5988,35.5444,28.6185
dev06,333,70.315,4.7794,27.9994,4.4911,37.2699,33.0451
dev06,334,65.786,5.5603,28.0065,3.9682,37.535,28.251
dev06,335,65.8,4.5617,28.0022,4.0591,36.623,29.177
dev06,336,65.6694,4.8266,28.1183,5.3415,38.2864,27.383
dev06,337,59.0684,4.4262,27.9699,1.39,33.7861,25.2823
dev06,338,64.7966,4.8733,27.9608,5.1262,37.9603,26.8363
dev06,339,61.912,4.7601,27.9785,3.1769,35.9155,25.9965
dev06,340,63.9699,4.7619,27.9782,1.4116,34.1517,29.8182
dev06,341,72.0693,4.9717,27.9491,4.7424,37.6632,34.4061
dev06,342,59.9474,5.1044,27.9656,1.0346,34.1046,25.8428
dev06,343,64.3647,4.498,28.022,3.3823,35.9023,28.4624
dev06,344,72.2671,4.926,28.0667,3.0416,36.0343,36.2328
dev06,345,67.4686,5.3433,28.0479,2.9363,36.3275,31.1411
dev06,346,60.0783,4.5995,27.9367,1.2876,33.8238,26.2545
dev06,347,66.1028,5.1419,27.9528,3.8296,36.9243,29.1785
dev06,348,70.2997,5.619,27.9917,3.6057,37.2164,33.0833
dev06,349,63.1895,4.0041,28.0152,1.4487,33.468,29.7215
dev06,350,73.0773,5.7763,28.0973,4.0969,37.9705,35.1068
dev06,351,66.5194,5.3104,28.0102,3.2279,36.5485,29.9709
dev06,352,67.0334,4.4674,28.0846,3.4289,35.9809,31.0525
dev06,353,71.9797,4.8243,28.056,3.6615,36.5418,35.4379
dev06,354,69.4233,4.9703,27.9106,2.8877,35.7686,33.6547
dev06,355,67.2992,5.247,28.2676,4.8829,38.3975,28.9017
dev06,356,63.6179,4.9511,28.0797,3.4683,36.4991,27.1188
dev06,357,62.0818,4.5153,28.013,2.9108,35.4391,26.6427
dev06,358,63.1377,4.7048,27.9837,2.6865,35.375,27.7627
dev06,359,64.8681,4.7558,28.0457,4.5536,37.3551,27.513
dev06,360,70.5068,4.9252,27.9665,2.5331,35.4248,35.082
dev06,361,68.8425,5.3948,28.0787,3.8954,37.3689,31.4736
dev06,362,59.3731,4.6717,28.0214,0.9258,33.6189,25.7542
dev06,363,66.6999,4.4735,28.1906,3.4185,36.0826,30.6173
dev06,364,67.0377,4.3299,28.1208,2.4504,34.9011,32.1366
dev06,365,62.9827,4.9756,28.0029,2.7089,35.6874,27.2953
dev06,366,65.0513,4.9079,28.0022,3.1846,36.0947,28.9566
dev06,367,65.6668,4.8776,27.9787,4.8534,37.7097,27.9571
dev06,368,62.14,4.7857,27.9895,3.05,35.8252,26.3148
dev06,369,63.7946,4.6363,28.0511,3.2092,35.8966,27.898
dev06,370,62.6068,4.4298,28.0396,5.0077,37.4771,25.1297
dev06,371,64.4892,4.3908,28.0604,0.8469,33.2981,31.1911
dev06,372,65.4787,5.7148,28.0461,3.4075,37.1684,28.3103
dev06,373,64.0544,4.3617,27.929,2.9694,35.2601,28.7943
dev06,374,62.5278,4.5939,28.0061,4.1899,36.7899,25.7379
dev06,375,65.2074,4.3724,27.9712,3.5047,35.8483,29.3591
dev06,376,64.6915,4.6107,27.9703,2.7013,35.2823,29.4092
dev06,377,60.3709,5.078,28.069,1.2973,34.4443,25.9266
dev06,378,66.1158,5.0072,28.0524,4.6097,37.6693,28.4465
dev06,379,62.8092,4.8106,28.0281,2.8971,35.7358,27.0734
dev06,380,66.0567,5.2624,27.9301,2.3352,35.5277,30.529
dev06,381,60.6109,4.7841,27.9426,1.6221,34.3488,26.2621
dev06,382,66.2374,4.7725,28.0023,2.61,35.3848,30.8526
dev06,383,63.9379,4.7734,27.9533,3.5962,36.3229,27.615
dev06,384,64.0329,5.2399,27.9538,3.3819,36.5756,27.4573
dev06,385,61.6169,4.622,27.9858,2.6027,35.2105,26.4064
dev06,386,61.1304,5.0192,27.9958,2.2205,35.2355,25.8949
dev06,387,57.2208,4.896,28.1263,1.1611,34.1834,23.0374
dev06,388,58.708,4.6419,28.0058,1.5238,34.1715,24.5365
dev06,389,63.8946,4.5049,28.0425,4.9312,37.4786,26.416
dev06,390,61.5294,5.1218,27.9625,3.3077,36.392,25.1374
dev06,391,64.9671,4.647,27.9721,3.0669,35.686,29.2811
dev06,392,58.1263,4.612,28.006,1.0713,33.6893,24.437
dev06,393,64.0128,4.8233,27.9844,3.0104,35.8181,28.1947
dev06,394,65.9998,4.267,27.9831,3.2414,35.4915,30.5083
dev06,395,62.8756,4.6759,28.0547,2.7247,35.4553,27.4203
dev06,396,64.4885,4.6643,28.0249,2.435,35.1242,29.3643
dev06,397,62.5241,4.748,27.9914,3.236,35.9754,26.5487
dev06,398,68.3741,5.3787,27.9676,3.1205,36.4668,31.9073
dev06,399,66.1776,4.9747,27.9898,3.6039,36.5684,29.6092
dev06,400,64.4872,4.8193,27.9291,2.622,35.3704,29.1168
dev06,401,70.5124,4.7263,27.9462,3.4222,36.0947,34.4177
dev06,402,70.8531,5.6672,28.1413,3.2155,37.024,33.8291
dev06,403,71.3652,5.5094,28.03,2.9442,36.4836,34.8816
dev06,404,70.751,5.0905,27.9822,4.2172,37.2899,33.4611
dev06,405,64.0105,5.2558,28.0612,1.337,34.654,29.3565
dev06,406,63.0914,4.8004,28.007,3.4849,36.2923,26.7991
dev06,407,62.6804,4.2194,27.99,3.9867,36.1961,26.4843
dev06,408,66.5335,4.3529,27.9899,3.7283,36.0711,30.4624
dev06,409,64.591,5.315,27.9309,3.5367,36.7826,27.8084
dev06,410,66.6554,4.832,27.9781,3.5605,36.3706,30.2848
dev06,411,60.8593,4.7836,27.9829,1.7629,34.5294,26.3299
dev06,412,60.4804,4.9493,28.0388,4.0161,37.0042,23.4762
dev06,413,58.5939,4.7202,27.9674,1.1138,33.8014,24.7925
dev06,414,56.7692,4.7055,28.0102,1.0916,33.8073,22.9619
dev06,415,58.9136,4.6313,27.9422,1.3562,33.9297,24.9839
dev06,416,66.7205,5.0664,27.9872,2.5348,35.5884,31.1321
dev06,417,61.7874,4.717,27.9267,3.3642,36.0079,25.7795
dev06,418,62.5992,5.0622,28.0182,3.0602,36.1406,26.4586
dev06,419,64.1336,4.8046,27.9989,3.0158,35.8193,28.3143
dev06,420,70.5159,4.5241,28.0037,3.106,35.6338,34.8821
dev06,421,66.9443,5.2068,27.9878,3.5968,36.7914,30.1529
dev06,422,59.4121,4.5944,28.0365,1.1213,33.7522,25.6599
dev06,423,65.1786,4.8773,28.0995,2.7263,35.7031,29.4755
dev06,424,63.3441,4.2562,28.0559,2.9285,35.2406,28.1035
dev06,425,67.3974,4.2828,27.9339,2.9625,35.1792,32.2182
dev06,426,58.5818,5.2109,28.0008,1.2871,34.4988,24.083
dev06,427,62.3183,4.7805,27.9592,2.7107,35.4504,26.8679
dev06,428,66.3012,4.6797,28.0328,4.8881,37.6006,28.7006
dev06,429,61.6472,4.6954,27.9628,1.2415,33.8997,27.7475
dev06,430,64.6841,5.0172,28.001,4.9466,37.9648,26.7193
dev06,431,64.9049,4.5456,27.9935,3.8609,36.4,28.5049
dev06,432,59.6921,4.7707,27.9552,1.0407,33.7666,25.9255
dev06,433,63.3251,4.5578,28.1932,2.7935,35.5445,27.7806
dev06,434,64.2943,4.6535,28.0897,2.9633,35.7065,28.5878
dev06,435,61.2265,5.4231,27.9585,2.8681,36.2497,24.9768
dev06,436,60.0148,5.0635,27.9641,0.8589,33.8865,26.1283
dev06,437,63.0465,4.743,27.9466,3.9551,36.6447,26.4018
dev06,438,69.8541,4.5342,28.0219,2.6938,35.2499,34.6042
dev06,439,65.061,5.307,27.9713,4.5383,37.8166,27.2444
dev06,440,60.8189,5.0787,27.9949,2.5635,35.6371,25.1818
dev06,441,59.8898,4.4393,28.0003,1.0497,33.4893,26.4005
dev06,442,61.5308,5.4456,27.9547,1.0137,34.414,27.1168
dev06,443,60.5709,4.8514,27.9601,2.8703,35.6818,24.8891
dev06,444,67.8341,4.5731,27.9624,2.9037,35.4392,32.3949
dev06,445,66.286,5.1286,27.9701,2.9265,36.0252,30.2608
dev06,446,59.4897,3.9848,27.9795,1.3079,33.2722,26.2175
dev06,447,66.5974,4.3208,27.99,1.41,33.7208,32.8766
dev06,448,63.9863,5.2896,28.0624,2.6849,36.0369,27.9494
dev06,449,56.7459,4.4456,28.1053,0.9089,33.4598,23.2861
dev06,450,59.1021,3.9848,27.9797,2.6779,34.6424,24.4597
dev06,451,59.8956,4.0227,27.9697,2.2893,34.2817,25.6139
dev06,452,58.4999,4.7225,28.0548,2.105,34.8823,23.6176
dev06,453,58.5944,3.8644,28.0531,2.8129,34.7304,23.864
dev06,454,59.4258,4.0221,27.9738,3.4368,35.4327,23.9931
dev06,455,59.0071,4.2901,27.9712,2.4806,34.7419,24.2652
dev06,456,53.4699,4.0277,27.9603,0.8568,32.8448,20.6251
dev06,457,56.9587,4.2407,27.9717,2.3802,34.5926,22.3661
dev06,458,57.0908,4.304,27.9953,2.3885,34.6878,22.403
dev06,459,54.3261,4.1096,27.9663,1.1887,33.2646,21.0615
dev06,460,54.4642,3.9377,27.8974,1.0163,32.8514,21.6128
dev06,461,59.401,4.1356,27.9581,2.5422,34.6359,24.7651
dev06,462,58.073,4.1654,27.9731,2.1799,34.3184,23.7546
dev06,463,58.7602,4.2924,28.0051,2.9277,35.2252,23.535
dev06,464,60.3111,4.0935,27.9699,2.7167,34.7801,25.531
dev06,465,57.2928,3.9168,27.9008,2.2964,34.114,23.1788
dev06,466,57.3637,3.8512,27.9867,2.8229,34.6608,22.7029
dev06,467,53.3763,3.7296,27.998,1.0905,32.8181,20.5582
dev06,468,55.776,3.9767,27.9667,0.8543,32.7977,22.9783
dev06,469,60.3692,4.3478,27.9617,2.9906,35.3001,25.0691
dev06,470,58.8416,4.1331,28.0123,2.4783,34.6237,24.2179
dev06,471,58.4119,4.089,27.9697,2.5827,34.6414,23.7705
dev06,472,58.8031,4.0543,27.9441,3.4356,35.434,23.3691
dev06,473,60.121,4.2818,27.9534,2.7178,34.953,25.168
dev06,474,62.1291,4.5117,27.9654,2.9538,35.4309,26.6982
dev06,475,57.8894,4.0927,27.9115,3.9237,35.9279,21.9615
dev06,476,56.2047,3.8671,27.9171,2.0543,33.8385,22.3662
dev06,477,59.7698,4.256,28.0053,2.5219,34.7832,24.9866
dev06,478,57.4382,4.361,27.9664,2.2061,34.5335,22.9047
dev06,479,56.1995,3.7665,27.9698,0.713,32.4493,23.7502
dev06,480,58.9874,3.9288,27.9439,3.7327,35.6054,23.382
dev06,481,57.6591,4.4094,27.9654,2.2009,34.5757,23.0834
dev06,482,59.0757,3.9046,27.9591,3.7199,35.5836,23.4921
dev06,483,60.1714,4.0287,27.9874,2.6837,34.6998,25.4716
dev06,484,54.3897,4.1175,27.9602,1.128,33.2057,21.184
dev06,485,56.7963,3.9067,27.9448,2.6869,34.5384,22.2579
dev06,486,58.9738,4.2883,27.9683,3.0936,35.3502,23.6236
dev06,487,62.6974,3.9753,27.9166,2.5964,34.4883,28.2091
dev06,488,60.4911,5.2531,28.0194,4.2652,37.5377,22.9534
dev06,489,57.1967,3.7336,27.9284,2.6356,34.2976,22.8991
dev06,490,58.0514,3.8696,27.9631,4.1336,35.9663,22.0851
dev06,491,54.2243,4.1836,27.9423,0.7954,32.9213,21.303
dev06,492,57.3289,3.9163,27.9338,2.6832,34.5333,22.7956
dev06,493,55.2228,4.5729,28.038,1.119,33.7299,21.4929
dev06,494,58.3686,3.9856,27.9216,4.2127,36.1199,22.2487
dev06,495,54.8036,3.8873,27.9741,1.2346,33.096,21.7076
dev06,496,56.5429,3.9276,27.9538,2.4925,34.3739,22.169
dev06,497,58.5698,4.1894,28.0633,3.8328,36.0855,22.4843
dev06,498,56.6503,3.8379,27.9866,3.03,34.8545,21.7958
dev06,499,55.3116,4.0208,27.9584,1.151,33.1302,22.1814
dev06,500,58.7841,4.342,27.9678,2.9634,35.2732,23.5109
dev06,501,52.8987,3.9212,27.968,1.0745,32.9637,19.935
dev06,502,58.504,4.1803,27.9925,2.548,34.7208,23.7832
dev06,503,58.8884,3.9199,27.9906,2.3549,34.2654,24.623
dev06,504,59.3264,3.8432,28.0942,2.8263,34.7637,24.5627
dev06,505,71.4825,4.1246,28.0765,3.5415,35.7426,35.7399
dev06,506,59.1924,4.2032,27.9779,4.2812,36.4623,22.7301
dev06,507,60.0877,4.2265,27.9957,3.996,36.2182,23.8695
dev06,508,54.1843,3.7644,27.9886,1.2898,33.0428,21.1415
dev06,509,56.0638,4.2527,27.9856,1.226,33.4643,22.5995
dev06,510,55.1077,4.0423,27.9058,0.9598,32.9079,22.1998
dev06,511,59.5162,4.0483,27.9947,2.57,34.613,24.9032
dev06,512,59.0504,4.3582,27.9443,2.4644,34.7669,24.2835
dev06,513,58.0305,3.9684,27.9631,3.399,35.3305,22.7
dev06,514,62.8112,4.2974,27.9913,4.2639,36.5526,26.2586
dev06,515,57.6988,4.0234,28.0108,3.6571,35.6913,22.0075
dev06,516,54.5727,3.9374,27.9636,1.0229,32.9239,21.6488
dev06,517,59.4822,3.8995,27.9609,2.1718,34.0322,25.45
dev06,518,58.6528,4.0406,27.9471,2.3313,34.319,24.3338
dev06,519,58.0095,3.9975,27.9436,3.33,35.2711,22.7384
dev06,520,59.0333,4.0657,27.912,3.295,35.2727,23.7606
dev06,521,59.063,4.0878,28.0879,2.5956,34.7713,24.2917
dev06,522,59.1436,3.8363,27.9646,1.4139,33.2148,25.9288
dev06,523,61.9673,4.3557,28.1354,3.874,36.3651,25.6022
dev06,524,57.1295,4.3583,27.9778,1.2132,33.5493,23.5802
dev06,525,58.8229,3.9671,27.9881,4.1624,36.1176,22.7053
dev06,526,58.4488,3.9649,27.9946,2.4693,34.4288,24.02
dev06,527,57.6595,3.9514,28.0089,2.3465,34.3068,23.3527
dev06,528,54.9481,3.7601,27.9265,0.7273,32.4139,22.5342
dev06,529,56.4532,4.1655,27.9297,1.1071,33.2023,23.2509
dev06,530,60.7718,4.4064,27.9391,3.4794,35.8249,24.9469
dev06,531,64.2518,5.2675,28.0357,3.6473,36.9505,27.3013
dev06,532,59.4197,4.7112,28.0594,2.6583,35.4289,23.9908
dev06,533,61.3293,4.0495,28.0025,3.4468,35.4988,25.8305
dev06,534,60.3131,4.7899,28.1355,2.9052,35.8306,24.4825
dev06,535,55.4408,4.1863,28.0024,0.9317,33.1204,22.3204
dev06,536,58.0862,3.8488,27.9958,2.9703,34.8149,23.2713
dev06,537,57.8021,3.6612,27.9158,2.2189,33.7959,24.0062
dev06,538,55.8992,4.0015,27.9963,1.0618,33.0596,22.8396
dev06,539,60.284,3.938,28.0042,3.3499,35.2921,24.9919
dev07,0,71.1938,4.1347,27.9348,2.6485,34.718,36.4758
dev07,1,73.7978,3.9487,27.9894,3.8515,35.7896,38.0082
dev07,2,71.1155,4.2505,27.9851,3.0571,35.2927,35.8228
dev07,3,71.7353,4.2693,28.0345,3.856,36.1598,35.5755
dev07,4,71.2907,3.7938,27.9682,2.9857,34.7477,36.543
dev07,5,75.2176,3.9742,27.9602,2.9676,34.902,40.3156
dev07,6,71.8956,4.3131,28.0677,4.1123,36.4931,35.4025
dev07,7,70.895,3.8409,27.9524,3.1388,34.9321,35.9629
dev07,8,71.5442,4.1389,27.9646,2.7355,34.839,36.7052
dev07,9,70.6768,3.8574,27.94,2.8981,34.6955,35.9813
dev07,10,72.7222,4.279,28.0037,3.9908,36.2735,36.4487
dev07,11,71.5077,3.9212,27.9659,4.0467,35.9338,35.5739
dev07,12,73.8789,4.2147,27.9105,3.1889,35.3141,38.5648
dev07,13,77.1617,4.2888,27.9628,3.8193,36.0709,41.0908
dev07,14,75.3257,4.4153,28.0283,4.062,36.5056,38.8201
dev07,15,77.1759,5.1508,28.0242,4.6091,37.7841,39.3918
dev07,16,73.8471,4.0983,28.1354,4.5115,36.7452,37.1019
dev07,17,74.0457,4.2114,28.0198,4.0071,36.2383,37.8074
dev07,18,78.8323,4.1842,28.0338,3.1112,35.3292,43.5031
dev07,19,75.2267,4.6442,27.9884,4.6953,37.3279,37.8988
dev07,20,75.3464,4.6849,27.993,3.8827,36.5606,38.7858
dev07,21,73.1362,3.9834,28.048,3.3337,35.3651,37.7711
dev07,22,73.5907,4.0163,27.9927,3.8969,35.9059,37.6848
dev07,23,73.201,4.2707,27.9544,4.0968,36.3219,36.8791
dev07,24,73.323,3.9111,28.0005,3.5757,35.4873,37.8357
dev07,25,72.6051,4.0921,27.9402,2.5962,34.6285,37.9766
dev07,26,74.2323,4.1151,27.9849,3.2784,35.3784,38.8539
dev07,27,75.6144,4.1418,27.9359,3.5778,35.6555,39.9589
dev07,28,76.1859,4.0935,28.0565,3.7356,35.8856,40.3003
dev07,29,76.1542,5.3536,28.0041,4.2672,37.6249,38.5293
dev07,30,75.3412,3.9278,29.8094,3.2141,36.9513,38.3899
dev07,31,72.8535,4.0604,27.9676,4.6491,36.6771,36.1764
dev07,32,75.8284,4.1284,27.9376,4.8858,36.9518,38.8766
dev07,33,75.2619,3.8708,27.9726,3.2571,35.1005,40.1614
dev07,34,72.931,3.845,27.9989,3.109,34.9529,37.9781
dev07,35,73.8305,4.0674,27.9624,3.1271,35.1569,38.6736
dev07,36,75.9117,4.0013,28.042,3.2754,35.3187,40.593
dev07,37,74.6246,4.1156,27.967,3.4681,35.5507,39.0739
dev07,38,73.4575,4.1913,27.9711,3.0421,35.2045,38.253
dev07,39,73.0154,4.2237,27.9566,4.1896,36.3699,36.6455
dev07,40,72.1503,4.0407,27.9798,3.446,35.4665,36.6838
dev07,41,72.0442,4.0702,27.9419,2.6767,34.6888,37.3554
dev07,42,73.5696,4.015,27.9466,3.0357,34.9973,38.5723
dev07,43,72.6384,4.0665,27.9331,3.8492,35.8488,36.7896
dev07,44,79.4275,4.07,27.936,3.472,35.478,43.9495
dev07,45,76.1394,4.2848,27.9559,4.0223,36.263,39.8764
dev07,46,76.2234,3.9414,28.237,3.7831,35.9615,40.2619
dev07,47,72.9876,4.1766,28.0038,3.0873,35.2677,37.7199
dev07,48,70.5892,3.7929,27.9362,2.8369,34.566,36.0232
dev07,49,73.7709,4.0265,27.9692,3.8919,35.8876,37.8833
dev07,50,72.5805,3.942,28.0327,3.4426,35.4173,37.1632
dev07,51,73.6195,4.0067,27.9503,3.3364,35.2934,38.3261
dev07,52,74.0809,4.0064,27.9562,3.5039,35.4665,38.6144
dev07,53,74.7271,4.2826,27.9556,3.3247,35.5629,39.1642
dev07,54,73.6906,4.0369,27.9736,4.774,36.7845,36.9061
dev07,55,71.8933,4.2361,27.9303,3.375,35.5414,36.3519
dev07,56,74.9387,3.7906,28.1119,4.0573,35.9598,38.9789
dev07,57,75.1314,3.886,27.9145,3.331,35.1315,39.9999
dev07,58,72.7695,4.5725,27.9525,3.4802,36.0052,36.7643
dev07,59,74.4861,3.9898,27.9864,3.9495,35.9257,38.5604
dev07,60,74.5769,4.0428,27.9768,4.8742,36.8938,37.6831
dev07,61,74.1304,3.8272,27.9581,3.8514,35.6367,38.4937
dev07,62,72.1128,4.0387,28.0199,3.9563,36.0149,36.0979
dev07,63,72.9959,4.1913,27.9964,3.8584,36.0461,36.9498
dev07,64,73.1242,3.909,28.0072,5.2071,37.1233,36.0009
dev07,65,74.3764,3.839,27.9352,4.6666,36.4408,37.9356
dev07,66,72.6046,4.2737,27.9437,3.9932,36.2106,36.394
dev07,67,72.962,3.8979,27.9883,3.8374,35.7236,37.2384
dev07,68,73.7037,3.9144,27.9586,4.2631,36.1361,37.5676
dev07,69,80.4694,3.7468,27.9574,9.8048,41.509,38.9604
dev07,70,77.2224,4.2037,27.9455,5.8623,38.0115,39.2109
dev07,71,72.9199,4.3325,27.9702,4.2414,36.5441,36.3758
dev07,72,74.1484,3.9107,27.953,4.9252,36.7889,37.3595
dev07,73,73.8095,3.7922,27.9127,4.953,36.6579,37.1516
dev07,74,74.709,4.247,28.1395,4.4991,36.8856,37.8234
dev07,75,72.0058,4.2726,27.9598,3.787,36.0194,35.9864
dev07,76,74.1479,3.6624,27.9656,3.8542,35.4822,38.6657
dev07,77,72.7578,3.8376,28.0338,3.15,35.0214,37.7364
dev07,78,76.2027,4.389,27.9652,4.2422,36.5964,39.6063
dev07,79,73.3051,4.2315,27.9765,3.6838,35.8918,37.4133
dev07,80,73.583,4.3433,27.9548,4.3111,36.6092,36.9738
dev07,81,74.7829,3.9263,27.931,4.866,36.7233,38.0596
dev07,82,73.1781,4.066,27.9484,4.9345,36.9489,36.2292
dev07,83,74.2771,3.8529,27.9362,5.7287,37.5178,36.7593
dev07,84,72.4367,3.8876,27.9153,3.6229,35.4258,37.0109
dev07,85,73.5016,4.053,27.9694,4.8411,36.8635,36.6381
dev07,86,75.8623,3.8702,27.9252,6.1629,37.9583,37.904
dev07,87,75.8142,3.9318,27.9991,5.4188,37.3497,38.4645
dev07,88,79.5028,4.1659,27.9779,8.5194,40.6632,38.8396
dev07,89,74.814,4.2891,28.0475,4.6629,36.9995,37.8145
dev07,90,74.5245,4.042,28.0688,3.6813,35.7921,38.7324
dev07,91,74.8558,4.9579,27.9839,4.3505,37.2923,37.5635
dev07,92,71.5812,3.7008,27.9171,3.4593,35.0772,36.504
dev07,93,72.3454,3.9928,27.9346,3.6266,35.554,36.7914
dev07,94,72.1704,3.8923,27.9554,3.6598,35.5075,36.6629
dev07,95,74.9054,4.4256,27.9523,3.8918,36.2697,38.6357
dev07,96,73.3254,3.9283,28.0103,4.0353,35.9739,37.3515
dev07,97,75.6178,3.9241,27.9843,5.2091,37.1175,38.5003
dev07,98,74.6869,3.9779,27.9856,3.6636,35.6271,39.0598
dev07,99,88.808,4.0081,28.0618,5.6803,37.7502,51.0578
dev07,100,80.8984,3.8002,28.0149,4.7695,36.5846,44.3138
dev07,101,72.5641,3.8192,27.9598,3.9993,35.7783,36.7858
dev07,102,73.2458,4.107,27.9491,4.012,36.0681,37.1777
dev07,103,74.4409,4.1895,27.9399,5.4882,37.6176,36.8233
dev07,104,72.2526,3.8586,27.9535,4.1051,35.9172,36.3354
dev07,105,75.0093,3.7958,27.9331,4.064,35.7929,39.2164
dev07,106,72.1731,4.2059,28.0312,3.8491,36.0862,36.0869
dev07,107,73.6934,4.1528,27.9764,5.0098,37.139,36.5544
dev07,108,76.0802,3.8557,27.9484,5.2365,37.0406,39.0396
dev07,109,75.8964,3.9304,27.9516,4.5849,36.4669,39.4295
dev07,110,76.9328,3.9427,27.9916,7.6795,39.6138,37.319
dev07,111,73.2075,3.8214,27.9521,4.4049,36.1784,37.0291
dev07,112,74.2652,3.8807,27.9772,4.2739,36.1318,38.1334
dev07,113,75.364,3.9604,28.0019,4.5945,36.5568,38.8072
dev07,114,72.3635,3.6865,28.0192,4.2334,35.9391,36.4244
dev07,115,74.82,4.031,27.9305,3.9409,35.9024,38.9176
dev07,116,75.6901,3.9924,27.9302,4.0332,35.9558,39.7343
dev07,117,75.5418,3.983,28.0267,4.0751,36.0848,39.457
dev07,118,75.2163,4.3632,27.9616,5.8983,38.2231,36.9932
dev07,119,73.4506,4.0257,27.9704,4.0795,36.0756,37.375
dev07,120,73.6366,3.9835,28.0098,4.6829,36.6762,36.9604
dev07,121,73.3027,3.7188,27.9284,4.3571,36.0043,37.2984
dev07,122,76.2908,5.2824,27.9829,4.2558,37.5211,38.7697
dev07,123,74.0172,4.1577,27.9335,5.3233,37.4145,36.6027
dev07,124,74.5445,4.126,27.962,4.4434,36.5314,38.0131
dev07,125,71.6717,3.7849,27.9491,3.5658,35.2998,36.3719
dev07,126,71.7545,3.8741,27.9372,3.6497,35.461,36.2935
dev07,127,71.4606,3.8577,27.9526,3.7001,35.5104,35.9502
dev07,128,74.9764,3.8686,27.9677,5.2525,37.0888,37.8876
dev07,129,72.6655,3.8058,27.9467,3.7597,35.5122,37.1533
dev07,130,74.1682,4.5076,27.9249,3.5213,35.9538,38.2144
dev07,131,72.2153,3.7622,27.9138,3.5222,35.1982,37.0171
dev07,132,72.4432,3.8901,27.9808,3.6409,35.5118,36.9314
dev07,133,73.34,3.8351,27.9307,4.8209,36.5867,36.7533
dev07,134,70.9938,3.6842,27.9069,3.6815,35.2726,35.7212
dev07,135,74.6006,3.7263,27.932,5.1452,36.8035,37.7971
dev07,136,73.4564,3.7854,28.031,4.7486,36.565,36.8914
dev07,137,71.1273,4.0228,28.0062,3.4662,35.4952,35.6321
dev07,138,72.4053,4.105,27.9009,4.3541,36.36,36.0453
dev07,139,74.2293,3.7936,27.966,3.8125,35.5721,38.6572
dev07,140,73.6679,3.9602,27.9565,4.4854,36.4021,37.2658
dev07,141,73.1354,3.9726,27.9085,3.6497,35.5308,37.6046
dev07,142,70.8477,3.909,27.8887,3.5589,35.3566,35.4911
dev07,143,72.3866,3.873,27.939,3.9861,35.7981,36.5885
dev07,144,71.3374,3.8336,27.9718,3.926,35.7314,35.606
dev07,145,72.9261,4.1922,27.905,3.6316,35.7288,37.1973
dev07,146,72.7233,3.7865,27.957,3.8842,35.6277,37.0956
dev07,147,71.8948,4.1166,27.9418,3.4846,35.543,36.3518
dev07,148,73.6678,3.7558,28.0073,3.9622,35.7253,37.9425
dev07,149,70.9082,3.9108,27.936,3.3125,35.1593,35.7489
dev07,150,70.5388,3.6376,27.9446,4.0372,35.6194,34.9194
dev07,151,71.0632,3.979,27.9154,3.2571,35.1515,35.9117
dev07,152,72.3209,3.8443,27.8858,3.8528,35.5829,36.738
dev07,153,73.0194,3.9194,27.9494,4.5202,36.389,36.6304
dev07,154,72.5236,3.6912,27.9646,4.6084,36.2642,36.2594
dev07,155,72.971,4.2197,27.9341,4.1481,36.3019,36.6691
dev07,156,73.2381,3.7056,27.9262,3.7224,35.3542,37.8839
dev07,157,71.6846,3.7653,28.0589,3.8115,35.6357,36.0489
dev07,158,73.5168,3.9199,27.9792,4.8149,36.714,36.8028
dev07,159,73.999,4.1089,27.9289,3.6212,35.659,38.34
dev07,160,73.8381,4.6028,28.1239,3.4591,36.1858,37.6523
dev07,161,73.7753,3.946,28.0823,4.0079,36.0362,37.7391
dev07,162,74.3516,4.0262,28.1436,3.7787,35.9485,38.4031
dev07,163,74.3777,3.9694,27.96,3.9339,35.8633,38.5144
dev07,164,74.5119,4.0775,28.0224,3.7816,35.8815,38.6304
dev07,165,73.254,4.2608,28.0065,3.4267,35.694,37.56
dev07,166,72.9764,4.202,27.9942,3.4992,35.6954,37.281
dev07,167,73.9036,4.0724,27.9651,3.774,35.8115,38.0921
dev07,168,72.0237,3.9322,27.9477,3.5533,35.4332,36.5905
dev07,169,71.7045,3.9169,27.9953,3.7555,35.6677,36.0368
dev07,170,71.5346,4.056,27.9859,3.5931,35.635,35.8996
dev07,171,71.6645,3.9476,28.026,3.2782,35.2518,36.4127
dev07,172,74.0995,3.8782,27.9681,3.104,34.9503,39.1492
dev07,173,72.3694,4.3558,28.0326,3.405,35.7934,36.576
dev07,174,76.6174,5.7016,28.2157,4.2727,38.19,38.4274
dev07,175,75.6587,5.2063,28.0368,3.4781,36.7212,38.9375
dev07,176,76.4985,4.8121,28.0109,3.3769,36.1999,40.2986
dev07,177,79.9693,5.2589,28.0795,3.5052,36.8436,43.1257
dev07,178,76.2114,4.7116,27.9861,3.6114,36.3091,39.9023
dev07,179,77.2062,5.6614,28.0775,3.4299,37.1688,40.0374
dev07,180,78.6465,5.6601,28.2089,3.6739,37.5429,41.1036
dev07,181,79.7295,4.9041,27.9454,3.2053,36.0548,43.6747
dev07,182,78.4985,6.2367,28.127,3.5855,37.9492,40.5493
dev07,183,76.2063,5.2269,28.0503,3.579,36.8562,39.3501
dev07,184,77.6012,5.0536,28.0701,4.7443,37.868,39.7332
dev07,185,79.1248,5.1598,28.0143,3.535,36.7091,42.4157
dev07,186,80.5961,5.7127,28.0541,3.7745,37.5413,43.0548
dev07,187,80.1574,5.366,28.0614,3.944,37.3714,42.786
dev07,188,78.976,4.6117,28.0536,5.2573,37.9226,41.0534
dev07,189,76.4512,5.0593,28.0445,3.2477,36.3515,40.0997
dev07,190,77.9565,5.8762,27.989,3.2804,37.1456,40.8109
dev07,191,79.7955,5.0862,28.0584,3.3274,36.472,43.3235
dev07,192,77.1586,4.8582,27.9845,4.0151,36.8578,40.3008
dev07,193,80.0349,5.1742,28.0595,5.0297,38.2634,41.7715
dev07,194,80.892,4.7194,28.1439,4.1339,36.9972,43.8948
dev07,195,78.602,5.2623,28.0561,4.8099,38.1283,40.4737
dev07,196,79.885,5.7637,28.1444,3.5934,37.5015,42.3835
dev07,197,77.4975,4.9221,28.025,3.3931,36.3402,41.1573
dev07,198,78.0656,5.2689,27.975,3.2756,36.5195,41.5461
dev07,199,77.7977,4.8291,28.0795,4.7911,37.6997,40.098
dev07,200,75.864,4.9652,28.0474,3.4503,36.4629,39.4011
dev07,201,78.4375,4.7918,28.0157,4.9238,37.7313,40.7062
dev07,202,76.652,4.7807,28.0024,3.8186,36.6017,40.0503
dev07,203,78.2355,5.0012,28.046,4.2132,37.2604,40.9751
dev07,204,78.7948,4.8896,27.9812,3.875,36.7458,42.049
dev07,205,76.6155,4.8808,28.0597,2.9331,35.8736,40.7419
dev07,206,77.2603,5.5121,27.995,4.3457,37.8528,39.4075
dev07,207,77.0615,4.877,28.0865,4.3457,37.3092,39.7523
dev07,208,77.3,5.0241,28.0712,3.8567,36.952,40.348
dev07,209,76.0323,4.9528,27.9429,2.8428,35.7385,40.2938
dev07,210,75.4589,4.5279,27.9974,3.4029,35.9282,39.5307
dev07,211,77.8031,4.6229,27.9753,3.5986,36.1968,41.6063
dev07,212,76.9234,4.5342,27.9584,3.801,36.2936,40.6298
dev07,213,77.1254,4.6907,28.026,3.628,36.3447,40.7807
dev07,214,77.6953,5.0694,28.0528,4.7025,37.8247,39.8706
dev07,215,77.1217,5.225,28.0193,3.0305,36.2748,40.8469
dev07,216,76.517,4.2765,28.0826,4.2981,36.6572,39.8598
dev07,217,76.0783,4.6165,27.9297,2.831,35.3772,40.7011
dev07,218,73.9258,4.7022,27.9488,3.1243,35.7753,38.1505
dev07,219,72.1352,4.5406,27.943,2.8621,35.3457,36.7895
dev07,220,80.8431,4.522,27.9406,2.7868,35.2494,45.5937
dev07,221,79.7733,7.0282,28.0123,3.1962,38.2367,41.5366
dev07,222,74.6745,5.0471,27.9622,2.6164,35.6257,39.0488
dev07,223,72.6711,4.7389,27.9705,2.4795,35.1889,37.4822
dev07,224,73.1858,4.2366,27.9973,3.8404,36.0743,37.1115
dev07,225,73.6014,4.6227,27.9197,2.6256,35.168,38.4334
dev07,226,73.6187,4.3799,27.8976,2.8988,35.1763,38.4424
dev07,227,72.1496,4.3836,28.0908,2.7091,35.1835,36.9661
dev07,228,72.8537,4.5223,27.9275,2.6987,35.1485,37.7052
dev07,229,72.2984,4.3676,28.1108,2.6219,35.1003,37.1981
dev07,230,74.1897,4.6502,27.9834,2.7777,35.4113,38.7784
dev07,231,72.0854,4.3565,28.0977,3.2374,35.6916,36.3938
dev07,232,71.3506,4.5005,27.9453,2.579,35.0248,36.3258
dev07,233,72.5099,4.5356,27.894,2.6581,35.0877,37.4222
dev07,234,71.7642,4.4315,27.8916,2.5144,34.8375,36.9267
dev07,235,72.8893,4.9915,27.9778,2.7789,35.7482,37.1411
dev07,236,71.6083,4.5046,27.9679,2.5651,35.0376,36.5707
dev07,237,77.3179,4.4752,27.9452,3.9308,36.3512,40.9667
dev07,238,73.5719,4.3753,27.9369,2.9845,35.2967,38.2752
dev07,239,73.0579,4.9175,27.9834,2.7194,35.6203,37.4376
dev07,240,73.4401,4.9867,27.9433,2.5401,35.4701,37.97
dev07,241,72.0707,4.6293,27.9446,3.2218,35.7957,36.275
dev07,242,80.851,4.5025,27.9443,2.6634,35.1102,45.7408
dev07,243,76.8125,5.5333,27.9785,2.8995,36.4113,40.4012
dev07,244,76.2854,5.468,27.9866,3.0976,36.5522,39.7332
dev07,245,77.216,5.4493,27.9947,4.2545,37.6985,39.5175
dev07,246,75.8173,5.1759,27.9887,3.0021,36.1667,39.6506
dev07,247,72.4167,4.8792,27.9531,2.4765,35.3088,37.1079
dev07,248,73.0896,4.4955,27.9116,3.4029,35.81,37.2796
dev07,249,73.1019,4.0775,27.9302,4.0557,36.0634,37.0385
dev07,250,72.708,4.6836,27.9783,3.1207,35.7826,36.9254
dev07,251,70.9316,4.0983,28.0213,2.9237,35.0433,35.8883
dev07,252,70.6581,4.2814,28.0293,2.7977,35.1084,35.5497
dev07,253,74.3787,4.2915,28.0465,2.709,35.047,39.3317
dev07,254,72.3937,4.4931,27.9464,2.7866,35.2261,37.1676
dev07,255,72.8398,4.0958,27.9771,3.7645,35.8374,37.0024
dev07,256,71.3866,4.5327,27.9938,2.8275,35.354,36.0326
dev07,257,72.3474,4.2017,27.9172,3.1081,35.227,37.1204
dev07,258,71.1347,4.2044,27.9372,2.9669,35.1085,36.0262
dev07,259,72.3863,4.3306,27.9187,2.8644,35.1137,37.2726
dev07,260,72.2535,4.3473,27.9489,3.4124,35.7086,36.5449
dev07,261,70.8743,4.4899,27.9334,2.5286,34.9519,35.9224
dev07,262,70.9954,4.1017,27.9562,2.6739,34.7318,36.2636
dev07,263,72.1027,4.2066,27.9479,2.7374,34.8919,37.2108
dev07,264,71.9575,4.1391,27.9772,2.6187,34.735,37.2225
dev07,265,70.9149,4.1617,27.9617,3.0072,35.1306,35.7843
dev07,266,70.3705,4.2711,27.9123,2.5453,34.7287,35.6418
dev07,267,70.2532,4.2281,27.9491,2.5238,34.701,35.5522
dev07,268,73.3892,4.1937,27.9535,4.278,36.4252,36.964
dev07,269,73.2153,4.7553,27.9456,2.373,35.0739,38.1414
dev07,270,73.4725,4.6376,27.9209,3.727,36.2855,37.187
dev07,271,72.3986,4.4717,27.9363,2.3731,34.7811,37.6175
dev07,272,73.6722,4.1234,28.1768,2.6499,34.9501,38.7221
dev07,273,74.8032,5.0388,27.946,2.5232,35.508,39.2952
dev07,274,75.9592,4.4665,27.9189,2.662,35.0474,40.9118
dev07,275,72.2736,4.2503,27.9387,3.1359,35.3249,36.9487
dev07,276,73.9976,4.3942,27.9112,3.3784,35.6838,38.3138
dev07,277,71.5953,4.8611,27.9018,2.5207,35.2836,36.3117
dev07,278,73.591,5.008,27.9372,2.5954,35.5406,38.0504
dev07,279,71.7649,4.4157,27.9931,2.4447,34.8535,36.9114
dev07,280,74.9259,4.4941,27.9191,3.0967,35.5099,39.416
dev07,281,72.1452,4.4591,27.9682,3.0084,35.4357,36.7095
dev07,282,72.3291,4.2897,27.9685,3.981,36.2392,36.0899
dev07,283,71.9865,4.2641,28.0569,3.7008,36.0218,35.9647
dev07,284,73.5962,4.3852,27.9443,3.3709,35.7004,37.8958
dev07,285,75.6667,4.7061,27.9108,3.57,36.1869,39.4798
dev07,286,73.5664,4.2075,27.9256,2.6773,34.8104,38.756
dev07,287,74.977,4.3765,27.9752,3.7561,36.1078,38.8692
dev07,288,71.7722,4.5151,27.9301,2.8496,35.2948,36.4774
dev07,289,72.6977,4.1891,27.945,2.7694,34.9035,37.7942
dev07,290,74.2365,4.9339,27.9642,2.7392,35.6373,38.5992
dev07,291,71.1968,4.4137,27.9089,2.4971,34.8197,36.3771
dev07,292,71.7352,4.2828,27.991,3.028,35.3018,36.4334
dev07,293,72.4401,4.5794,28.0058,2.6305,35.2157,37.2244
dev07,294,72.952,4.2153,28.047,3.0788,35.3411,37.6109
dev07,295,74.0959,4.6071,27.9756,3.7846,36.3673,37.7286
dev07,296,77.7632,5.3838,28.0271,3.685,37.0959,40.6673
dev07,297,74.606,4.6052,28.0019,2.6876,35.2947,39.3113
dev07,298,76.5399,4.4965,27.936,2.8339,35.2664,41.2735
dev07,299,72.8134,4.3924,27.9405,3.4177,35.7506,37.0628
dev07,300,73.0881,4.4568,27.93,3.3481,35.7349,37.3532
dev07,301,74.3506,4.3065,27.9438,2.9032,35.1535,39.1971
dev07,302,74.8816,4.7907,27.9702,3.8904,36.6513,38.2303
dev07,303,74.5523,4.3311,27.9792,3.5079,35.8182,38.7341
dev07,304,75.2957,4.8793,28.0511,3.9715,36.9019,38.3938
dev07,305,70.6405,4.161,28.0125,3.0817,35.2552,35.3853
dev07,306,72.3565,4.8971,27.9252,2.6915,35.5138,36.8427
dev07,307,71.5071,4.3879,27.926,2.8553,35.1692,36.3379
dev07,308,76.031,4.6997,27.9403,2.9199,35.5599,40.4711
dev07,309,74.6343,4.3233,27.9967,3.5524,35.8724,38.7619
dev07,310,71.5873,4.6205,27.9174,2.8668,35.4047,36.1826
dev07,311,71.0363,4.5634,27.9427,3.1181,35.6242,35.4121
dev07,312,71.8543,4.377,28.0676,3.6263,36.0709,35.7834
dev07,313,70.7861,4.5828,27.9532,3.4382,35.9742,34.8119
dev07,314,72.5866,4.5757,27.9038,2.643,35.1225,37.4641
dev07,315,71.44,4.3885,28.0195,3.4566,35.8646,35.5754
dev07,316,71.3735,4.2282,27.9478,3.9609,36.1369,35.2366
dev07,317,72.6669,5.0824,27.9664,3.3459,36.3947,36.2722
dev07,318,70.8543,4.2702,27.9302,4.0012,36.2016,34.6527
dev07,319,71.861,4.1475,28.0234,2.9224,35.0933,36.7677
dev07,320,70.3706,4.5664,27.8994,2.766,35.2318,35.1388
dev07,321,70.6819,4.0812,27.9765,3.5138,35.5715,35.1104
dev07,322,70.6546,4.2969,27.9039,3.0226,35.2234,35.4312
dev07,323,69.3144,4.2844,27.9871,3.0004,35.2719,34.0425
dev07,324,71.9583,4.3539,27.9854,3.2021,35.5414,36.4169
dev07,325,71.3975,4.4598,27.9742,4.1199,36.5539,34.8436
dev07,326,70.0757,4.3022,28.0073,2.9279,35.2374,34.8383
dev07,327,79.1263,4.4113,28.3536,3.3491,36.114,43.0123
dev07,328,70.035,4.156,27.941,4.3243,36.4213,33.6137
dev07,329,71.7976,4.5069,27.9691,3.7272,36.2032,35.5944
dev07,330,70.3442,4.3595,27.9187,3.4177,35.6959,34.6483
dev07,331,69.5411,4.1624,27.9828,3.0952,35.2404,34.3007
dev07,332,69.8867,4.1433,28.1126,3.2412,35.4971,34.3896
dev07,333,69.646,4.2109,27.9716,3.2716,35.4541,34.1919
dev07,334,68.8672,4.1117,27.9336,2.652,34.6973,34.1699
dev07,335,68.8602,4.2009,27.9424,2.8106,34.9539,33.9063
dev07,336,76.9989,4.3801,27.966,6.5724,38.9185,38.0804
dev07,337,68.2039,4.2391,27.9217,3.027,35.1878,33.0161
dev07,338,70.3294,4.0325,27.9269,3.3477,35.3071,35.0223
dev07,339,71.9799,4.5364,27.9389,3.7357,36.211,35.7689
dev07,340,70.0347,4.3701,27.9398,3.0604,35.3703,34.6644
dev07,341,71.8081,4.2111,27.9335,2.9309,35.0755,36.7326
dev07,342,69.6342,4.2757,27.9719,3.5047,35.7523,33.8819
dev07,343,69.9228,4.2892,27.9463,3.0414,35.2769,34.6459
dev07,344,68.0086,4.4527,27.9718,2.4734,34.8979,33.1107
dev07,345,68.1652,4.3544,27.9474,2.8207,35.1225,33.0427
dev07,346,70.3944,4.1965,27.9715,3.1879,35.3559,35.0385
dev07,347,68.1942,4.0787,27.9645,3.5249,35.5681,32.6261
dev07,348,67.822,4.0551,28.0762,2.9988,35.1301,32.6919
dev07,349,69.6159,4.0648,27.9171,4.4141,36.396,33.2199
dev07,350,70.1617,4.0669,27.9465,4.2611,36.2745,33.8872
dev07,351,67.4699,4.0578,27.9245,2.6784,34.6607,32.8092
dev07,352,68.2543,4.2876,28.0098,3.7917,36.0891,32.1652
dev07,353,68.4783,3.8647,27.9746,3.0746,34.9139,33.5644
dev07,354,69.8829,3.9316,27.9568,2.6649,34.5533,35.3296
dev07,355,72.2278,4.2821,27.9445,3.2921,35.5187,36.7091
dev07,356,70.9397,4.2436,27.9047,3.0862,35.2345,35.7052
dev07,357,69.8475,4.0713,28.1295,4.9038,37.1046,32.7429
dev07,358,69.7853,4.033,27.9954,3.0367,35.0651,34.7202
dev07,359,69.6884,4.0081,27.9338,4.3532,36.2951,33.3933
dev07,360,68.586,3.9413,27.9774,3.4264,35.3451,33.2409
dev07,361,68.2325,4.3923,27.9522,2.9749,35.3194,32.9131
dev07,362,68.8737,3.9553,28.0736,3.6457,35.6746,33.1991
dev07,363,68.33,4.0206,27.9245,2.8548,34.7999,33.5301
dev07,364,65.7163,4.1399,27.9066,2.3962,34.4427,31.2736
dev07,365,67.9021,4.6253,27.9505,3.6198,36.1956,31.7065
dev07,366,68.3017,4.4097,27.9511,2.8003,35.1611,33.1406
dev07,367,66.0613,3.978,28.1214,2.9908,35.0902,30.9711
dev07,368,66.0764,4.1233,27.9677,3.5379,35.6289,30.4475
dev07,369,67.2795,3.9972,27.915,2.8952,34.8074,32.4721
dev07,370,68.5285,4.3476,27.9412,2.7828,35.0716,33.4569
dev07,371,67.8307,4.0793,27.9989,3.8458,35.924,31.9067
dev07,372,65.7449,3.9787,27.9526,2.5105,34.4418,31.3031
dev07,373,67.029,4.2648,27.9154,2.6493,34.8295,32.1995
dev07,374,66.7227,4.2538,27.9257,2.8686,35.0481,31.6746
dev07,375,66.119,4.0977,27.9171,2.6841,34.6989,31.4201
dev07,376,67.8982,3.7386,27.9326,3.5428,35.214,32.6842
dev07,377,66.7797,3.9737,28.0049,2.8782,34.8568,31.9229
dev07,378,68.8888,3.9787,27.9609,3.8805,35.8201,33.0687
dev07,379,68.391,4.4613,27.9343,2.3716,34.7672,33.6238
dev07,380,69.6145,3.8645,27.942,2.6679,34.4744,35.1401
dev07,381,67.0674,3.8769,27.9586,2.57,34.4055,32.6619
dev07,382,69.2145,4.0698,27.9602,3.3195,35.3495,33.865
dev07,383,68.7663,3.6757,27.9454,3.4179,35.039,33.7273
dev07,384,68.7451,3.684,27.98,2.5509,34.2149,34.5302
dev07,385,68.0227,4.4951,28.0145,2.6871,35.1967,32.826
dev07,386,67.756,3.8562,27.9456,2.897,34.6988,33.0572
dev07,387,67.6458,3.7116,27.9876,2.8345,34.5337,33.1121
dev07,388,69.2772,4.3276,27.9588,3.2571,35.5435,33.7337
dev07,389,66.7896,3.953,27.9212,3.1536,35.0278,31.7618
dev07,390,65.9432,3.9522,28.0274,2.6709,34.6505,31.2927
dev07,391,66.8456,3.8016,27.9897,3.2285,35.0198,31.8258
dev07,392,67.7604,3.978,27.9584,3.8738,35.8102,31.9502
dev07,393,67.6723,4.0706,27.9604,3.1767,35.2077,32.4646
dev07,394,68.1066,4.0647,27.932,2.9796,34.9763,33.1303
dev07,395,68.2787,3.9683,27.9359,2.8377,34.7419,33.5368
dev07,396,66.3197,3.8333,28.0295,2.7465,34.6093,31.7104
dev07,397,68.1764,3.8655,27.9108,3.0117,34.788,33.3884
dev07,398,68.7908,3.9817,28.04,3.4225,35.4442,33.3466
dev07,399,66.2757,3.8335,27.905,2.7635,34.502,31.7737
dev07,400,68.2886,3.8082,27.9849,3.6215,35.4146,32.874
dev07,401,67.2614,4.0479,27.9752,2.6648,34.6879,32.5735
dev07,402,66.0884,3.8238,27.9796,2.7784,34.5818,31.5066
dev07,403,69.7827,3.8994,27.9961,4.5008,36.3963,33.3864
dev07,404,73.9469,3.6228,27.9374,3.2812,34.8414,39.1055
dev07,405,71.0822,4.9967,27.9783,3.2286,36.2036,34.8786
dev07,406,70.4398,5.2472,27.9899,3.0431,36.2802,34.1596
dev07,407,70.9142,4.5477,28.1987,3.2827,36.0291,34.8851
dev07,408,73.0359,4.8564,28.0485,3.4937,36.3986,36.6373
dev07,409,68.6015,4.76,27.9959,3.0119,35.7678,32.8337
dev07,410,68.7593,4.4,27.9745,3.2713,35.6458,33.1135
dev07,411,70.3688,4.4206,27.9647,3.2776,35.6629,34.7059
dev07,412,69.8918,4.4025,27.9187,3.4231,35.7443,34.1475
dev07,413,68.5005,4.4265,27.9031,3.0683,35.3979,33.1026
dev07,414,69.1585,4.3696,27.9721,2.8614,35.2031,33.9554
dev07,415,69.3102,4.2083,27.8917,2.5073,34.6073,34.7029
dev07,416,73.8746,4.1429,27.9354,3.3585,35.4368,38.4378
dev07,417,71.0504,4.4426,27.9068,2.7058,35.0552,35.9952
dev07,418,73.0035,4.8423,28.0783,3.2316,36.1522,36.8513
dev07,419,73.3031,4.4242,27.9162,2.8017,35.1421,38.161
dev07,420,75.9017,4.4115,28.0989,2.7511,35.2615,40.6402
dev07,421,71.6064,4.3794,27.9083,2.883,35.1707,36.4357
dev07,422,73.3007,4.2259,28.0273,3.7585,36.0117,37.289
dev07,423,72.0883,4.4761,27.9148,2.8712,35.2621,36.8262
dev07,424,72.7616,4.3076,27.9249,3.9998,36.2323,36.5293
dev07,425,73.1201,4.453,27.8815,3.8009,36.1354,36.9847
dev07,426,72.8155,4.4342,28.0666,3.1451,35.6459,37.1696
dev07,427,73.6523,4.5144,27.9603,3.9315,36.4062,37.2461
dev07,428,71.804,4.9287,27.9103,3.1236,35.9626,35.8414
dev07,429,71.1101,4.8831,27.8928,2.8449,35.6208,35.4893
dev07,430,72.3996,4.6013,27.949,3.4085,35.9588,36.4408
dev07,431,72.6986,4.8477,27.9586,4.4264,37.2327,35.4659
dev07,432,75.0841,4.2836,27.9324,4.0066,36.2226,38.8615
dev07,433,72.3076,4.6216,27.983,4.0212,36.6258,35.6818
dev07,434,75.401,4.9492,27.924,3.3832,36.2564,39.1446
dev07,435,75.3795,4.4928,27.96,3.2105,35.6633,39.7162
dev07,436,72.7886,4.7044,27.9486,3.3999,36.0529,36.7357
dev07,437,70.2489,4.5966,27.9551,3.2134,35.7651,34.4838
dev07,438,74.6102,4.5973,27.9129,3.8264,36.3366,38.2736
dev07,439,70.6933,4.5267,27.9136,3.0444,35.4847,35.2086
dev07,440,71.3051,4.3589,27.9003,3.6864,35.9456,35.3595
dev07,441,71.3635,4.4442,27.9568,3.593,35.994,35.3695
dev07,442,72.4618,5.2657,27.9154,4.3936,37.5747,34.8871
dev07,443,71.2374,4.3612,27.9058,3.0865,35.3535,35.8839
dev07,444,70.8623,4.7444,27.9549,3.1122,35.8115,35.0508
dev07,445,72.158,4.5065,27.9689,3.7377,36.2131,35.9449
dev07,446,71.3235,4.9547,27.9582,3.2273,36.1402,35.1833
dev07,447,72.683,4.4418,27.8973,3.9161,36.2552,36.4278
dev07,448,72.4579,4.6462,27.9422,3.5879,36.1763,36.2816
dev07,449,69.9813,4.38,27.9469,3.1108,35.4377,34.5436
dev07,450,71.6406,4.9178,27.9981,3.9444,36.8603,34.7803
dev07,451,69.9767,4.4306,27.9469,3.2565,35.634,34.3427
dev07,452,72.8608,4.4779,27.9646,3.0512,35.4937,37.3671
dev07,453,70.0108,4.7089,27.9283,2.9799,35.6171,34.3937
dev07,454,69.2695,4.4452,27.9174,2.8927,35.2553,34.0142
dev07,455,72.0867,4.2642,28.0965,3.7136,36.0743,36.0124
dev07,456,72.402,4.7938,27.9405,2.7865,35.5208,36.8812
dev07,457,69.8352,4.3688,27.9416,2.8999,35.2103,34.6249
dev07,458,71.4753,4.6659,27.9507,3.8397,36.4563,35.019
dev07,459,72.465,4.556,27.9379,3.8008,36.2947,36.1703
dev07,460,71.5109,4.8252,27.9309,3.6829,36.439,35.0719
dev07,461,69.0818,4.6442,27.9053,2.7761,35.3256,33.7562
dev07,462,69.4882,4.7428,27.9399,3.6192,36.3019,33.1863
dev07,463,70.276,4.4209,27.903,3.854,36.1779,34.0981
dev07,464,68.7261,4.5308,28.0733,3.343,35.9471,32.779
dev07,465,70.161,4.4998,27.9825,3.4991,35.9814,34.1796
dev07,466,69.0697,4.2741,27.9891,3.5734,35.8366,33.2331
dev07,467,70.4453,4.8256,27.9528,3.2911,36.0695,34.3758
dev07,468,74.2595,4.523,27.9243,4.2638,36.7111,37.5484
dev07,469,72.6778,4.69,27.9102,3.4363,36.0365,36.6413
dev07,470,75.8359,4.6915,27.9537,2.714,35.3592,40.4767
dev07,471,69.6032,4.5181,27.9432,3.4012,35.8625,33.7407
dev07,472,68.859,4.2336,27.8808,2.9167,35.0311,33.8279
dev07,473,71.2471,4.5787,27.9809,3.7004,36.26,34.9871
dev07,474,71.6964,4.4183,27.9381,4.2182,36.5746,35.1218
dev07,475,71.4922,4.3948,27.885,3.6663,35.9461,35.5461
dev07,476,70.2251,4.4852,28.0036,3.0858,35.5746,34.6505
dev07,477,72.4588,4.4665,27.9767,3.6545,36.0977,36.3611
dev07,478,71.2861,4.6951,27.894,4.0528,36.6419,34.6442
dev07,479,70.0819,4.514,27.9218,2.8928,35.3286,34.7533
dev07,480,71.3214,4.3558,28.0725,3.453,35.8813,35.4401
dev07,481,70.2108,4.8385,27.9251,3.0531,35.8167,34.3941
dev07,482,72.2613,4.6212,27.9689,3.3792,35.9693,36.292
dev07,483,71.9958,4.7982,27.9449,3.3294,36.0725,35.9233
dev07,484,70.9945,5.154,28.0185,3.1326,36.3051,34.6894
dev07,485,72.9909,5.2448,27.9889,3.1184,36.3521,36.6388
dev07,486,73.0629,4.7712,27.943,3.0831,35.7973,37.2656
dev07,487,71.8402,6.0495,27.9543,3.1384,37.1422,34.698
dev07,488,70.4901,5.0051,27.9396,2.8672,35.8119,34.6782
dev07,489,72.3719,5.1975,27.9733,2.8183,35.9891,36.3828
dev07,490,71.0392,5.1573,28.0619,3.0128,36.232,34.8072
dev07,491,70.9412,4.5627,27.9178,3.0774,35.5579,35.3833
dev07,492,70.5601,4.7382,28.0335,3.3077,36.0794,34.4807
dev07,493,73.0702,5.1925,27.9652,4.5159,37.6736,35.3966
dev07,494,78.9927,4.363,27.9508,3.7221,36.0359,42.9568
dev07,495,71.7959,4.5925,27.9124,3.315,35.8199,35.976
dev07,496,73.0399,5.4689,27.9852,3.6648,37.1189,35.921
dev07,497,71.7375,4.7412,27.9797,3.2183,35.9392,35.7983
dev07,498,71.3045,4.696,27.9282,2.8408,35.465,35.8395
dev07,499,69.9387,4.421,27.9464,3.9365,36.3039,33.6348
dev07,500,69.6652,4.594,27.9222,3.0343,35.5505,34.1147
dev07,501,69.8489,4.6026,27.9615,2.8132,35.3773,34.4716
dev07,502,71.4724,4.5142,27.9484,3.5578,36.0204,35.452
dev07,503,72.4909,4.5711,27.9217,3.2128,35.7056,36.7853
dev07,504,68.9318,4.4458,27.9312,2.9069,35.2839,33.6479
dev07,505,69.9655,4.5777,27.9302,2.8892,35.3971,34.5684
dev07,506,70.701,4.687,27.9734,3.6915,36.3519,34.3491
dev07,507,71.7918,4.4215,27.9753,3.3645,35.7613,36.0305
dev07,508,70.6452,4.4474,27.9173,2.6728,35.0375,35.6077
dev07,509,69.6427,4.5036,27.9844,3.3783,35.8663,33.7764
dev07,510,68.8727,4.4868,27.9115,2.7338,35.1321,33.7406
dev07,511,67.3519,4.1583,27.9337,2.5347,34.6267,32.7252
dev07,512,69.8625,4.1804,27.9148,2.5914,34.6866,35.1759
dev07,513,68.8702,4.5369,27.9307,2.4618,34.9294,33.9408
dev07,514,67.5689,4.151,27.9494,2.4567,34.5571,33.0118
dev07,515,68.0807,4.1571,27.9468,3.3518,35.4557,32.625
dev07,516,66.8251,3.9012,28.0125,2.8436,34.7573,32.0678
dev07,517,69.0249,4.068,27.933,2.812,34.813,34.2119
dev07,518,69.5543,4.2971,27.949,3.349,35.5951,33.9592
dev07,519,68.7629,4.2049,27.9774,3.0337,35.216,33.5469
dev07,520,69.5926,4.2127,27.9434,3.0788,35.2349,34.3577
dev07,521,70.4207,4.0096,27.9256,2.8425,34.7777,35.643
dev07,522,70.8638,4.3051,27.9749,3.629,35.909,34.9548
dev07,523,68.3229,4.3421,27.9826,2.9149,35.2396,33.0833
dev07,524,71.0168,3.8904,27.9605,2.6416,34.4925,36.5243
dev07,525,72.215,4.1802,27.9689,3.6946,35.8437,36.3713
dev07,526,69.5166,4.3648,27.9749,3.0621,35.4018,34.1148
dev07,527,72.0589,4.1613,28.0098,4.1218,36.2929,35.766
dev07,528,70.807,4.2892,27.983,2.9468,35.219,35.588
dev07,529,70.1017,4.1793,27.9653,4.4277,36.5723,33.5294
dev07,530,71.7209,4.6379,28.0054,3.1329,35.7762,35.9447
dev07,531,71.8204,4.7331,27.9347,2.7391,35.4069,36.4135
dev07,532,70.4496,4.3492,27.949,3.1483,35.4465,35.0031
dev07,533,71.16,5.3934,28.0299,2.9679,36.3912,34.7688
dev07,534,71.341,4.2569,27.9769,2.7842,35.018,36.323
dev07,535,73.9943,4.8863,28.0451,2.876,35.8074,38.1869
dev07,536,75.169,4.9754,28.0217,4.2145,37.2116,37.9574
dev07,537,70.4486,4.5915,27.9629,2.83,35.3844,35.0642
dev07,538,68.8544,4.2705,27.9289,2.7896,34.989,33.8654
dev07,539,70.1844,4.5157,27.9319,2.958,35.4056,34.7788
dev08,0,70.3099,4.1014,28.0024,0.7696,32.8734,37.4365
dev08,1,55.913,4.2744,27.9726,1.1024,33.3494,22.5636
dev08,2,58.0095,4.1625,27.9667,1.1695,33.2987,24.7108
dev08,3,58.2874,4.5548,27.9567,3.7277,36.2392,22.0482
dev08,4,54.7267,4.3436,27.9486,0.838,33.1302,21.5965
dev08,5,54.3936,4.2702,27.9746,0.8548,33.0996,21.294
dev08,6,54.7865,4.3143,27.9398,1.1168,33.3709,21.4156
dev08,7,61.4124,4.5833,27.9519,2.1902,34.7254,26.687
dev08,8,57.0747,4.4168,27.9361,1.1154,33.4683,23.6064
dev08,9,59.9506,4.5131,27.9805,3.9105,36.4041,23.5465
dev08,10,58.8578,4.3005,27.9955,2.5177,34.8137,24.0441
dev08,11,59.9913,4.6755,27.9935,3.2829,35.9519,24.0394
dev08,12,59.8437,4.2727,27.9666,2.5969,34.8362,25.0075
dev08,13,56.1884,4.9442,27.9708,1.1998,34.1148,22.0736
dev08,14,55.4534,4.3476,27.9759,1.196,33.5195,21.9339
dev08,15,55.9009,4.4296,28.0121,1.1331,33.5748,22.3261
dev08,16,56.1897,4.3726,28.0077,1.177,33.5573,22.6324
dev08,17,56.4787,4.34,27.9408,1.1578,33.4386,23.0401
dev08,18,63.0859,4.7353,27.9876,4.0639,36.7868,26.2991
dev08,19,57.2999,5.1124,27.9931,1.1376,34.2431,23.0568
dev08,20,60.9864,4.6578,27.967,4.1759,36.8007,24.1857
dev08,21,58.2751,4.4869,27.9999,1.3214,33.8082,24.4669
dev08,22,56.7095,4.315,27.9385,1.2297,33.4832,23.2263
dev08,23,61.7738,4.3317,27.998,2.5311,34.8608,26.913
dev08,24,60.7821,4.3867,27.9364,3.8094,36.1325,24.6496
dev08,25,61.5329,4.8545,27.9999,4.1153,36.9697,24.5632
dev08,26,105.6137,4.9022,28.0096,2.3171,35.2289,70.3848
dev08,27,63.9813,5.9996,27.9992,3.2424,37.2412,26.7401
dev08,28,58.2053,5.0844,28.001,0.9905,34.0759,24.1294
dev08,29,62.1427,4.5632,27.9679,2.5321,35.0632,27.0795
dev08,30,65.1121,4.9047,28.013,4.6338,37.5515,27.5606
dev08,31,64.1868,5.2487,28.0459,2.8081,36.1027,28.0841
dev08,32,57.3746,4.6424,28.0497,1.2933,33.9854,23.3892
dev08,33,61.6987,4.8448,27.942,4.2401,37.0269,24.6718
dev08,34,58.3597,4.5986,27.9918,1.1878,33.7782,24.5815
dev08,35,59.5665,4.8765,28.0096,1.3715,34.2576,25.3089
dev08,36,58.954,4.7156,27.9223,1.2075,33.8454,25.1086
dev08,37,57.3258,4.8274,28.0173,1.1633,34.008,23.3178
dev08,38,56.5812,4.5613,27.9736,1.2311,33.766,22.8152
dev08,39,57.7706,4.59,27.9752,1.2631,33.8283,23.9423
dev08,40,58.3714,4.6165,27.9509,1.2446,33.812,24.5594
dev08,41,58.7935,4.5336,27.9769,1.4091,33.9196,24.8739
dev08,42,57.7858,4.5696,27.9677,1.2218,33.7591,24.0267
dev08,43,63.5402,4.5831,27.9574,4.181,36.7215,26.8187
dev08,44,59.1876,5.186,27.9925,1.0923,34.2708,24.9168
dev08,45,65.2519,5.644,28.0667,3.0175,36.7282,28.5237
dev08,46,60.6637,4.5475,27.9669,1.2316,33.746,26.9177
dev08,47,61.1943,4.8033,27.961,2.5539,35.3182,25.8761
dev08,48,61.5139,4.6131,27.9404,4.2691,36.8226,24.6913
dev08,49,60.2502,4.6207,27.9437,2.7682,35.3326,24.9176
dev08,50,59.3068,5.2758,27.9733,1.1683,34.4174,24.8894
dev08,51,59.9189,4.5923,27.9608,2.7587,35.3118,24.6071
dev08,52,62.1283,4.557,27.971,3.101,35.629,26.4993
dev08,53,60.3556,4.6583,27.975,2.4371,35.0704,25.2852
dev08,54,61.5537,4.5024,28.1598,2.7711,35.4333,26.1204
dev08,55,60.8234,4.5345,27.9963,4.1901,36.7209,24.1025
dev08,56,56.3374,4.4771,27.997,1.4349,33.909,22.4284
dev08,57,61.516,4.7338,27.9747,2.7678,35.4763,26.0397
dev08,58,56.2229,4.4039,27.9534,1.3784,33.7357,22.4872
dev08,59,61.0633,5.1262,28.0241,3.1455,36.2958,24.7675
dev08,60,58.4118,4.5074,27.9844,1.3717,33.8635,24.5483
dev08,61,62.8886,5.6114,27.956,4.0218,37.5892,25.2994
dev08,62,61.1198,4.7482,28.0299,2.8697,35.6478,25.472
dev08,63,60.6214,4.6095,27.9539,3.2397,35.8031,24.8183
dev08,64,58.729,4.7793,28.0057,1.3052,34.0902,24.6388
dev08,65,57.284,4.5988,27.9638,1.3062,33.8688,23.4152
dev08,66,58.9721,5.2042,28.0163,1.3367,34.5572,24.4149
dev08,67,61.6874,4.6114,27.9804,3.2644,35.8562,25.8312
dev08,68,56.6038,4.6853,27.9798,1.2531,33.9182,22.6856
dev08,69,61.0721,4.8638,28.0127,2.263,35.1395,25.9326
dev08,70,57.3275,4.6501,27.9911,1.3228,33.964,23.3635
dev08,71,57.5486,4.6823,27.9976,1.1888,33.8687,23.6799
dev08,72,56.6042,4.5941,27.9595,1.0346,33.5882,23.016
dev08,73,58.0229,4.6135,27.9784,1.2694,33.8613,24.1616
dev08,74,58.9107,4.6999,27.9822,0.8938,33.5759,25.3348
dev08,75,60.3294,4.6799,27.9307,1.0261,33.6367,26.6927
dev08,76,63.2139,4.8143,28.0081,4.0969,36.9193,26.2946
dev08,77,68.2649,4.8189,27.9548,2.6552,35.4289,32.836
dev08,78,65.175,8.4015,28.1465,1.7117,38.2597,26.9153
dev08,79,60.9767,5.6563,27.9809,1.0696,34.7068,26.2699
dev08,80,61.5776,5.079,27.997,1.4482,34.5242,27.0534
dev08,81,66.1321,5.5061,28.0582,4.2426,37.8069,28.3252
dev08,82,61.3941,5.2867,27.9592,1.0383,34.2842,27.1099
dev08,83,63.5233,5.3215,27.9516,0.9633,34.2364,29.2869
dev08,84,66.0383,4.7032,27.9693,4.0806,36.7531,29.2852
dev08,85,59.9378,4.64,27.9777,0.9362,33.5539,26.3839
dev08,86,58.1695,4.6971,27.9667,1.2019,33.8657,24.3038
dev08,87,59.3151,4.5272,27.9564,1.2257,33.7093,25.6058
dev08,88,57.8283,4.6018,27.9566,1.1359,33.6943,24.134
dev08,89,58.2123,4.5599,27.9749,1.2064,33.7412,24.4711
dev08,90,59.496,4.5485,27.9484,1.3604,33.8573,25.6387
dev08,91,61.0182,4.6587,27.9922,1.2511,33.902,27.1162
dev08,92,58.0168,4.5582,27.9762,1.1852,33.7196,24.2972
dev08,93,58.7398,4.5889,28.1648,1.1734,33.9271,24.8127
dev08,94,57.4496,4.5367,27.9238,0.8368,33.2973,24.1523
dev08,95,57.8705,4.6627,27.9639,1.1612,33.7878,24.0827
dev08,96,61.4925,4.5159,27.9636,1.179,33.6585,27.834
dev08,97,58.844,4.6761,27.9582,1.5213,34.1556,24.6884
dev08,98,58.4635,4.5852,27.9388,1.4927,34.0167,24.4468
dev08,99,60.7615,4.4847,27.9557,1.1864,33.6268,27.1347
dev08,100,58.7747,5.2737,27.9672,1.044,34.2849,24.4898
dev08,101,59.0949,4.5412,27.9912,1.1832,33.7156,25.3793
dev08,102,60.6805,5.0148,27.9805,1.1734,34.1687,26.5118
dev08,103,59.0606,4.5273,28.0247,1.2952,33.8472,25.2134
dev08,104,58.0438,4.5744,27.9803,1.4075,33.9622,24.0816
dev08,105,61.7577,4.8043,28.0094,1.203,34.0167,27.741
dev08,106,61.0806,4.6206,27.9643,1.2146,33.7995,27.2811
dev08,107,60.5669,4.7901,28.0933,1.4087,34.2921,26.2748
dev08,108,57.6666,4.8737,27.9669,1.1626,34.0032,23.6634
dev08,109,58.1351,4.6133,27.9458,1.202,33.7611,24.374
dev08,110,58.7332,4.7526,27.9555,0.8628,33.5709,25.1623
dev08,111,58.5142,4.5289,27.9428,1.1986,33.6703,24.8439
dev08,112,56.8307,4.7774,27.9388,0.8079,33.5241,23.3066
dev08,113,56.5696,4.5235,27.9549,1.1726,33.651,22.9186
dev08,114,56.7694,4.6955,27.9565,1.2085,33.8605,22.9089
dev08,115,58.4165,4.6415,27.9172,1.1745,33.7332,24.6833
dev08,116,57.6311,4.6818,27.9956,0.8538,33.5312,24.0999
dev08,117,55.04,4.5547,27.9959,1.2208,33.7714,21.2686
dev08,118,55.9021,4.5646,27.9708,1.3301,33.8655,22.0366
dev08,119,57.7852,4.552,27.9596,0.848,33.3596,24.4256
dev08,120,55.2848,4.8682,27.9956,0.832,33.6958,21.589
dev08,121,54.2755,4.4889,28.058,1.1732,33.7201,20.5554
dev08,122,57.6551,4.6869,28.0008,0.8564,33.5441,24.111
dev08,123,54.9967,4.5488,27.9444,1.2175,33.7107,21.286
dev08,124,55.404,4.5106,27.9229,0.936,33.3695,22.0345
dev08,125,56.6117,4.7109,28.0034,0.9786,33.6929,22.9188
dev08,126,58.7454,4.5538,27.9811,1.3306,33.8655,24.8799
dev08,127,55.4147,4.454,27.9109,1.214,33.5789,21.8358
dev08,128,57.7731,4.7336,27.9808,1.2024,33.9168,23.8563
dev08,129,78.3477,4.5105,29.4816,3.4096,37.4017,40.946
dev08,130,61.2147,5.1706,27.9795,1.1043,34.2544,26.9603
dev08,131,57.7115,4.9585,28.0399,1.0558,34.0542,23.6573
dev08,132,57.3944,4.3656,27.9787,1.1662,33.5105,23.8839
dev08,133,58.4436,5.0037,27.9867,1.1086,34.099,24.3446
dev08,134,58.0814,5.0824,28.0634,1.4454,34.5912,23.4902
dev08,135,57.2368,5.1444,28.1307,0.9893,34.2644,22.9724
dev08,136,62.9717,5.1064,27.9708,3.1027,36.1799,26.7918
dev08,137,57.4145,4.6881,28.0353,1.3031,34.0265,23.388
dev08,138,61.3487,4.8342,27.9933,1.3305,34.158,27.1907
dev08,139,57.3783,5.1118,28.0077,1.2002,34.3197,23.0586
dev08,140,57.553,4.8208,27.9949,1.2038,34.0195,23.5335
dev08,141,62.9032,4.6081,27.9855,2.6876,35.2812,27.622
dev08,142,58.7717,4.8223,27.9118,1.3691,34.1032,24.6685
dev08,143,58.3089,4.5825,27.9818,1.1915,33.7558,24.5531
dev08,144,64.2233,4.5416,27.9718,4.0908,36.6042,27.6191
dev08,145,60.9755,4.4863,28.0103,2.4996,34.9962,25.9793
dev08,146,66.4558,4.6209,27.9998,4.9743,37.595,28.8608
dev08,147,59.3158,4.6174,27.9539,1.3757,33.947,25.3688
dev08,148,63.6198,5.0254,28.0637,4.258,37.3471,26.2727
dev08,149,59.4819,4.9716,28.0304,0.8677,33.8697,25.6122
dev08,150,62.7687,4.7992,27.9458,1.2166,33.9616,28.8071
dev08,151,58.8006,4.644,27.975,1.4021,34.0211,24.7795
dev08,152,62.9622,4.7572,27.9908,2.6643,35.4123,27.5499
dev08,153,62.7817,4.6425,27.9596,3.9329,36.535,26.2467
dev08,154,62.1034,4.5658,28.04,2.8504,35.4562,26.6472
dev08,155,62.5369,4.5725,28.0482,2.632,35.2527,27.2842
dev08,156,61.8302,4.693,28.0226,2.7291,35.4447,26.3855
dev08,157,64.8795,4.5512,27.9439,4.0867,36.5818,28.2977
dev08,158,62.2858,5.1606,27.9441,3.3969,36.5016,25.7842
dev08,159,58.8657,4.5638,27.9914,1.2947,33.8499,25.0158
dev08,160,63.212,4.6653,27.9232,2.5938,35.1823,28.0297
dev08,161,62.3122,4.623,27.9705,4.0234,36.6169,25.6953
dev08,162,62.3313,4.8533,28.0113,2.6499,35.5145,26.8168
dev08,163,58.4638,4.6118,27.9451,1.2042,33.7611,24.7027
dev08,164,59.5049,4.7499,27.9913,1.2806,34.0218,25.4831
dev08,165,58.0979,4.708,27.9751,1.3662,34.0493,24.0486
dev08,166,63.8294,4.9872,27.9876,4.2161,37.1909,26.6385
dev08,167,64.0102,4.9052,27.9672,4.1317,37.0041,27.0061
dev08,168,61.4565,4.4693,28.0243,2.9094,35.403,26.0535
dev08,169,58.9234,5.0433,28.0054,1.2471,34.2958,24.6276
dev08,170,58.5469,4.9149,27.9978,1.3927,34.3054,24.2415
dev08,171,58.0853,4.6498,27.9491,1.2731,33.872,24.2133
dev08,172,57.2354,4.6846,27.9965,1.1755,33.8566,23.3788
dev08,173,56.572,4.613,27.9982,1.0583,33.6695,22.9025
dev08,174,57.0803,5.0418,27.9708,1.2963,34.3089,22.7714
dev08,175,57.7732,5.0978,27.9889,1.2035,34.2902,23.483
dev08,176,58.8805,4.8755,27.9956,1.2926,34.1637,24.7168
dev08,177,58.1249,4.8292,28.042,1.0923,33.9635,24.1614
dev08,178,60.1531,4.7693,27.9752,3.3054,36.0499,24.1032
dev08,179,60.9931,5.0394,27.9706,2.8694,35.8794,25.1137
dev08,180,58.0263,4.824,27.9206,1.302,34.0466,23.9797
dev08,181,62.3439,4.6804,27.9891,4.0802,36.7497,25.5942
dev08,182,57.0588,4.9087,28.0256,1.3411,34.2754,22.7834
dev08,183,56.3923,4.6154,27.9553,1.2486,33.8193,22.573
dev08,184,61.7358,4.7015,27.963,4.2375,36.902,24.8338
dev08,185,57.4787,4.515,27.9786,1.175,33.6686,23.8101
dev08,186,62.7298,4.5919,28.0073,4.0241,36.6233,26.1065
dev08,187,61.9704,4.8821,28.0086,3.1482,36.0389,25.9315
dev08,188,61.7844,4.5884,27.9969,3.6035,36.1888,25.5956
dev08,189,59.9809,4.7758,28.0316,2.7215,35.5289,24.452
dev08,190,55.9539,4.647,28.008,0.9178,33.5728,22.3811
dev08,191,56.7174,4.4906,27.997,0.8428,33.3304,23.387
dev08,192,56.8837,5.0496,28.0022,1.2369,34.2887,22.595
dev08,193,57.2772,4.5451,28.0224,1.1942,33.7617,23.5155
dev08,194,57.1427,4.5031,27.9617,1.3693,33.8341,23.3086
dev08,195,64.117,5.2516,27.9883,4.3958,37.6357,26.4813
dev08,196,62.9489,4.8518,27.9921,4.0853,36.9292,26.0197
dev08,197,56.7635,4.7832,28.0437,1.3525,34.1794,22.5841
dev08,198,59.9264,4.6503,27.9437,2.9519,35.5459,24.3805
dev08,199,61.6691,4.4984,27.9713,3.1493,35.619,26.0501
dev08,200,58.9598,4.5715,28.0766,2.3011,34.9492,24.0106
dev08,201,61.5621,4.5475,27.976,4.103,36.6265,24.9356
dev08,202,59.4394,4.6727,27.9095,2.8245,35.4067,24.0327
dev08,203,56.5475,4.4318,28.0078,1.5141,33.9537,22.5938
dev08,204,61.1595,4.5367,27.977,2.4558,34.9695,26.19
dev08,205,60.854,4.5152,28.0169,4.3285,36.8606,23.9934
dev08,206,60.0702,4.8344,27.9885,3.5273,36.3502,23.72
dev08,207,60.0284,4.5564,27.967,3.3838,35.9072,24.1212
dev08,208,57.1646,4.693,27.9874,1.4986,34.179,22.9856
dev08,209,60.5518,4.7144,27.9964,4.223,36.9338,23.618
dev08,210,61.6309,4.7226,27.9784,3.9521,36.6531,24.9778
dev08,211,60.7237,4.6719,28.0056,4.3824,37.0599,23.6638
dev08,212,59.2212,4.6376,27.9677,3.2986,35.9039,23.3173
dev08,213,58.271,4.3391,27.9916,2.8473,35.178,23.093
dev08,214,59.8186,4.6848,28.0951,2.9034,35.6833,24.1353
dev08,215,62.7851,4.8285,28.0517,4.1898,37.07,25.7151
dev08,216,58.0126,4.5648,27.9651,2.7238,35.2537,22.7589
dev08,217,75.0009,4.923,27.9472,4.3463,37.2165,37.7844
dev08,218,57.7065,4.7198,27.9735,2.8636,35.5569,22.1496
dev08,219,59.005,4.4568,27.9655,2.6967,35.119,23.886
dev08,220,57.2592,4.7759,27.9244,2.3471,35.0474,22.2118
dev08,221,58.1244,4.4856,28.1039,4.1312,36.7207,21.4037
dev08,222,59.4094,4.9963,27.9595,2.7356,35.6914,23.718
dev08,223,60.2117,4.5323,28.0106,3.2643,35.8072,24.4045
dev08,224,61.1637,4.3648,28.0098,3.5302,35.9048,25.2589
dev08,225,57.7046,4.5586,27.9951,2.4738,35.0275,22.6771
dev08,226,57.9952,4.4593,28.0525,4.2305,36.7423,21.2529
dev08,227,57.0152,4.3457,28.063,2.5962,35.0049,22.0103
dev08,228,57.4942,4.2729,28.0245,4.2305,36.5279,20.9663
dev08,229,56.1666,4.1446,28.1195,2.8289,35.093,21.0736
dev08,230,58.3801,4.4629,27.9609,3.2299,35.6537,22.7264
dev08,231,56.266,4.7205,27.9801,2.6355,35.3361,20.9299
dev08,232,58.5194,4.4117,27.9989,3.1561,35.5667,22.9527
dev08,233,58.1614,4.4117,27.9746,2.3594,34.7457,23.4157
dev08,234,57.1219,4.6937,28.027,2.859,35.5797,21.5422
dev08,235,56.6834,4.4738,28.0232,2.6148,35.1118,21.5716
dev08,236,56.1238,4.7051,27.9536,2.7751,35.4338,20.69
dev08,237,56.8995,4.3245,28.2001,3.1189,35.6435,21.256
dev08,238,58.818,4.7391,28.0006,2.8522,35.5919,23.2261
dev08,239,60.086,4.5676,27.9529,2.4591,34.9796,25.1064
dev08,240,59.9856,4.8191,28.1315,2.6385,35.5891,24.3965
dev08,241,59.6502,4.6047,28.027,4.1723,36.804,22.8462
dev08,242,56.423,4.5375,28.0322,2.6684,35.2381,21.1849
dev08,243,58.538,4.4461,28.0026,4.159,36.6077,21.9303
dev08,244,59.7065,4.5795,27.9543,2.7232,35.257,24.4495
dev08,245,58.3749,5.173,27.9347,3.8952,37.0029,21.372
dev08,246,59.8254,5.246,28.022,4.0115,37.2795,22.5459
dev08,247,59.1967,5.2094,27.9302,3.4238,36.5634,22.6333
dev08,248,58.5906,4.599,27.9913,2.6575,35.2478,23.3428
dev08,249,59.0037,4.5423,27.9742,2.3448,34.8613,24.1424
dev08,250,59.2163,4.6239,27.9407,4.1488,36.7134,22.5029
dev08,251,60.1594,4.5207,28.0099,4.5263,37.0569,23.1025
dev08,252,57.5361,4.8024,27.9885,2.6979,35.4888,22.0473
dev08,253,58.4896,4.6084,27.9611,2.8563,35.4258,23.0638
dev08,254,58.978,4.4824,28.0051,3.0649,35.5524,23.4256
dev08,255,63.6659,4.8554,27.9711,2.7006,35.5271,28.1388
dev08,256,59.1302,4.7572,28.0276,2.6867,35.4715,23.6587
dev08,257,57.925,4.4342,27.9704,3.3814,35.786,22.139
dev08,258,59.5113,4.5148,27.9383,2.5795,35.0326,24.4787
dev08,259,61.5871,4.422,27.9693,3.8448,36.2361,25.351
dev08,260,53.953,4.3563,27.9411,1.2746,33.572,20.381
dev08,261,53.5803,4.8147,27.8988,0.8541,33.5676,20.0127
dev08,262,53.3009,4.3046,28.0034,1.1839,33.4919,19.809
dev08,263,53.0386,4.2665,27.9524,0.8887,33.1076,19.931
dev08,264,54.6394,4.4337,27.9558,1.2471,33.6366,21.0028
dev08,265,55.639,4.563,28.0028,1.0984,33.6642,21.9748
dev08,266,53.61,4.4388,27.9761,1.1542,33.5691,20.0409
dev08,267,58.3696,4.5437,28.002,2.3365,34.8822,23.4874
dev08,268,53.9249,4.3804,27.9606,1.0569,33.3979,20.527
dev08,269,61.1204,5.2564,27.9699,2.6339,35.8602,25.2602
dev08,270,62.1355,4.654,29.0851,1.4825,35.2216,26.9139
dev08,271,55.0938,4.6504,27.9895,1.3347,33.9746,21.1192
dev08,272,55.7926,5.073,27.9773,1.2846,34.3349,21.4577
dev08,273,56.6436,4.3793,27.9543,1.3295,33.6631,22.9805
dev08,274,58.1656,4.4695,27.9513,2.5173,34.9381,23.2275
dev08,275,60.3352,4.448,28.0727,2.7293,35.25,25.0852
dev08,276,59.1244,4.3596,28.1642,3.9857,36.5095,22.6149
dev08,277,58.4965,4.2802,27.9308,4.1941,36.4051,22.0914
dev08,278,59.3115,4.2824,27.9227,3.1441,35.3492,23.9623
dev08,279,56.8103,4.6671,27.9531,2.5808,35.201,21.6093
dev08,280,59.643,4.7673,27.9504,2.2722,34.9899,24.6531
dev08,281,60.7419,4.3546,27.9706,4.2041,36.5293,24.2126
dev08,282,55.0753,4.4567,27.9503,1.2358,33.6428,21.4325
dev08,283,59.4452,4.5565,27.9857,2.9787,35.5209,23.9243
dev08,284,61.0801,4.6023,27.9921,3.7262,36.3206,24.7595
dev08,285,58.7468,5.0044,27.9634,2.496,35.4638,23.283
dev08,286,60.6097,4.4855,27.9393,3.6779,36.1027,24.507
dev08,287,59.53,4.6784,28.0008,3.5482,36.2274,23.3026
dev08,288,60.2191,4.9919,27.9864,4.064,37.0423,23.1768
dev08,289,58.1953,4.7486,27.994,2.493,35.2356,22.9597
dev08,290,57.6676,5.4848,28.0614,1.1292,34.6754,22.9922
dev08,291,61.9553,4.8224,27.9671,4.8276,37.6171,24.3382
dev08,292,55.9219,5.0356,27.978,1.0275,34.0411,21.8808
dev08,293,57.9948,5.5524,28.0438,1.5062,35.1024,22.8924
dev08,294,55.4988,4.8101,28.0264,1.2026,34.0391,21.4597
dev08,295,54.311,4.7632,27.9363,0.9893,33.6888,20.6222
dev08,296,54.5388,4.7315,28.0091,1.3865,34.1271,20.4117
dev08,297,54.6527,5.1698,27.9794,0.8814,34.0306,20.6221
dev08,298,59.1918,4.973,28.0671,1.4419,34.482,24.7098
dev08,299,60.1412,5.5002,28.2393,1.6594,35.3989,24.7423
dev08,300,57.695,4.9078,28.296,1.1328,34.3366,23.3584
dev08,301,60.0151,5.7373,28.0287,1.1613,34.9273,25.0878
dev08,302,61.2,5.7014,28.0098,3.2262,36.9374,24.2626
dev08,303,54.1907,5.0743,28.1442,0.9898,34.2083,19.9824
dev08,304,54.888,4.5222,27.9224,1.302,33.7466,21.1414
dev08,305,55.2717,5.0526,28.0461,1.381,34.4797,20.792
dev08,306,54.8813,4.8907,28.0092,1.3847,34.2846,20.5967
dev08,307,55.2472,4.9756,28.0381,1.1074,34.1211,21.1261
dev08,308,54.8653,4.8838,28.0378,1.3974,34.319,20.5463
dev08,309,54.5384,4.8694,27.9837,1.3327,34.1858,20.3526
dev08,310,54.1184,4.8416,27.9664,1.2612,34.0692,20.0492
dev08,311,55.2327,5.4448,28.0425,0.8359,34.3232,20.9095
dev08,312,54.7319,4.6884,27.9735,1.3493,34.0112,20.7207
dev08,313,54.6292,4.6242,28.0395,1.3959,34.0596,20.5696
dev08,314,56.9563,5.006,27.9738,1.245,34.2248,22.7315
dev08,315,57.333,4.8714,28.1579,1.3584,34.3877,22.9453
dev08,316,54.9012,4.6892,28.0409,1.2615,33.9916,20.9096
dev08,317,53.9329,4.6332,27.9425,1.2667,33.8424,20.0905
dev08,318,53.5605,4.7038,28.016,0.8925,33.6123,19.9482
dev08,319,54.6971,4.5613,27.9489,1.2521,33.7623,20.9348
dev08,320,53.3248,4.6416,27.9625,1.3775,33.9816,19.3432
dev08,321,53.6123,4.7325,27.9321,1.2967,33.9613,19.651
dev08,322,54.1859,4.807,28.0189,1.1641,33.99,20.1959
dev08,323,53.4939,5.2565,27.9076,1.0256,34.1897,19.3042
dev08,324,81.9294,4.7539,32.5221,3.8313,41.1073,40.8221
dev08,325,57.7528,5.5746,27.9732,0.9812,34.529,23.2238
dev08,326,55.4366,4.9097,27.9615,1.2324,34.1036,21.333
dev08,327,61.5846,4.7168,27.9959,1.0012,33.7139,27.8707
dev08,328,57.2816,6.2272,28.139,1.5334,35.8996,21.382
dev08,329,55.0919,4.8843,27.9471,1.1246,33.956,21.1359
dev08,330,55.8949,5.341,27.9972,1.1314,34.4696,21.4253
dev08,331,53.7325,4.6777,28.0015,1.0105,33.6897,20.0428
dev08,332,53.4851,4.5984,27.9455,1.0223,33.5662,19.9189
dev08,333,55.2919,5.3731,27.9453,0.9819,34.3003,20.9916
dev08,334,56.2061,5.0457,27.9761,1.0128,34.0346,22.1715
dev08,335,57.3612,4.9418,27.96,1.0088,33.9106,23.4506
dev08,336,60.8415,4.8288,27.9643,4.2021,36.9952,23.8463
dev08,337,80.9943,4.617,27.9492,1.5884,34.1546,46.8397
dev08,338,64.9665,7.4068,28.1565,2.7448,38.3081,26.6584
dev08,339,58.4242,5.8234,28.0861,1.1426,35.0521,23.3721
dev08,340,62.4358,4.7995,28.0057,3.4859,36.2911,26.1447
dev08,341,61.612,5.6408,28.031,2.7234,36.3952,25.2168
dev08,342,56.5195,5.1079,28.0171,1.5268,34.6518,21.8677
dev08,343,54.5103,4.8487,28.0097,1.4909,34.3493,20.161
dev08,344,53.8401,4.7553,27.9436,1.2978,33.9967,19.8434
dev08,345,54.9258,4.621,27.9506,1.0912,33.6628,21.263
dev08,346,54.7631,4.4785,27.9796,1.5813,34.0394,20.7237
dev08,347,56.3461,4.9252,27.9735,1.3037,34.2024,22.1437
dev08,348,55.6459,4.6965,28.007,1.4128,34.1163,21.5296
dev08,349,55.3619,4.5467,27.9596,1.2839,33.7902,21.5717
dev08,350,55.0213,4.5901,27.9517,1.3249,33.8667,21.1546
dev08,351,54.1584,4.6275,27.9613,1.2616,33.8504,20.308
dev08,352,57.6539,5.0159,27.9572,1.6521,34.6252,23.0287
dev08,353,54.0806,4.6577,27.9564,0.8613,33.4754,20.6052
dev08,354,57.6386,5.3038,27.9636,1.2264,34.4938,23.1448
dev08,355,56.9209,4.6132,27.9332,1.1708,33.7172,23.2037
dev08,356,54.8347,4.7605,27.9703,0.9369,33.6677,21.167
dev08,357,56.6643,4.915,27.9607,1.3575,34.2332,22.4311
dev08,358,56.7913,5.024,28.0328,1.5455,34.6023,22.189
dev08,359,54.7687,4.6964,27.9778,1.0463,33.7205,21.0482
dev08,360,54.4244,4.6223,27.976,1.2405,33.8388,20.5856
dev08,361,55.9121,4.741,27.9722,1.3885,34.1017,21.8104
dev08,362,55.6793,4.8214,28.033,1.5353,34.3897,21.2896
dev08,363,57.364,4.4048,28.0865,1.2555,33.7468,23.6172
dev08,364,59.2984,4.693,27.9257,1.6917,34.3104,24.988
dev08,365,57.385,4.8207,27.9756,1.4681,34.2644,23.1206
dev08,366,59.5856,6.4624,28.0127,1.4378,35.9129,23.6727
dev08,367,57.9042,4.6897,27.9358,1.1446,33.7701,24.1341
dev08,368,57.4564,4.9572,28.048,1.1468,34.152,23.3044
dev08,369,58.2386,5.0261,27.9339,1.3998,34.3598,23.8788
dev08,370,59.2568,4.6387,28.0013,1.3861,34.0261,25.2307
dev08,371,57.9192,4.8614,28.0262,1.3613,34.2489,23.6703
dev08,372,65.3652,4.8574,27.9998,4.2537,37.1109,28.2543
dev08,373,61.2491,4.8561,28.0396,1.5058,34.4015,26.8476
dev08,374,62.2223,5.464,27.9376,0.9678,34.3694,27.8529
dev08,375,62.9266,5.2541,28.0255,1.3322,34.6118,28.3148
dev08,376,71.7179,4.6342,28.0137,1.3922,34.0401,37.6778
dev08,377,66.9927,4.588,27.9923,1.4909,34.0712,32.9215
dev08,378,66.7854,6.2357,28.1166,1.4691,35.8214,30.964
dev08,379,67.4421,5.3293,28.1291,1.0473,34.5057,32.9364
dev08,380,69.5891,5.5293,27.9674,1.0609,34.5576,35.0315
dev08,381,74.0084,6.0127,27.988,1.0039,35.0046,39.0038
dev08,382,68.0619,5.3348,28.056,1.423,34.8138,33.2481
dev08,383,65.7739,5.0007,27.931,1.0887,34.0204,31.7535
dev08,384,68.4468,4.5642,27.9888,1.6565,34.2095,34.2373
dev08,385,67.7247,4.8938,27.9634,1.3509,34.2081,33.5166
dev08,386,70.6448,4.9753,27.9475,0.9661,33.8889,36.7559
dev08,387,71.5281,4.7432,27.9569,1.4164,34.1165,37.4116
dev08,388,70.4866,4.7565,28.0245,1.2741,34.0551,36.4315
dev08,389,70.4345,4.8756,27.9297,1.0515,33.8568,36.5777
dev08,390,70.2026,5.0009,27.927,1.0424,33.9703,36.2323
dev08,391,70.9546,4.9444,27.9804,1.2808,34.2056,36.749
dev08,392,69.1846,4.7762,27.9283,1.2302,33.9347,35.2499
dev08,393,69.3977,4.563,27.9435,1.1897,33.6962,35.7015
dev08,394,72.2596,4.6543,28.011,1.0796,33.7449,38.5147
dev08,395,73.2944,4.7633,28.0306,0.819,33.6129,39.6815
dev08,396,70.9806,4.7975,28.0101,0.9264,33.734,37.2466
dev08,397,71.5112,4.5652,28.0113,0.9298,33.5063,38.0049
dev08,398,74.0514,4.6358,27.9734,4.4659,37.0751,36.9763
dev08,399,93.0442,7.1354,28.3887,6.8044,42.3285,50.7157
dev08,400,72.6332,5.2412,28.0793,1.3431,34.6636,37.9696
dev08,401,71.344,5.1868,28.0467,1.0128,34.2463,37.0977
dev08,402,74.1585,5.2457,28.005,1.9538,35.2045,38.954
dev08,403,73.0477,4.85,27.9552,0.9531,33.7583,39.2894
dev08,404,72.2842,5.5902,28.0343,1.0735,34.698,37.5862
dev08,405,74.866,5.3116,28.0558,1.0957,34.4631,40.4029
dev08,406,75.2483,6.3364,28.0942,1.5116,35.9422,39.3061
dev08,407,74.9274,5.1572,27.9547,1.0977,34.2096,40.7178
dev08,408,73.3898,5.0339,28.0075,1.2229,34.2643,39.1255
dev08,409,74.321,4.7749,28.0018,1.1701,33.9468,40.3742
dev08,410,71.6534,5.6344,27.9804,1.0627,34.6775,36.9759
dev08,411,69.9607,4.3483,27.9968,1.0712,33.4163,36.5444
dev08,412,72.272,5.0926,28.0784,1.2871,34.4581,37.8139
dev08,413,72.8901,4.337,28.0859,1.1444,33.5673,39.3228
dev08,414,70.9851,3.9362,28.0166,1.0644,33.0172,37.9679
dev08,415,68.9763,4.3539,27.9882,0.9828,33.3249,35.6514
dev08,416,68.9744,4.3113,27.9454,0.9152,33.1719,35.8025
dev08,417,73.0553,3.7938,27.9721,1.0677,32.8336,40.2217
dev08,418,68.3817,4.1965,27.9765,0.8421,33.0151,35.3666
dev08,419,73.1151,3.843,27.97,0.9038,32.7168,40.3983
dev08,420,72.7035,3.9535,28.0123,0.9117,32.8775,39.826
dev08,421,70.1317,4.3447,27.9658,0.9215,33.232,36.8997
dev08,422,73.6485,4.6933,28.1166,1.4674,34.2773,39.3712
dev08,423,71.7444,4.1755,28.0178,0.9514,33.1447,38.5997
dev08,424,70.5253,4.815,28.0134,1.0693,33.8977,36.6276
dev08,425,68.7428,4.2134,27.944,1.1304,33.2878,35.455
dev08,426,66.0407,4.2584,27.9392,0.8986,33.0962,32.9445
dev08,427,65.4417,3.8836,27.9685,1.0272,32.8793,32.5624
dev08,428,64.4071,4.0797,28.0014,1.1323,33.2134,31.1937
dev08,429,64.489,3.9816,28.0253,1.457,33.4639,31.0251
dev08,430,65.9342,4.1143,27.9512,0.7445,32.81,33.1242
dev08,431,65.6745,3.9672,27.9633,1.1222,33.0527,32.6218
dev08,432,64.5161,3.9748,27.9759,1.1423,33.093,31.4231
dev08,433,67.2724,4.0639,27.9803,1.0613,33.1055,34.1669
dev08,434,65.8336,3.8466,27.9298,1.1081,32.8845,32.9491
dev08,435,64.2054,4.1043,27.9923,1.0249,33.1215,31.0839
dev08,436,64.5987,4.1629,27.9589,1.1627,33.2845,31.3142
dev08,437,63.7201,4.3219,28.0223,1.077,33.4212,30.2989
dev08,438,62.2995,3.9525,27.9711,0.8714,32.795,29.5045
dev08,439,61.3722,3.9721,27.9393,1.1101,33.0215,28.3507
dev08,440,61.4292,4.1063,27.9844,0.7179,32.8086,28.6206
dev08,441,63.8926,3.9049,27.9476,1.1834,33.0359,30.8567
dev08,442,63.6647,3.9843,27.9679,1.2257,33.1779,30.4868
dev08,443,64.5107,4.2309,28.0017,1.1233,33.3559,31.1548
dev08,444,68.0029,4.042,27.9411,0.7496,32.7327,35.2702
dev08,445,66.024,4.1204,28.0091,1.2637,33.3932,32.6308
dev08,446,65.3483,3.851,27.95,0.8579,32.6589,32.6894
dev08,447,65.3565,4.0848,27.9814,0.8485,32.9147,32.4418
dev08,448,65.639,4.2259,28.0088,0.9409,33.1756,32.4634
dev08,449,68.6533,3.9369,27.9982,0.8021,32.7372,35.9161
dev08,450,69.0723,3.962,27.9665,0.7725,32.701,36.3713
dev08,451,69.4968,4.2463,28.0094,0.9113,33.167,36.3298
dev08,452,71.217,4.3149,27.9236,0.7803,33.0188,38.1982
dev08,453,69.8859,3.8026,27.9576,0.8629,32.6231,37.2628
dev08,454,72.4859,4.6592,27.9372,0.718,33.3144,39.1715
dev08,455,69.5725,4.1521,27.9256,0.8381,32.9158,36.6567
dev08,456,69.3298,3.8121,27.9287,0.7287,32.4695,36.8603
dev08,457,69.882,3.8141,27.9013,0.8188,32.5342,37.3478
dev08,458,70.146,3.9642,27.9587,0.7966,32.7195,37.4265
dev08,459,70.6783,3.9645,27.961,0.8419,32.7674,37.9109
dev08,460,70.6178,3.9581,27.9551,0.7303,32.6435,37.9743
dev08,461,69.6111,3.9051,27.9413,0.6608,32.5072,37.1039
dev08,462,69.7171,4.4559,27.9366,0.7401,33.1326,36.5845
dev08,463,73.0026,3.821,27.9307,0.771,32.5227,40.4799
dev08,464,70.7734,3.8052,27.9328,0.7377,32.4757,38.2977
dev08,465,75.0829,3.8661,27.9668,2.2344,34.0673,41.0156
dev08,466,77.1668,4.0159,27.9889,2.1274,34.1322,43.0346
dev08,467,77.3881,3.6584,27.9508,2.152,33.7612,43.6269
dev08,468,75.3402,3.7273,27.9283,2.0482,33.7038,41.6364
dev08,469,76.4826,4.0687,27.9188,2.2921,34.2796,42.203
dev08,470,71.303,3.6989,27.9378,2.0458,33.6825,37.6205
dev08,471,72.0413,3.7411,27.9183,2.4411,34.1005,37.9408
dev08,472,87.8338,3.726,27.9491,2.4132,34.0883,53.7455
dev08,473,68.3918,3.8993,27.9356,2.2889,34.1238,34.268
dev08,474,68.4907,4.2028,27.9323,2.2525,34.3876,34.1031
dev08,475,63.6517,3.6117,27.955,0.732,32.2987,31.353
dev08,476,62.8782,3.9965,27.9839,2.2139,34.1943,28.6839
dev08,477,62.5961,3.7109,27.9266,2.2194,33.8569,28.7392
dev08,478,63.0504,3.915,28.1283,2.5446,34.5879,28.4625
dev08,479,63.3088,3.6726,27.9614,2.2133,33.8473,29.4615
dev08,480,59.8525,3.9171,27.9883,2.0984,34.0038,25.8487
dev08,481,61.0783,3.6658,28.0254,2.6838,34.375,26.7033
dev08,482,59.998,3.9514,28.01,2.1819,34.1433,25.8547
dev08,483,60.9023,4.1505,27.9798,2.3638,34.4941,26.4082
dev08,484,60.5964,3.7607,27.8932,2.4428,34.0967,26.4997
dev08,485,59.9268,3.9969,27.957,2.1176,34.0715,25.8553
dev08,486,57.7408,3.8856,27.9745,0.7245,32.5846,25.1562
dev08,487,56.5255,3.8911,27.9076,0.683,32.4817,24.0438
dev08,488,59.6352,3.7593,27.927,1.9856,33.6719,25.9633
dev08,489,55.9922,3.6681,27.9294,0.7366,32.3341,23.6581
dev08,490,56.171,3.9561,27.9305,0.7561,32.6427,23.5283
dev08,491,55.8718,3.7903,27.9688,0.6702,32.4293,23.4425
dev08,492,56.1499,3.83,27.9546,0.8211,32.6057,23.5442
dev08,493,69.6075,3.7795,30.0671,3.3794,37.226,32.3815
dev08,494,61.0774,3.8997,27.9397,2.2331,34.0725,27.0049
dev08,495,61.0102,3.9372,27.9865,2.1751,34.0988,26.9114
dev08,496,57.9139,3.6811,28.0433,0.7791,32.5035,25.4104
dev08,497,58.0216,3.9156,27.9432,0.7838,32.6426,25.379
dev08,498,61.9822,3.8728,27.9716,2.2756,34.12,27.8622
dev08,499,58.7415,3.792,27.9871,0.9771,32.7562,25.9853
dev08,500,61.4318,4.1052,27.9524,2.7856,34.8432,26.5886
dev08,501,62.1364,3.5852,27.9299,2.2627,33.7778,28.3586
dev08,502,61.4254,3.7024,27.9251,2.177,33.8045,27.6209
dev08,503,63.762,4.7163,28.2081,2.4982,35.4226,28.3394
dev08,504,63.5091,3.8508,27.9783,2.2403,34.0694,29.4397
dev08,505,60.4273,3.7466,27.8889,0.7701,32.4056,28.0217
dev08,506,59.7598,3.8797,27.9059,0.8492,32.6348,27.125
dev08,507,63.7635,3.8178,27.9454,2.4085,34.1717,29.5918
dev08,508,63.1345,4.1508,27.9072,2.5663,34.6243,28.5102
dev08,509,65.2987,4.1422,27.9225,2.139,34.2037,31.095
dev08,510,63.4102,3.8143,27.9678,2.3573,34.1394,29.2708
dev08,511,63.115,3.9348,27.9214,2.4051,34.2613,28.8537
dev08,512,61.3212,3.9502,27.9217,2.1769,34.0488,27.2724
dev08,513,61.4408,3.7011,27.918,2.3188,33.9379,27.5029
dev08,514,63.1184,3.6622,27.9773,2.3477,33.9872,29.1312
dev08,515,62.83,3.7912,27.9084,2.7756,34.4752,28.3548
dev08,516,61.1235,3.7983,27.9844,2.7708,34.5535,26.57
dev08,517,62.872,3.6957,27.9291,2.4382,34.063,28.809
dev08,518,59.5058,3.7547,28.0839,2.3517,34.1903,25.3155
dev08,519,59.9556,3.8399,27.9279,2.4571,34.2249,25.7307
dev08,520,59.227,3.6156,27.9783,2.4093,34.0032,25.2238
dev08,521,59.8268,3.753,27.9814,2.5239,34.2583,25.5685
dev08,522,60.0235,3.8154,27.9779,2.4292,34.2225,25.801
dev08,523,61.501,4.025,27.9521,2.6419,34.619,26.882
dev08,524,61.2561,4.1606,27.9434,2.3781,34.4821,26.774
dev08,525,59.3188,4.0339,28.0098,2.3933,34.437,24.8818
dev08,526,59.9575,3.7428,27.9316,2.344,34.0184,25.9391
dev08,527,61.0536,3.9605,27.9327,2.4883,34.3815,26.6721
dev08,528,58.7467,3.8737,27.8847,2.2622,34.0206,24.7261
dev08,529,58.282,3.6671,27.9035,2.1844,33.755,24.527
dev08,530,58.4031,3.7226,27.9042,2.2902,33.917,24.4861
dev08,531,60.8618,4.0765,27.9901,2.7961,34.8627,25.9991
dev08,532,59.929,3.8196,27.9563,2.8139,34.5898,25.3392
dev08,533,58.8884,3.6749,27.9193,2.3478,33.942,24.9464
dev08,534,58.5037,3.8952,27.9883,2.4055,34.289,24.2147
dev08,535,58.732,3.9112,28.0005,2.45,34.3617,24.3703
dev08,536,59.012,4.0746,27.9659,2.4638,34.5043,24.5077
dev08,537,58.0037,3.8308,27.949,2.4431,34.2229,23.7808
dev08,538,56.9888,4.0233,27.9761,2.4237,34.4231,22.5657
dev08,539,57.6936,3.8817,27.9863,2.3415,34.2095,23.4841
dev09,0,68.5971,3.8022,27.8989,0.9409,32.642,35.9551
dev09,1,63.2928,3.7734,27.8969,0.8024,32.4727,30.8201
dev09,2,63.8086,3.8251,27.8942,2.3299,34.0492,29.7594
dev09,3,65.0527,3.7879,27.8868,2.5665,34.2412,30.8115
dev09,4,71.5764,3.8607,27.9637,5.2261,37.0505,34.5259
dev09,5,64.5646,4.1974,28.0217,1.2567,33.4758,31.0888
dev09,6,61.2968,3.8215,27.9311,0.9671,32.7197,28.5771
dev09,7,65.9977,4.3027,27.9359,2.6765,34.9151,31.0826
dev09,8,67.1365,4.0486,27.995,2.8965,34.9401,32.1964
dev09,9,61.8183,3.8926,28.0265,0.941,32.8601,28.9582
dev09,10,61.9599,3.7863,27.9275,0.8722,32.586,29.3739
dev09,11,61.1262,3.7939,27.9326,1.0023,32.7288,28.3974
dev09,12,63.0397,4.002,27.9379,0.8143,32.7542,30.2855
dev09,13,61.0028,3.9104,27.9249,0.9127,32.748,28.2548
dev09,14,60.1876,3.8725,27.9436,1.0022,32.8183,27.3693
dev09,15,60.2555,3.7452,27.9191,0.8818,32.5461,27.7094
dev09,16,60.226,4.0,27.9289,0.8937,32.8226,27.4034
dev09,17,60.1925,3.8605,27.938,0.9124,32.7109,27.4816
dev09,18,60.4353,3.8807,27.9157,0.7185,32.5149,27.9204
dev09,19,63.6109,4.1806,27.9609,0.8388,32.9803,30.6306
dev09,20,60.6719,3.9048,27.9733,0.7139,32.592,28.0799
dev09,21,62.276,4.0664,27.9332,1.0942,33.0938,29.1822
dev09,22,61.3471,3.8166,27.931,0.8384,32.586,28.7611
dev09,23,63.3523,4.2845,27.9486,0.6822,32.9153,30.437
dev09,24,62.0639,4.1841,27.9224,0.8154,32.9219,29.142
dev09,25,63.7333,3.7701,27.9233,0.9002,32.5936,31.1397
dev09,26,65.6315,3.893,27.9128,0.8279,32.6337,32.9978
dev09,27,64.1838,3.9944,27.9585,1.0484,33.0013,31.1825
dev09,28,63.3917,3.7335,27.9172,0.8453,32.496,30.8957
dev09,29,64.4197,3.7578,27.9095,0.7836,32.4509,31.9688
dev09,30,65.8506,3.7247,27.9084,0.7966,32.4297,33.4209
dev09,31,68.011,3.8641,27.9542,0.8067,32.625,35.386
dev09,32,68.6071,4.0877,27.9686,0.8477,32.904,35.7031
dev09,33,67.4724,4.0007,27.945,0.836,32.7817,34.6907
dev09,34,64.9531,3.8908,27.9653,0.9165,32.7726,32.1805
dev09,35,64.4509,4.0357,28.0284,0.7142,32.7783,31.6726
dev09,36,65.9188,4.0139,28.0257,0.7058,32.7454,33.1734
dev09,37,68.6436,4.3802,27.9504,0.704,33.0346,35.609
dev09,38,67.0938,3.904,27.9097,0.6874,32.5011,34.5927
dev09,39,65.5919,3.9857,27.9268,0.8649,32.7774,32.8145
dev09,40,66.1786,3.702,27.8994,0.703,32.3044,33.8742
dev09,41,65.4705,3.952,27.9212,0.756,32.6292,32.8413
dev09,42,65.1615,3.8396,27.9049,0.7125,32.457,32.7045
dev09,43,66.4076,4.0836,27.9157,0.7032,32.7025,33.7051
dev09,44,68.0057,3.7936,27.9068,0.6998,32.4002,35.6055
dev09,45,65.6053,4.176,27.9163,0.7472,32.8395,32.7658
dev09,46,67.9358,3.7408,27.9032,0.7241,32.3681,35.5677
dev09,47,64.9723,3.7936,27.9181,0.7128,32.4245,32.5478
dev09,48,68.185,3.7476,27.9207,2.5799,34.2482,33.9368
dev09,49,64.9124,3.5672,27.9501,0.6765,32.1938,32.7186
dev09,50,65.7904,3.8585,27.9137,1.1156,32.8878,32.9026
dev09,51,78.9489,3.8406,27.9362,0.8356,32.6124,46.3365
dev09,52,67.1188,4.2803,28.0475,0.8621,33.1899,33.9289
dev09,53,66.0601,4.1493,27.966,0.7453,32.8606,33.1995
dev09,54,65.4824,3.9198,27.9467,0.6864,32.5529,32.9295
dev09,55,74.5575,3.9428,27.9406,2.2826,34.166,40.3915
dev09,56,71.1795,4.6861,28.1064,0.9937,33.7862,37.3933
dev09,57,72.0006,4.5287,28.1138,0.9843,33.6268,38.3738
dev09,58,71.8273,4.604,27.99,1.0258,33.6198,38.2075
dev09,59,70.2245,4.5919,28.0761,0.9351,33.6031,36.6214
dev09,60,70.6179,4.4125,28.0206,1.1895,33.6226,36.9953
dev09,61,68.9838,4.8815,28.0034,1.3201,34.205,34.7788
dev09,62,69.0442,3.7044,27.9007,0.7251,32.3302,36.714
dev09,63,71.2728,4.1554,27.9603,2.4619,34.5776,36.6952
dev09,64,72.2242,4.0171,27.9474,2.4862,34.4507,37.7735
dev09,65,71.6148,4.2188,27.9596,0.851,33.0294,38.5854
dev09,66,67.3667,3.8872,27.9595,0.8404,32.6871,34.6796
dev09,67,66.9323,3.7745,27.8833,0.7995,32.4573,34.475
dev09,68,68.6825,3.9792,27.9027,0.8318,32.7137,35.9688
dev09,69,68.9354,3.8072,27.9263,0.7974,32.5309,36.4045
dev09,70,70.2437,3.9463,27.9531,0.9064,32.8058,37.4379
dev09,71,69.1513,4.1156,27.9117,1.0595,33.0868,36.0645
dev09,72,67.7021,4.0049,27.9582,0.7978,32.7609,34.9412
dev09,73,66.3683,3.7544,27.9124,0.7257,32.3925,33.9758
dev09,74,67.9796,3.7497,27.8899,0.8304,32.47,35.5096
dev09,75,66.7897,4.0041,27.9248,0.749,32.6779,34.1118
dev09,76,67.5038,4.1385,27.9113,0.7437,32.7935,34.7103
dev09,77,67.4161,3.8507,27.9486,0.7993,32.5986,34.8175
dev09,78,67.5158,3.7463,27.9351,0.7781,32.4595,35.0563
dev09,79,66.4561,3.7432,27.9404,0.7314,32.415,34.0411
dev09,80,67.3414,3.7993,27.9443,0.8415,32.5851,34.7563
dev09,81,66.5302,3.8163,27.9516,0.7666,32.5345,33.9957
dev09,82,67.2993,3.963,27.9197,0.772,32.6547,34.6446
dev09,83,68.3363,3.8677,27.9363,0.7749,32.5789,35.7574
dev09,84,67.5344,4.1159,27.9334,1.0441,33.0934,34.441
dev09,85,67.8753,3.9267,27.9997,0.8044,32.7308,35.1445
dev09,86,68.5537,3.8565,27.908,1.0028,32.7673,35.7864
dev09,87,67.0822,3.8249,27.9211,0.761,32.507,34.5752
dev09,88,67.7504,3.8043,27.9257,0.8748,32.6048,35.1456
dev09,89,67.5047,3.8147,27.8989,0.7734,32.487,35.0177
dev09,90,67.0221,3.9725,27.9018,0.7496,32.6239,34.3982
dev09,91,67.2899,3.8434,27.9861,0.7325,32.562,34.7279
dev09,92,70.124,3.828,27.9284,0.9057,32.6621,37.4619
dev09,93,67.1912,3.8072,27.943,0.8197,32.5699,34.6213
dev09,94,65.9213,3.9057,27.9336,0.8154,32.6547,33.2666
dev09,95,65.3628,3.7764,27.925,0.8238,32.5252,32.8376
dev09,96,64.1432,3.8234,27.8889,0.8217,32.534,31.6092
dev09,97,69.901,4.0043,27.9292,2.5856,34.5191,35.3819
dev09,98,67.9419,4.0215,27.9113,2.0939,34.0267,33.9152
dev09,99,71.1819,3.9164,27.9596,2.6645,34.5405,36.6414
dev09,100,71.5765,4.106,27.9085,2.3479,34.3624,37.2141
dev09,101,69.4004,3.7426,27.9278,2.2775,33.9479,35.4525
dev09,102,70.1847,4.1699,27.9513,2.8781,34.9993,35.1854
dev09,103,69.2148,3.7743,27.9023,0.7882,32.4648,36.75
dev09,104,65.1542,3.9228,27.8981,0.7495,32.5704,32.5838
dev09,105,63.7744,3.8755,27.9261,0.777,32.5786,31.1958
dev09,106,62.2887,3.9943,27.9664,0.7883,32.749,29.5397
dev09,107,63.0483,3.8561,27.9593,0.7532,32.5686,30.4797
dev09,108,63.5688,3.8853,27.9295,0.7889,32.6037,30.9651
dev09,109,64.0712,3.9635,27.8925,0.7541,32.6101,31.4611
dev09,110,63.7415,3.7756,27.924,0.9097,32.6093,31.1322
dev09,111,62.468,3.8657,27.9235,0.6832,32.4724,29.9956
dev09,112,62.4272,3.7787,27.9112,0.8329,32.5228,29.9044
dev09,113,62.2648,3.9215,27.9065,0.9962,32.8242,29.4406
dev09,114,62.4791,3.8489,27.9266,0.9508,32.7263,29.7528
dev09,115,61.2851,3.7234,27.9018,1.0144,32.6396,28.6455
dev09,116,61.3134,3.9212,28.0157,0.7844,32.7213,28.5921
dev09,117,62.2638,3.7956,27.9303,0.8943,32.6202,29.6436
dev09,118,60.6209,3.8754,27.9179,0.9278,32.7211,27.8998
dev09,119,60.9287,4.3159,27.8938,0.7869,32.9966,27.9321
dev09,120,60.3181,3.7754,27.9034,0.7652,32.444,27.8741
dev09,121,61.5848,3.8741,27.959,0.8302,32.6633,28.9215
dev09,122,62.7406,4.0952,27.914,0.7511,32.7603,29.9803
dev09,123,60.5712,3.9176,27.9741,0.7693,32.661,27.9102
dev09,124,63.1571,4.3057,27.9778,0.7741,33.0576,30.0995
dev09,125,62.2636,4.2282,27.9328,0.9956,33.1566,29.107
dev09,126,61.9742,3.8716,27.9053,0.7612,32.5381,29.4361
dev09,127,63.5984,3.8497,27.9316,0.7842,32.5655,31.0329
dev09,128,63.6242,3.9424,28.0084,0.9057,32.8565,30.7677
dev09,129,62.7463,3.7833,27.8988,1.0926,32.7747,29.9716
dev09,130,60.5633,3.8166,27.9013,0.8211,32.539,28.0243
dev09,131,62.5878,4.0115,27.9719,0.7593,32.7427,29.8451
dev09,132,63.638,4.32,27.906,0.8942,33.1202,30.5178
dev09,133,63.575,4.1484,28.1061,1.0193,33.2738,30.3012
dev09,134,62.835,3.9992,27.9108,0.8371,32.7471,30.0879
dev09,135,63.4791,3.8283,27.9327,1.0488,32.8098,30.6693
dev09,136,63.2166,3.8596,27.9085,0.8023,32.5704,30.6462
dev09,137,63.1363,4.1206,27.904,0.755,32.7796,30.3567
dev09,138,62.5388,3.9227,27.899,0.857,32.6787,29.8601
dev09,139,63.0792,3.8959,27.9225,0.8541,32.6725,30.4067
dev09,140,62.3508,3.8638,27.9529,0.7528,32.5695,29.7813
dev09,141,63.5007,3.8638,27.9265,0.7682,32.5585,30.9422
dev09,142,61.3453,3.7002,27.9198,0.8472,32.4672,28.8781
dev09,143,60.9719,4.0315,27.9802,0.9078,32.9195,28.0524
dev09,144,62.522,3.8989,27.8987,0.8744,32.672,29.85
dev09,145,61.8556,3.964,27.9425,0.7492,32.6557,29.1999
dev09,146,60.0678,3.8691,27.9381,0.7913,32.5985,27.4693
dev09,147,57.6975,3.6707,27.9381,0.6751,32.2839,25.4136
dev09,148,58.2623,3.8857,27.9081,0.765,32.5588,25.7035
dev09,149,56.8839,3.9727,27.8937,0.6946,32.561,24.3229
dev09,150,58.2526,4.0398,27.9035,0.6914,32.6347,25.6179
dev09,151,56.495,3.8673,27.9214,0.7908,32.5795,23.9155
dev09,152,58.8296,3.7994,27.8884,2.3224,34.0102,24.8194
dev09,153,55.1605,3.9786,28.0524,0.7086,32.7396,22.4209
dev09,154,57.6063,3.7638,27.8996,2.0367,33.7001,23.9062
dev09,155,56.7065,3.7056,28.0085,2.0399,33.754,22.9525
dev09,156,58.3406,3.6484,27.9409,2.14,33.7293,24.6113
dev09,157,56.235,4.0101,27.9766,2.0818,34.0685,22.1665
dev09,158,56.6179,4.0542,27.9419,2.0904,34.0865,22.5314
dev09,159,53.2163,3.6681,27.9444,0.7042,32.3167,20.8996
dev09,160,57.0196,4.0294,27.9469,0.6884,32.6647,24.3549
dev09,161,55.5669,4.2213,27.9884,0.946,33.1557,22.4112
dev09,162,57.3298,3.8573,27.9521,2.1171,33.9265,23.4033
dev09,163,57.3706,3.6899,27.9547,2.2325,33.8771,23.4935
dev09,164,56.4404,4.9067,28.016,0.8368,33.7595,22.6809
dev09,165,57.4825,4.1151,28.0424,1.1242,33.2817,24.2008
dev09,166,57.9627,4.1207,27.9606,0.8925,32.9738,24.9889
dev09,167,55.2383,4.2088,27.9734,0.7992,32.9814,22.2569
dev09,168,55.6438,3.9095,27.9567,0.8441,32.7103,22.9335
dev09,169,56.0651,4.064,27.9453,0.8695,32.8788,23.1863
dev09,170,56.4806,3.9629,27.9858,1.0737,33.0224,23.4582
dev09,171,57.3273,4.023,27.9741,0.8802,32.8773,24.45
dev09,172,57.9302,4.4446,27.9696,0.8619,33.2761,24.6541
dev09,173,56.6236,3.9416,27.9563,0.9062,32.8041,23.8195
dev09,174,57.6999,4.3146,27.9654,0.9065,33.1865,24.5134
dev09,175,57.028,3.918,27.8986,0.765,32.5816,24.4464
dev09,176,56.58,3.7713,27.9116,0.7703,32.4532,24.1268
dev09,177,57.8192,4.5694,27.92,0.9859,33.4753,24.3439
dev09,178,56.5074,3.7423,27.894,0.8527,32.489,24.0184
dev09,179,59.7502,3.704,27.9458,0.7498,32.3996,27.3506
dev09,180,59.55,3.9397,27.9512,0.8664,32.7573,26.7927
dev09,181,58.3281,4.1438,27.9575,0.7214,32.8227,25.5054
dev09,182,60.5918,3.7085,27.9717,0.791,32.4712,28.1206
dev09,183,58.1541,3.8399,27.9134,0.8747,32.628,25.5261
dev09,184,58.3876,3.933,27.9176,0.7611,32.6117,25.7759
dev09,185,57.3549,3.8292,27.907,0.8053,32.5415,24.8134
dev09,186,57.1507,3.8242,27.9219,0.8834,32.6295,24.5212
dev09,187,57.4549,3.9973,27.9321,0.8553,32.7847,24.6702
dev09,188,57.9655,3.7595,27.9231,0.7436,32.4262,25.5393
dev09,189,60.4654,3.8463,27.9468,2.3374,34.1305,26.3349
dev09,190,58.6763,3.7414,27.9476,0.8343,32.5233,26.153
dev09,191,62.0968,3.8398,27.9397,2.5438,34.3233,27.7735
dev09,192,59.1769,3.8245,27.9197,0.9672,32.7114,26.4655
dev09,193,64.0474,3.9912,27.9298,0.8132,32.7342,31.3132
dev09,194,58.5491,3.8801,27.9503,0.7236,32.554,25.9951
dev09,195,58.3314,3.9667,27.9064,0.8346,32.7077,25.6237
dev09,196,59.1435,3.8406,27.9375,0.7634,32.5415,26.602
dev09,197,58.0538,3.7487,27.9027,0.7351,32.3865,25.6673
dev09,198,58.4827,3.7933,27.9146,0.7369,32.4448,26.0379
dev09,199,59.2823,4.0296,27.9274,0.7788,32.7358,26.5465
dev09,200,60.2734,3.7729,27.9293,0.7768,32.479,27.7944
dev09,201,59.8275,3.7544,27.9359,0.7429,32.4332,27.3943
dev09,202,61.055,3.9017,27.9311,0.7671,32.5999,28.4551
dev09,203,63.0637,4.0189,27.9501,0.753,32.722,30.3417
dev09,204,62.028,3.979,27.9557,0.7868,32.7215,29.3065
dev09,205,61.3066,3.9483,27.9308,0.8532,32.7323,28.5743
dev09,206,62.1801,3.8757,27.9427,0.7637,32.5821,29.598
dev09,207,60.257,3.9245,27.9596,0.7244,32.6085,27.6485
dev09,208,61.5594,3.8368,27.9513,0.9092,32.6973,28.8621
dev09,209,62.9894,3.9277,27.9095,1.0602,32.8974,30.092
dev09,210,64.9608,3.9997,27.9436,2.4694,34.4127,30.5481
dev09,211,66.0849,3.5495,27.9446,2.2758,33.7699,32.315
dev09,212,63.9129,3.9092,27.9552,0.7504,32.6148,31.2981
dev09,213,64.0001,3.9899,27.9618,0.8916,32.8433,31.1568
dev09,214,64.1334,3.9559,28.016,0.9372,32.9091,31.2243
dev09,215,63.465,3.7308,27.9275,0.8418,32.5001,30.9649
dev09,216,64.6678,4.0094,28.0867,0.788,32.8841,31.7837
dev09,217,65.4032,4.2856,27.946,0.7846,33.0162,32.387
dev09,218,63.6896,3.8671,27.9593,0.882,32.7084,30.9812
dev09,219,63.2656,3.8248,27.9819,0.8618,32.6685,30.5971
dev09,220,63.9572,3.8887,28.0227,0.8722,32.7836,31.1736
dev09,221,64.0237,3.9149,27.9721,0.9207,32.8077,31.216
dev09,222,64.7359,3.7629,27.9187,0.9545,32.6361,32.0998
dev09,223,63.4182,3.805,27.9261,0.7756,32.5067,30.9115
dev09,224,64.9932,3.9147,27.9331,0.7527,32.6005,32.3927
dev09,225,73.4606,3.8531,27.9365,2.5481,34.3377,39.1229
dev09,226,66.8717,3.9704,27.9353,0.9368,32.8425,34.0292
dev09,227,71.1707,4.383,27.9432,2.527,34.8532,36.3175
dev09,228,67.6082,3.7282,27.9243,0.7335,32.386,35.2222
dev09,229,72.1505,4.0699,27.9092,0.7788,32.7579,39.3926
dev09,230,68.1943,3.8827,27.9152,0.8063,32.6042,35.5901
dev09,231,66.0685,3.9474,27.917,1.001,32.8654,33.2031
dev09,232,69.2607,4.1299,27.9487,0.779,32.8576,36.4031
dev09,233,68.2095,3.8425,27.9107,0.7733,32.5265,35.683
dev09,234,66.775,4.2243,27.9187,0.9064,33.0494,33.7256
dev09,235,66.2606,3.9243,27.9155,0.8533,32.6931,33.5675
dev09,236,67.1221,3.9783,27.9434,0.8235,32.7452,34.3769
dev09,237,66.5862,3.9618,27.9193,0.7426,32.6237,33.9625
dev09,238,65.841,3.9229,27.9384,0.7063,32.5676,33.2734
dev09,239,67.1332,3.8835,27.8946,0.7718,32.5499,34.5833
dev09,240,65.8534,3.9069,27.9236,0.7304,32.5609,33.2925
dev09,241,67.5637,4.2036,27.8975,0.7845,32.8856,34.6781
dev09,242,66.877,3.7736,27.9195,0.7906,32.4837,34.3933
dev09,243,67.6349,4.1268,27.9782,0.7735,32.8785,34.7564
dev09,244,67.7709,4.1592,27.9175,0.9987,33.0754,34.6955
dev09,245,68.7037,3.9547,27.9041,0.8391,32.6979,36.0058
dev09,246,66.7993,4.0593,27.9009,0.8472,32.8074,33.9919
dev09,247,67.7815,4.0025,27.918,1.1728,33.0933,34.6882
dev09,248,74.4639,4.0442,27.923,0.9315,32.8987,41.5652
dev09,249,81.1459,16.414,28.0886,0.9575,45.4601,35.6858
dev09,250,67.8851,4.427,27.9666,1.1341,33.5277,34.3574
dev09,251,68.5253,4.0697,27.9457,0.8052,32.8206,35.7047
dev09,252,69.051,4.2464,27.9545,0.8419,33.0428,36.0082
dev09,253,68.0828,4.2627,27.9427,0.8256,33.031,35.0518
dev09,254,71.6774,5.1303,27.943,0.8518,33.9251,37.7523
dev09,255,69.8022,5.0109,28.0025,1.11,34.1234,35.6788
dev09,256,72.6627,4.3763,28.0179,0.9879,33.3821,39.2806
dev09,257,71.8245,5.1842,27.948,0.9183,34.0505,37.774
dev09,258,70.0932,4.1495,27.9487,1.1392,33.2374,36.8558
dev09,259,69.6686,5.439,27.9583,0.9394,34.3367,35.3319
dev09,260,70.477,5.0549,27.9668,0.9545,33.9762,36.5008
dev09,261,69.6174,4.1479,27.9798,0.7843,32.912,36.7054
dev09,262,68.4266,4.0993,27.9351,0.845,32.8794,35.5472
dev09,263,69.0106,3.868,27.9489,0.8556,32.6725,36.3381
dev09,264,72.2497,4.0416,27.9613,2.4495,34.4524,37.7973
dev09,265,67.8637,4.0051,27.9732,0.8526,32.8309,35.0328
dev09,266,68.221,3.8177,27.9142,0.7621,32.494,35.727
dev09,267,68.1736,4.2316,27.9254,1.0299,33.1869,34.9867
dev09,268,66.799,3.7208,27.9699,0.7724,32.4631,34.3359
dev09,269,68.1767,3.8054,27.9241,1.3074,33.0369,35.1398
dev09,270,68.2189,3.745,27.9398,0.8128,32.4976,35.7213
dev09,271,70.6276,4.2277,27.9466,1.0459,33.2202,37.4074
dev09,272,71.9986,4.3225,28.1217,0.9766,33.4208,38.5778
dev09,273,74.5971,4.2597,28.069,2.693,35.0217,39.5754
dev09,274,72.4546,4.1153,28.1624,2.5704,34.8481,37.6065
dev09,275,70.6332,3.9714,27.9412,0.965,32.8776,37.7556
dev09,276,70.359,5.2626,27.9173,0.8098,33.9897,36.3693
dev09,277,67.0753,3.9765,28.0194,0.8601,32.856,34.2193
dev09,278,67.3972,3.8802,27.9753,0.8579,32.7134,34.6838
dev09,279,68.0494,3.8466,27.9226,0.7632,32.5324,35.517
dev09,280,68.6691,3.8885,27.953,0.9803,32.8218,35.8473
dev09,281,70.75,4.1199,27.9463,2.4189,34.4851,36.2649
dev09,282,67.2072,3.6627,27.945,0.8803,32.488,34.7192
dev09,283,67.1615,3.9481,27.9301,0.8198,32.698,34.4635
dev09,284,67.9637,3.9418,27.9314,0.8499,32.7231,35.2406
dev09,285,70.1262,3.8231,27.924,2.7443,34.4914,35.6348
dev09,286,68.6669,3.8037,27.9171,0.7652,32.486,36.1809
dev09,287,66.8878,3.8764,27.9252,0.8978,32.6994,34.1884
dev09,288,67.756,4.375,27.9356,0.7867,33.0973,34.6587
dev09,289,68.2407,4.0257,27.9132,0.7301,32.669,35.5717
dev09,290,67.6801,3.946,27.9288,0.775,32.6498,35.0303
dev09,291,67.8106,4.0678,28.1691,0.9453,33.1822,34.6284
dev09,292,69.2811,3.9218,27.9107,0.8092,32.6417,36.6394
dev09,293,69.5444,3.8636,27.9485,2.3386,34.1507,35.3937
dev09,294,68.7474,3.8288,27.9969,0.7759,32.6016,36.1458
dev09,295,69.963,4.1717,27.9268,1.1294,33.2279,36.7351
dev09,296,67.9927,4.0077,27.8846,0.9246,32.8169,35.1758
dev09,297,69.8756,4.0467,27.9714,0.8844,32.9025,36.9731
dev09,298,66.8677,3.9925,27.91,0.7417,32.6442,34.2235
dev09,299,71.6671,3.8019,27.916,0.7525,32.4704,39.1967
dev09,300,70.1157,4.2521,28.1754,0.8871,33.3146,36.8011
dev09,301,69.7244,3.8587,27.9521,0.7976,32.6084,37.116
dev09,302,66.2426,3.8785,27.9518,0.7158,32.5461,33.6965
dev09,303,65.5979,3.8089,27.9277,0.7396,32.4762,33.1217
dev09,304,67.2405,3.9124,27.9053,0.817,32.6347,34.6058
dev09,305,66.3641,4.0435,27.9333,0.6873,32.6641,33.7
dev09,306,66.2974,3.9466,27.9433,1.0002,32.8901,33.4073
dev09,307,69.7221,4.361,27.8897,0.8939,33.1446,36.5775
dev09,308,67.8383,4.1181,27.9194,0.9191,32.9566,34.8817
dev09,309,66.0485,4.4517,27.9713,0.8178,33.2408,32.8077
dev09,310,64.6146,3.7881,27.9376,0.8697,32.5954,32.0192
dev09,311,63.2052,3.7482,28.0167,0.9249,32.6898,30.5154
dev09,312,62.4763,3.7935,27.9886,0.8925,32.6746,29.8017
dev09,313,62.7971,4.198,28.0265,0.8241,33.0486,29.7485
dev09,314,60.6717,4.1218,27.9526,0.9045,32.9789,27.6928
dev09,315,59.8183,4.0798,28.0062,0.8871,32.9731,26.8452
dev09,316,59.06,3.966,27.9627,0.7994,32.7281,26.3319
dev09,317,59.0507,4.1486,27.942,0.836,32.9266,26.1241
dev09,318,58.3662,4.0189,28.0648,0.8938,32.9775,25.3887
dev09,319,57.7328,4.014,27.9659,0.8524,32.8323,24.9005
dev09,320,58.1617,4.4581,28.0222,0.9203,33.4006,24.7611
dev09,321,57.9695,3.9696,27.9349,0.8847,32.7892,25.1803
dev09,322,58.0718,4.1582,28.0028,0.89,33.051,25.0208
dev09,323,61.4706,4.1677,27.9581,2.4989,34.6247,26.8459
dev09,324,60.6172,3.9186,27.9745,2.3576,34.2507,26.3665
dev09,325,59.0153,4.5735,27.9693,1.2456,33.7884,25.2269
dev09,326,58.2255,4.0212,28.0068,0.9589,32.9869,25.2386
dev09,327,57.1032,3.8195,27.9291,0.9735,32.7221,24.3811
dev09,328,61.1321,4.3063,27.985,3.0091,35.3004,25.8317
dev09,329,61.0985,3.9452,27.968,3.2963,35.2095,25.889
dev09,330,62.4463,4.4369,28.0728,2.9003,35.41,27.0363
dev09,331,60.5649,4.1498,27.9438,2.704,34.7976,25.7673
dev09,332,60.5938,4.5756,27.9456,3.9349,36.4561,24.1377
dev09,333,60.1355,3.8091,27.9377,2.3759,34.1227,26.0128
dev09,334,59.5911,3.9689,27.9332,2.2212,34.1233,25.4678
dev09,335,59.4939,3.9166,28.0045,2.2106,34.1317,25.3622
dev09,336,59.8487,4.0835,27.9359,2.4456,34.465,25.3837
dev09,337,55.927,4.1117,27.9024,0.8652,32.8793,23.0477
dev09,338,55.349,3.881,27.9328,0.8883,32.7021,22.6469
dev09,339,56.7102,3.9511,27.9561,0.7732,32.6804,24.0298
dev09,340,62.6169,3.9963,27.9865,0.8577,32.8405,29.7764
dev09,341,56.7153,4.5606,28.038,0.8723,33.4709,23.2444
dev09,342,56.6344,4.0008,27.9315,0.9185,32.8508,23.7836
dev09,343,56.2729,3.7141,27.9626,0.7442,32.4209,23.852
dev09,344,56.0444,3.8311,27.9574,0.7806,32.5691,23.4753
dev09,345,56.1575,3.7793,27.938,0.7891,32.5064,23.6511
dev09,346,57.6001,3.894,27.9469,0.9177,32.7586,24.8415
dev09,347,56.7964,3.8499,27.9121,0.7556,32.5176,24.2788
dev09,348,57.5312,3.9386,27.9069,0.912,32.7575,24.7737
dev09,349,56.1331,3.6662,27.9206,0.7865,32.3733,23.7598
dev09,350,57.1164,3.7752,27.9522,0.7695,32.4969,24.6195
dev09,351,57.891,4.091,27.9851,0.8514,32.9275,24.9635
dev09,352,57.145,3.7955,27.922,0.8221,32.5396,24.6054
dev09,353,58.2373,4.0946,27.9249,0.9051,32.9246,25.3127
dev09,354,57.4528,3.8755,27.958,0.7815,32.615,24.8378
dev09,355,56.5026,3.676,28.0011,0.7315,32.4086,24.094
dev09,356,57.6127,3.6853,27.9537,0.811,32.45,25.1627
dev09,357,59.8502,3.6798,27.966,0.7866,32.4324,27.4178
dev09,358,59.918,3.8308,27.9487,1.3609,33.1404,26.7776
dev09,359,60.1067,3.9932,28.3164,1.3929,33.7025,26.4042
dev09,360,59.9085,4.1703,27.9693,1.234,33.3736,26.5349
dev09,361,59.2021,4.0602,28.0494,1.2397,33.3493,25.8528
dev09,362,59.1737,4.0283,27.9712,1.2946,33.2941,25.8796
dev09,363,58.8539,3.7857,27.9372,1.1878,32.9107,25.9432
dev09,364,58.2743,4.1389,27.9955,0.9102,33.0446,25.2297
dev09,365,59.5415,3.6775,27.9502,1.3095,32.9372,26.6043
dev09,366,59.8416,3.9268,27.9164,0.9183,32.7615,27.0801
dev09,367,58.8876,4.0667,28.0058,1.1636,33.2361,25.6515
dev09,368,61.8345,4.3385,27.9089,0.9428,33.1902,28.6443
dev09,369,60.1011,4.0091,27.9702,1.1292,33.1085,26.9926
dev09,370,59.2683,4.0015,27.9444,0.7852,32.7311,26.5372
dev09,371,59.0527,3.9289,27.927,1.2324,33.0883,25.9644
dev09,372,60.1103,4.0824,28.09,1.1972,33.3696,26.7407
dev09,373,59.6102,3.7742,27.9388,1.4546,33.1676,26.4426
dev09,374,59.5591,4.4586,28.0209,0.755,33.2345,26.3246
dev09,375,62.0639,5.1277,27.9734,0.8076,33.9087,28.1552
dev09,376,59.4031,4.1092,27.9392,0.7752,32.8236,26.5795
dev09,377,60.3239,3.7861,27.9655,1.1115,32.8631,27.4608
dev09,378,59.6046,4.0105,27.9681,1.1897,33.1683,26.4363
dev09,379,61.3392,4.0437,28.0263,1.3539,33.4239,27.9153
dev09,380,59.6482,3.9654,28.0034,1.2168,33.1856,26.4626
dev09,381,61.3557,4.0201,28.0851,1.1178,33.223,28.1327
dev09,382,60.4275,4.0251,27.994,1.0686,33.0877,27.3398
dev09,383,60.5018,4.1085,27.9988,1.2269,33.3342,27.1676
dev09,384,61.2165,3.7984,27.9341,1.166,32.8985,28.318
dev09,385,60.8243,4.0321,27.9766,1.1213,33.13,27.6943
dev09,386,62.1091,4.1129,27.9734,0.9527,33.039,29.0701
dev09,387,64.4332,4.3568,27.9655,0.8415,33.1638,31.2694
dev09,388,61.8871,4.1285,28.0716,1.2168,33.4169,28.4702
dev09,389,62.3057,3.8207,27.9151,0.7764,32.5122,29.7935
dev09,390,62.2376,4.1573,27.9308,1.1423,33.2304,29.0072
dev09,391,61.7946,3.9878,27.9669,0.9131,32.8678,28.9268
dev09,392,63.0726,3.9176,28.0075,1.1382,33.0633,30.0093
dev09,393,62.6545,4.1056,27.9491,1.2293,33.284,29.3705
dev09,394,63.3046,4.2512,27.9477,0.8057,33.0046,30.3
dev09,395,64.1914,3.9603,27.9531,0.8149,32.7283,31.4631
dev09,396,66.6987,3.9973,27.9358,1.1995,33.1326,33.5661
dev09,397,63.2225,4.0564,27.9979,1.189,33.2433,29.9792
dev09,398,62.4083,3.7789,27.984,0.9486,32.7115,29.6968
dev09,399,63.1598,3.8125,27.934,1.2533,32.9998,30.16
dev09,400,64.9482,3.9921,27.9524,1.2632,33.2077,31.7405
dev09,401,64.382,3.8337,27.9481,0.9266,32.7084,31.6736
dev09,402,65.1677,3.9926,27.9488,0.9104,32.8518,32.3159
dev09,403,65.618,4.434,27.9634,1.1397,33.5371,32.0809
dev09,404,66.0557,3.9245,28.0265,1.1633,33.1143,32.9414
dev09,405,65.3475,4.088,27.9853,1.2155,33.2888,32.0587
dev09,406,67.4983,4.3631,28.0467,1.547,33.9568,33.5415
dev09,407,66.8185,4.1498,27.9556,0.793,32.8984,33.9201
dev09,408,65.937,4.0345,27.9838,1.2984,33.3167,32.6203
dev09,409,66.5853,4.0809,28.0116,0.7701,32.8626,33.7227
dev09,410,65.6592,3.8843,27.9794,0.9128,32.7765,32.8827
dev09,411,67.9216,4.1729,27.9323,0.7527,32.8579,35.0637
dev09,412,66.7413,3.9941,27.9431,0.8368,32.774,33.9673
dev09,413,66.6562,4.2912,27.9755,0.7904,33.0571,33.5991
dev09,414,65.0816,3.8116,27.9588,1.1573,32.9277,32.1539
dev09,415,66.3344,4.2039,27.9309,1.1732,33.308,33.0264
dev09,416,64.7911,3.8393,27.9423,0.8564,32.638,32.1531
dev09,417,68.582,4.1374,27.9074,2.1986,34.2434,34.3386
dev09,418,64.9568,4.1246,28.0008,0.7607,32.8861,32.0707
dev09,419,67.626,4.5115,27.997,1.1021,33.6106,34.0154
dev09,420,64.81,3.8044,27.9317,0.7496,32.4857,32.3243
dev09,421,70.4986,4.0228,27.9322,1.1425,33.0975,37.4011
dev09,422,66.3257,3.7795,27.932,0.7265,32.438,33.8877
dev09,423,64.7656,3.7037,27.9392,0.7065,32.3494,32.4162
dev09,424,68.4276,3.8987,27.9637,1.1308,32.9932,35.4344
dev09,425,66.5651,4.2155,27.9283,0.7902,32.934,33.6311
dev09,426,69.6237,3.8788,27.9623,1.012,32.8531,36.7706
dev09,427,71.9069,5.599,28.0503,0.937,34.5863,37.3206
dev09,428,73.6355,4.8619,28.0524,1.1515,34.0658,39.5697
dev09,429,72.337,4.6521,28.0416,0.8779,33.5716,38.7654
dev09,430,71.2781,4.7495,28.1264,0.9852,33.8611,37.417
dev09,431,71.154,4.0737,28.32,1.2247,33.6184,37.5356
dev09,432,69.1184,5.2883,28.0378,0.8739,34.2,34.9184
dev09,433,68.4076,4.3549,28.0067,1.0621,33.4237,34.9839
dev09,434,68.7669,3.9629,28.0083,0.9438,32.915,35.8519
dev09,435,66.5674,4.2964,27.9805,0.7016,32.9785,33.5889
dev09,436,67.5909,3.8218,27.9337,0.757,32.5125,35.0784
dev09,437,68.9756,4.0269,27.9983,1.2336,33.2588,35.7168
dev09,438,67.4862,3.7995,27.9255,1.0475,32.7725,34.7137
dev09,439,68.9643,3.9497,28.1717,1.0547,33.1761,35.7882
dev09,440,67.5093,4.0142,27.9849,0.7778,32.7769,34.7324
dev09,441,67.0357,3.9218,27.9962,1.0935,33.0115,34.0242
dev09,442,70.0922,3.9085,27.9744,1.1076,32.9905,37.1017
dev09,443,68.4246,3.7273,27.9004,0.809,32.4367,35.9879
dev09,444,71.1511,3.9348,27.9719,2.4222,34.3289,36.8222
dev09,445,66.7885,3.9055,28.0148,1.1552,33.0755,33.713
dev09,446,72.0288,3.829,27.9055,3.4251,35.1596,36.8692
dev09,447,68.0282,4.2082,27.9549,1.0882,33.2513,34.7769
dev09,448,68.1015,4.0524,28.0246,1.1038,33.1808,34.9207
dev09,449,67.4611,3.8679,27.9457,1.1527,32.9663,34.4948
dev09,450,66.7627,3.8526,27.9334,0.7959,32.5819,34.1808
dev09,451,68.2109,4.071,27.9881,1.0905,33.1496,35.0613
dev09,452,69.042,4.0213,27.9778,1.0806,33.0797,35.9623
dev09,453,68.481,3.8483,27.978,1.1676,32.9939,35.4871
dev09,454,68.5607,4.3659,27.9735,1.1277,33.4671,35.0936
dev09,455,69.8367,3.915,27.9864,1.2221,33.1235,36.7132
dev09,456,99.6963,3.7711,28.403,2.5637,34.7378,64.9585
dev09,457,70.622,4.2351,27.9974,1.4092,33.6417,36.9803
dev09,458,70.5223,4.0029,28.0065,3.8521,35.8615,34.6608
dev09,459,74.2776,3.7546,27.9778,4.2655,35.9979,38.2797
dev09,460,71.9625,4.571,27.9561,2.6012,35.1283,36.8342
dev09,461,72.0475,4.3447,27.9519,2.4805,34.7771,37.2704
dev09,462,68.9297,4.3142,28.062,0.9901,33.3663,35.5634
dev09,463,68.4657,4.559,27.9968,0.8446,33.4004,35.0653
dev09,464,72.6942,4.226,27.9838,0.9008,33.1106,39.5836
dev09,465,69.9906,4.7088,27.9489,0.9188,33.5765,36.4141
dev09,466,69.584,4.3293,28.0217,1.1063,33.4573,36.1267
dev09,467,69.5564,4.3869,28.0538,0.9301,33.3708,36.1856
dev09,468,68.8087,4.2666,27.9454,0.8451,33.0571,35.7516
dev09,469,66.7424,4.0988,27.9474,0.9249,32.9711,33.7713
dev09,470,67.2578,4.0785,28.0093,1.0956,33.1834,34.0744
dev09,471,66.728,4.0365,28.0525,0.8198,32.9088,33.8192
dev09,472,67.0909,3.7841,27.9769,0.9497,32.7107,34.3802
dev09,473,66.8101,3.8787,27.9558,1.1957,33.0302,33.7799
dev09,474,67.2666,4.0845,27.9283,1.1011,33.1139,34.1527
dev09,475,67.4165,4.0378,27.9632,1.1103,33.1113,34.3052
dev09,476,66.8308,4.215,27.9653,1.1337,33.314,33.5168
dev09,477,67.4805,4.2562,27.9793,1.0941,33.3296,34.1509
dev09,478,67.3648,4.3909,27.9775,1.0874,33.4558,33.909
dev09,479,70.2317,4.5625,28.0267,0.9211,33.5103,36.7214
dev09,480,69.9229,4.275,28.0621,1.197,33.5341,36.3888
dev09,481,68.5827,4.4508,28.0517,1.4425,33.945,34.6377
dev09,482,68.4763,4.1457,27.9261,0.8428,32.9146,35.5617
dev09,483,67.9193,4.0917,27.9941,0.9375,33.0233,34.896
dev09,484,66.9405,4.0566,27.9592,0.8515,32.8673,34.0732
dev09,485,67.2736,3.9728,28.0002,1.2462,33.2192,34.0544
dev09,486,67.5211,3.9339,27.9927,1.1654,33.092,34.4291
dev09,487,67.6017,3.974,27.9675,0.8712,32.8127,34.789
dev09,488,68.3479,4.2618,27.9916,0.9388,33.1922,35.1557
dev09,489,68.3263,3.9155,27.9774,1.1789,33.0718,35.2545
dev09,490,67.3136,4.0051,27.9717,1.188,33.1648,34.1488
dev09,491,67.5107,4.1617,27.9553,1.2369,33.3539,34.1568
dev09,492,69.0509,3.9011,27.9684,1.1399,33.0094,36.0415
dev09,493,66.9745,4.023,27.9331,0.923,32.8791,34.0954
dev09,494,66.6832,3.8218,27.9624,1.1517,32.9359,33.7473
dev09,495,66.594,4.119,27.9771,0.7364,32.8325,33.7615
dev09,496,66.76,4.1793,27.9813,1.027,33.1876,33.5724
dev09,497,70.9477,4.0629,27.9925,1.1157,33.1711,37.7766
dev09,498,68.3548,4.1292,28.0054,1.1974,33.332,35.0228
dev09,499,67.561,4.1655,27.987,1.2026,33.3551,34.2059
dev09,500,67.3414,3.9965,27.9397,0.8373,32.7735,34.5679
dev09,501,67.9686,4.1956,28.0266,1.2,33.4222,34.5464
dev09,502,68.1908,4.5327,27.934,0.7774,33.2441,34.9467
dev09,503,67.9147,4.0386,27.9747,1.1163,33.1296,34.7851
dev09,504,67.011,3.7909,27.926,0.7171,32.434,34.577
dev09,505,72.1108,4.1407,27.9995,1.2496,33.3898,38.721
dev09,506,66.0489,3.7666,27.9456,1.1223,32.8345,33.2144
dev09,507,67.1459,3.8694,27.9191,1.1694,32.9579,34.188
dev09,508,66.6541,3.8382,27.9442,0.7905,32.5729,34.0812
dev09,509,65.9711,3.7412,27.8918,0.7123,32.3453,33.6258
dev09,510,67.5192,3.938,28.0048,1.1574,33.1002,34.419
dev09,511,69.367,3.9339,27.9481,0.9224,32.8044,36.5626
dev09,512,67.4719,4.3035,27.9337,1.23,33.4672,34.0047
dev09,513,67.7045,3.9033,27.968,0.8355,32.7068,34.9977
dev09,514,67.7023,4.1336,27.9712,1.1341,33.2389,34.4634
dev09,515,67.5733,3.9894,27.9605,1.4107,33.3606,34.2127
dev09,516,67.9053,3.8116,27.9149,1.1329,32.8594,35.0459
dev09,517,68.4693,4.2309,28.0143,1.1376,33.3828,35.0865
dev09,518,67.1812,3.8811,27.9499,1.2776,33.1086,34.0726
dev09,519,68.5711,4.695,27.9959,1.1592,33.8501,34.721
dev09,520,68.8737,4.1556,27.9546,0.7734,32.8836,35.9901
dev09,521,66.1065,4.0878,27.9473,0.8282,32.8633,33.2432
dev09,522,71.5958,3.8619,27.9676,4.2412,36.0707,35.5251
dev09,523,67.3108,4.0571,27.9234,1.1974,33.1779,34.1329
dev09,524,68.8166,3.874,27.9759,1.4831,33.333,35.4836
dev09,525,67.3801,3.6665,27.9515,0.8707,32.4887,34.8914
dev09,526,70.292,3.8582,27.9748,1.1809,33.0139,37.2781
dev09,527,67.3423,4.143,27.9894,0.81,32.9424,34.3999
dev09,528,68.8193,3.906,27.9519,1.2558,33.1137,35.7056
dev09,529,69.7053,3.8489,28.0019,0.853,32.7038,37.0015
dev09,530,71.5454,3.9061,27.9597,3.974,35.8398,35.7056
dev09,531,71.081,3.7945,27.9651,1.3936,33.1532,37.9278
dev09,532,69.3609,3.9135,27.9987,1.4873,33.3995,35.9614
dev09,533,68.1544,4.6105,27.9823,1.1835,33.7763,34.3781
dev09,534,68.4764,3.7238,27.9351,1.3182,32.9771,35.4993
dev09,535,73.898,3.7809,27.9408,2.5942,34.3159,39.5821
dev09,536,67.7331,3.7472,27.9665,1.1293,32.843,34.8901
dev09,537,72.1621,3.8511,27.992,3.0062,34.8493,37.3128
dev09,538,69.8911,4.5363,27.9586,1.4497,33.9446,35.9465
dev09,539,68.3705,3.9857,27.9502,1.292,33.2279,35.1426
dev10,0,98.13,3.8294,28.0943,3.103,35.0267,63.1033
dev10,1,62.4286,3.8583,28.0178,3.9628,35.8389,26.5897
dev10,2,62.0724,3.6508,27.9143,4.1203,35.6854,26.387
dev10,3,60.3803,4.0932,27.9404,2.2453,34.2789,26.1014
dev10,4,60.3503,4.5738,27.9265,2.4831,34.9834,25.3669
dev10,5,61.7858,4.1439,28.0317,4.3253,36.5009,25.2849
dev10,6,60.8038,3.8649,28.0129,3.686,35.5638,25.24
dev10,7,61.2704,4.0886,28.0087,4.0715,36.1688,25.1016
dev10,8,60.0719,3.7838,27.953,2.1198,33.8566,26.2153
dev10,9,60.9717,3.9896,28.0201,3.6268,35.6365,25.3352
dev10,10,60.5068,3.7413,27.9352,3.0,34.6765,25.8303
dev10,11,61.4463,3.8964,27.9317,2.6201,34.4482,26.9981
dev10,12,61.2801,3.9807,27.9489,3.2302,35.1598,26.1203
dev10,13,60.742,3.8186,27.9383,2.8242,34.5811,26.1609
dev10,14,61.3769,3.8757,27.9859,2.404,34.2656,27.1113
dev10,15,62.3528,4.566,28.0289,4.0477,36.6426,25.7102
dev10,16,60.8452,3.9789,27.9928,2.3066,34.2783,26.5669
dev10,17,62.3058,3.9174,27.9353,4.0368,35.8895,26.4163
dev10,18,62.233,4.3862,27.9682,3.8316,36.186,26.047
dev10,19,62.6508,3.7816,27.9631,4.0118,35.7565,26.8943
dev10,20,61.8772,4.0561,27.9275,4.0718,36.0554,25.8218
dev10,21,61.1713,3.9016,27.9421,3.1641,35.0078,26.1635
dev10,22,63.9577,4.3088,28.0108,3.935,36.2546,27.7031
dev10,23,61.3409,3.8101,27.961,2.9063,34.6774,26.6635
dev10,24,62.6094,3.8575,27.9614,2.615,34.4339,28.1755
dev10,25,59.3426,3.6358,28.0186,2.1108,33.7652,25.5774
dev10,26,61.0696,3.9573,27.9502,3.8825,35.79,25.2796
dev10,27,62.4775,4.1971,27.954,4.5555,36.7066,25.7709
dev10,28,61.7713,3.8727,27.9207,4.4496,36.243,25.5283
dev10,29,61.6037,4.1811,27.9739,2.5303,34.6853,26.9184
dev10,30,63.3542,4.425,27.964,3.9967,36.3857,26.9685
dev10,31,60.2826,3.9681,27.9846,3.2147,35.1674,25.1152
dev10,32,73.3224,3.8592,28.0058,2.6992,34.5642,38.7582
dev10,33,62.7498,5.0181,28.0154,2.7627,35.7962,26.9536
dev10,34,61.2097,4.0222,27.9456,2.2011,34.1689,27.0408
dev10,35,60.2388,3.7712,27.9778,2.6465,34.3955,25.8433
dev10,36,62.1005,3.8493,27.9332,4.1415,35.924,26.1765
dev10,37,60.8846,3.9132,27.9911,2.9791,34.8834,26.0012
dev10,38,59.9209,3.9146,27.9032,2.0462,33.864,26.0569
dev10,39,61.2513,3.8424,28.0156,3.6458,35.5038,25.7475
dev10,40,60.1542,4.0472,27.939,2.1781,34.1643,25.9899
dev10,41,61.4384,4.0184,27.986,3.1055,35.1099,26.3285
dev10,42,75.1888,3.959,27.9574,2.4039,34.3203,40.8685
dev10,43,61.6849,3.8973,27.9379,2.2413,34.0765,27.6084
dev10,44,61.362,4.1048,28.0653,2.5532,34.7233,26.6387
dev10,45,60.0299,3.9525,27.9117,2.1099,33.9741,26.0558
dev10,46,60.6919,3.7499,27.9442,3.289,34.9831,25.7088
dev10,47,62.3247,3.8669,27.9135,3.7534,35.5338,26.7909
dev10,48,60.0686,3.7152,27.9352,2.2971,33.9475,26.1211
dev10,49,61.4964,3.6551,27.9403,3.8743,35.4697,26.0267
dev10,50,59.6933,4.0647,27.9368,2.1083,34.1098,25.5835
dev10,51,61.1048,3.8683,27.9232,2.2905,34.082,27.0228
dev10,52,59.5404,3.991,27.9822,2.4873,34.4605,25.0799
dev10,53,60.8505,4.2554,28.0039,3.6114,35.8707,24.9798
dev10,54,63.3527,3.7246,28.0319,2.4024,34.1589,29.1938
dev10,55,62.6482,4.1656,27.9567,2.847,34.9693,27.6789
dev10,56,60.8954,3.917,27.98,2.7727,34.6697,26.2257
dev10,57,61.1321,3.9775,27.9869,3.9422,35.9066,25.2255
dev10,58,60.6555,3.7681,27.984,3.0554,34.8075,25.848
dev10,59,62.5207,4.1369,27.956,2.643,34.7359,27.7848
dev10,60,61.6479,3.9521,28.0009,3.7433,35.6963,25.9516
dev10,61,60.3499,4.0114,27.8914,2.5452,34.448,25.9019
dev10,62,61.5929,3.9732,28.2838,3.7955,36.0525,25.5404
dev10,63,59.5801,4.1821,28.0104,2.4459,34.6384,24.9417
dev10,64,61.1565,3.8497,28.0236,2.7498,34.6231,26.5334
dev10,65,60.981,3.6968,27.9614,3.8385,35.4967,25.4843
dev10,66,60.591,4.1437,28.022,3.3349,35.5006,25.0904
dev10,67,62.7924,4.0133,27.9884,2.6778,34.6795,28.1129
dev10,68,59.323,3.7657,27.9051,2.5412,34.212,25.111
dev10,69,62.1008,3.9701,27.9894,2.6768,34.6363,27.4645
dev10,70,61.585,4.2599,27.9637,2.3863,34.6099,26.9751
dev10,71,60.6545,3.7942,27.9435,2.871,34.6087,26.0458
dev10,72,59.7769,3.8054,27.9783,2.7636,34.5473,25.2296
dev10,73,60.5404,3.9035,27.9267,2.8127,34.6429,25.8975
dev10,74,59.3094,3.9071,27.9993,2.5757,34.4821,24.8273
dev10,75,60.7858,3.7497,27.9606,3.8759,35.5862,25.1996
dev10,76,60.21,3.9016,27.9826,2.5072,34.3914,25.8186
dev10,77,61.007,3.9103,27.9455,2.4496,34.3054,26.7016
dev10,78,61.3344,3.9011,27.9292,2.5193,34.3496,26.9848
dev10,79,61.479,4.263,27.9575,3.1375,35.358,26.121
dev10,80,62.624,3.935,27.9281,2.3098,34.1729,28.4511
dev10,81,61.2219,4.0587,27.9382,3.3163,35.3132,25.9087
dev10,82,60.0907,4.1828,27.9413,2.9508,35.0749,25.0158
dev10,83,60.5171,3.9156,27.9651,3.2586,35.1393,25.3778
dev10,84,60.768,3.9503,28.013,3.806,35.7693,24.9987
dev10,85,63.3277,4.0491,27.9422,3.338,35.3293,27.9984
dev10,86,64.3672,3.7605,27.9159,4.0175,35.6939,28.6733
dev10,87,60.6302,4.4301,27.9636,2.3831,34.7768,25.8534
dev10,88,61.8777,3.8167,28.004,2.4142,34.2349,27.6428
dev10,89,62.2134,3.9729,27.9505,4.0292,35.9526,26.2608
dev10,90,61.5381,3.887,27.9409,3.8492,35.6771,25.861
dev10,91,62.205,3.858,28.0047,2.3682,34.2309,27.9741
dev10,92,60.916,3.8047,27.9844,2.3537,34.1428,26.7732
dev10,93,61.545,4.144,28.0177,3.9269,36.0886,25.4564
dev10,94,60.7461,3.9469,27.947,2.3936,34.2875,26.4586
dev10,95,60.4224,3.9228,27.9755,3.779,35.6773,24.7451
dev10,96,59.6271,3.8533,28.0748,2.6286,34.5567,25.0704
dev10,97,60.6522,3.7904,27.9655,4.0642,35.8201,24.8321
dev10,98,61.8564,4.0661,28.034,2.9992,35.0993,26.7571
dev10,99,61.6035,4.0431,27.9512,3.9761,35.9704,25.6331
dev10,100,61.6548,3.9137,27.9599,3.6511,35.5247,26.1301
dev10,101,59.2481,3.7423,27.9861,2.4225,34.1509,25.0972
dev10,102,60.2282,3.8422,27.9647,2.5293,34.3362,25.892
dev10,103,60.9501,3.8243,27.9561,2.4801,34.2605,26.6896
dev10,104,61.1091,3.9308,28.0545,3.9387,35.924,25.1851
dev10,105,59.0458,3.6623,27.9467,2.6953,34.3043,24.7415
dev10,106,62.9,3.8296,27.9598,4.1905,35.9799,26.9201
dev10,107,60.4031,3.7172,27.9394,3.7682,35.4248,24.9783
dev10,108,62.2489,3.8971,27.9617,3.7995,35.6583,26.5906
dev10,109,59.9406,3.7577,27.9986,2.4602,34.2165,25.7241
dev10,110,59.0626,3.9968,27.9537,3.1988,35.1493,23.9133
dev10,111,58.8408,3.8361,28.0033,2.3705,34.2099,24.6309
dev10,112,59.3369,4.0238,27.9573,2.8944,34.8755,24.4614
dev10,113,61.6251,3.7714,27.9781,2.4547,34.2042,27.4209
dev10,114,58.9017,3.6543,27.9484,3.3516,34.9543,23.9474
dev10,115,60.7117,3.7022,27.9154,2.3735,33.9911,26.7206
dev10,116,60.0998,3.9938,27.9815,3.6628,35.6381,24.4617
dev10,117,60.9937,3.9488,27.956,2.8173,34.7221,26.2716
dev10,118,62.3506,3.7896,27.929,3.8475,35.5661,26.7845
dev10,119,61.4236,3.8561,27.9473,2.2198,34.0232,27.4004
dev10,120,62.058,3.8732,27.9864,4.0804,35.94,26.118
dev10,121,59.5228,4.002,27.9118,2.2229,34.1367,25.3861
dev10,122,60.2609,3.742,27.9486,3.2929,34.9835,25.2774
dev10,123,61.9961,3.6977,27.9187,2.7018,34.3182,27.6779
dev10,124,59.5945,3.8682,27.9167,2.4908,34.2757,25.3188
dev10,125,60.6118,3.7307,27.9134,2.2943,33.9384,26.6734
dev10,126,60.2733,3.9012,27.9177,2.1968,34.0157,26.2576
dev10,127,60.5904,3.8159,27.9237,3.8718,35.6114,24.979
dev10,128,60.9295,3.8726,27.9403,4.0814,35.8943,25.0352
dev10,129,59.165,3.7874,27.9354,2.6323,34.3551,24.8099
dev10,130,60.4761,4.0936,27.9732,3.7134,35.7802,24.6959
dev10,131,58.4717,3.9759,27.9645,2.3932,34.3336,24.1381
dev10,132,60.6365,3.909,27.9298,2.4384,34.2772,26.3593
dev10,133,58.7522,3.8197,27.9301,2.5307,34.2805,24.4717
dev10,134,59.2627,3.7219,27.9642,3.3302,35.0163,24.2464
dev10,135,57.9714,3.7725,27.9739,2.1639,33.9103,24.0611
dev10,136,63.4437,3.8892,27.9274,4.1899,36.0065,27.4372
dev10,137,61.3013,4.2162,27.9332,3.988,36.1374,25.1639
dev10,138,60.1071,3.9545,27.9581,2.8609,34.7735,25.3336
dev10,139,59.339,3.7739,27.9416,2.5526,34.2681,25.0709
dev10,140,62.4347,4.272,27.9648,4.135,36.3718,26.0629
dev10,141,62.1255,3.8351,27.9637,4.1298,35.9286,26.1969
dev10,142,60.1717,3.71,28.0079,2.6749,34.3928,25.7789
dev10,143,59.0306,4.0272,27.9831,2.6191,34.6294,24.4012
dev10,144,60.0499,4.0323,28.023,3.0825,35.1378,24.9121
dev10,145,60.7582,3.8637,27.9272,2.8366,34.6275,26.1307
dev10,146,60.1349,3.6696,27.9914,4.0013,35.6623,24.4726
dev10,147,60.4547,3.7248,27.979,3.9148,35.6186,24.8361
dev10,148,61.4052,3.863,27.921,3.6015,35.3855,26.0197
dev10,149,60.2903,4.0194,27.9108,2.2632,34.1934,26.0969
dev10,150,59.1649,3.7453,27.9134,2.2499,33.9086,25.2563
dev10,151,61.6579,3.8146,27.9883,4.1333,35.9362,25.7217
dev10,152,60.1833,4.1654,27.9858,2.9392,35.0904,25.0929
dev10,153,60.1599,3.9067,27.9653,3.3166,35.1886,24.9713
dev10,154,60.4487,3.7609,27.9556,3.205,34.9215,25.5272
dev10,155,60.1945,3.7545,27.967,3.4962,35.2177,24.9768
dev10,156,61.9969,3.7498,27.9594,4.1439,35.8531,26.1438
dev10,157,60.0817,3.9064,27.9832,3.0355,34.9251,25.1566
dev10,158,60.064,4.0219,27.9397,3.0944,35.056,25.008
dev10,159,60.7661,4.0558,27.9535,4.0815,36.0908,24.6753
dev10,160,59.959,3.8268,27.9446,2.2566,34.028,25.931
dev10,161,59.6494,4.0127,27.9116,2.1085,34.0328,25.6166
dev10,162,61.5395,3.5888,27.9605,2.5091,34.0584,27.4811
dev10,163,61.3516,4.3752,28.3439,3.0034,35.7225,25.6291
dev10,164,62.0427,3.7779,27.9891,3.9641,35.7311,26.3116
dev10,165,60.304,3.741,27.9534,4.0098,35.7042,24.5998
dev10,166,62.3357,4.1928,27.9779,2.5834,34.7541,27.5816
dev10,167,62.1092,3.7766,28.0668,2.3659,34.2093,27.8999
dev10,168,60.9168,4.1857,27.972,2.1192,34.2769,26.6399
dev10,169,61.4688,4.0274,27.9729,2.5385,34.5388,26.93
dev10,170,61.2389,4.0496,27.9428,3.1236,35.116,26.1229
dev10,171,59.3216,4.0708,27.9754,2.3111,34.3573,24.9643
dev10,172,61.7207,4.1888,27.9942,3.1311,35.3141,26.4066
dev10,173,58.8611,4.0781,27.956,2.1246,34.1587,24.7024
dev10,174,61.9262,4.1066,27.9097,3.9432,35.9595,25.9667
dev10,175,60.2537,3.7041,27.9685,2.6157,34.2883,25.9654
dev10,176,62.782,4.2163,27.9783,4.0926,36.2872,26.4948
dev10,177,61.7369,4.0351,27.9512,2.7104,34.6967,27.0402
dev10,178,60.2652,3.6764,27.9608,4.1135,35.7507,24.5145
dev10,179,59.1213,4.0023,27.9615,2.5913,34.5551,24.5662
dev10,180,62.1653,4.0166,27.9912,2.5831,34.5909,27.5744
dev10,181,61.6392,4.1552,27.9943,2.871,35.0205,26.6187
dev10,182,60.3394,3.943,27.9675,3.5236,35.4341,24.9053
dev10,183,59.8704,3.9287,27.9295,2.5021,34.3603,25.5101
dev10,184,59.7391,3.8383,27.9113,2.5756,34.3252,25.4139
dev10,185,58.2315,3.6773,27.9511,2.3373,33.9657,24.2658
dev10,186,60.4409,3.747,27.9842,2.7662,34.4974,25.9435
dev10,187,58.8885,4.0662,27.9793,2.7532,34.7987,24.0898
dev10,188,59.675,4.1225,27.9324,3.3474,35.4023,24.2727
dev10,189,62.3998,3.9264,27.9696,3.9259,35.8219,26.5779
dev10,190,59.9744,3.904,27.9717,2.2539,34.1296,25.8448
dev10,191,59.4119,3.9192,27.906,2.8715,34.6967,24.7152
dev10,192,58.9885,3.7527,27.9504,2.3451,34.0482,24.9403
dev10,193,60.6592,3.7632,27.9628,3.6051,35.3311,25.3281
dev10,194,59.0075,4.1528,27.939,2.4652,34.557,24.4505
dev10,195,59.2081,3.8209,27.9262,2.3405,34.0876,25.1205
dev10,196,59.457,3.744,27.9476,2.9537,34.6453,24.8117
dev10,197,61.9587,3.9376,27.9882,4.1974,36.1232,25.8355
dev10,198,60.0338,4.391,27.9855,2.3975,34.774,25.2598
dev10,199,60.4421,3.8294,27.9939,2.5145,34.3378,26.1043
dev10,200,59.4936,3.7552,27.9463,2.1101,33.8116,25.682
dev10,201,59.1561,3.9538,27.9587,2.6604,34.5729,24.5832
dev10,202,58.9687,4.0984,27.9343,2.0459,34.0786,24.8901
dev10,203,60.7485,3.8776,27.9611,4.0135,35.8522,24.8963
dev10,204,61.7221,3.7283,27.9933,2.9181,34.6397,27.0824
dev10,205,58.7313,3.9071,27.9727,2.3905,34.2703,24.461
dev10,206,61.3553,4.0591,28.0144,3.9817,36.0552,25.3001
dev10,207,60.7601,4.0294,27.9352,3.9676,35.9322,24.8279
dev10,208,58.808,3.7817,27.9706,2.0096,33.7619,25.0461
dev10,209,59.5096,3.7756,27.9209,2.4494,34.1459,25.3637
dev10,210,59.9779,3.687,27.9696,2.5955,34.2521,25.7258
dev10,211,62.1376,4.0331,27.9678,3.7219,35.7228,26.4148
dev10,212,61.6598,3.728,27.914,3.7953,35.4373,26.2225
dev10,213,58.8815,3.9252,27.9387,2.2249,34.0888,24.7927
dev10,214,59.9914,3.5268,27.9537,2.8528,34.3333,25.6581
dev10,215,61.1051,4.3825,28.1578,2.583,35.1233,25.9818
dev10,216,61.9609,3.9577,28.0009,4.2399,36.1985,25.7624
dev10,217,59.969,3.7331,27.9308,2.6003,34.2642,25.7048
dev10,218,62.3259,4.0798,27.942,3.0454,35.0672,27.2587
dev10,219,61.0935,3.8926,27.969,2.2902,34.1518,26.9417
dev10,220,59.8397,3.6978,28.0546,2.3559,34.1083,25.7314
dev10,221,59.0989,3.8124,28.0155,2.1701,33.998,25.1009
dev10,222,62.1881,3.8046,27.9785,3.7024,35.4855,26.7026
dev10,223,60.8568,3.781,27.9913,2.6744,34.4467,26.4101
dev10,224,60.7786,3.9428,27.9848,2.5905,34.5181,26.2605
dev10,225,62.3653,4.2866,27.9401,3.2861,35.5128,26.8525
dev10,226,62.6285,3.728,27.9725,3.9039,35.6044,27.0241
dev10,227,60.7782,3.9388,27.9812,2.642,34.562,26.2162
dev10,228,61.3818,4.3861,27.9506,2.4877,34.8244,26.5574
dev10,229,61.7744,4.2264,27.9555,4.3636,36.5455,25.2289
dev10,230,60.7527,3.8518,27.9797,2.9578,34.7893,25.9634
dev10,231,61.0334,3.9792,27.9631,2.5564,34.4987,26.5347
dev10,232,60.0394,4.1876,27.9487,2.2956,34.4319,25.6075
dev10,233,60.7205,3.8838,27.9431,2.4463,34.2732,26.4473
dev10,234,62.479,4.0543,27.9299,2.3759,34.3601,28.1189
dev10,235,60.4293,3.9528,28.0958,2.7411,34.7897,25.6396
dev10,236,61.0387,3.8553,28.0206,2.292,34.1679,26.8708
dev10,237,60.2533,4.0177,27.9704,2.3143,34.3024,25.9509
dev10,238,60.0586,3.8359,27.9463,2.3634,34.1456,25.913
dev10,239,60.4396,3.7708,27.972,2.4983,34.2411,26.1985
dev10,240,60.902,3.8951,27.9593,2.314,34.1684,26.7336
dev10,241,60.3736,3.7559,28.0055,2.502,34.2634,26.1102
dev10,242,59.6598,3.8783,27.9364,2.3568,34.1715,25.4883
dev10,243,61.0923,3.8362,27.992,2.469,34.2972,26.7951
dev10,244,59.7861,3.9099,27.9252,2.369,34.2041,25.582
dev10,245,60.8753,4.041,27.9723,2.9795,34.9928,25.8825
dev10,246,62.0506,3.9812,27.9413,2.8125,34.735,27.3156
dev10,247,60.4385,4.1268,28.0264,2.4394,34.5926,25.8459
dev10,248,59.852,3.7212,28.0214,2.3993,34.1419,25.7101
dev10,249,60.1811,3.8991,27.9234,2.2642,34.0867,26.0944
dev10,250,60.9395,3.8776,27.973,2.74,34.5906,26.3489
dev10,251,61.281,3.8859,27.9601,2.731,34.577,26.704
dev10,252,63.1818,3.8605,27.9773,3.944,35.7818,27.4
dev10,253,63.2289,4.1785,27.9832,3.5101,35.6718,27.5571
dev10,254,63.227,4.2637,27.9906,4.2455,36.4998,26.7272
dev10,255,61.743,3.7983,27.9627,2.5698,34.3308,27.4122
dev10,256,63.3757,3.8973,27.9808,2.7718,34.6499,28.7258
dev10,257,63.4927,3.8752,27.9963,4.1284,35.9999,27.4928
dev10,258,63.1091,4.1002,27.9752,2.6247,34.7001,28.409
dev10,259,62.0034,3.8125,27.9651,3.0309,34.8085,27.1949
dev10,260,61.559,3.886,27.9234,2.4616,34.271,27.288
dev10,261,65.3169,4.0722,28.0174,4.3839,36.4735,28.8434
dev10,262,63.8378,3.9879,27.9683,3.9136,35.8698,27.968
dev10,263,64.4038,3.9059,27.9709,4.4868,36.3636,28.0402
dev10,264,64.3139,4.5051,27.9238,3.8029,36.2318,28.0821
dev10,265,62.3874,4.0189,27.9475,4.0738,36.0402,26.3472
dev10,266,62.001,4.2869,27.9246,3.0315,35.243,26.758
dev10,267,62.6863,3.9975,27.9675,2.8466,34.8116,27.8747
dev10,268,60.4956,3.6421,27.9745,2.131,33.7476,26.748
dev10,269,63.1112,3.9714,27.9544,3.9919,35.9177,27.1935
dev10,270,64.9096,3.8547,27.9518,4.2134,36.0199,28.8897
dev10,271,64.9784,3.6782,28.0413,2.8902,34.6097,30.3687
dev10,272,65.0878,4.1718,27.9646,4.3602,36.4966,28.5912
dev10,273,62.0486,4.2931,28.0094,2.3107,34.6132,27.4354
dev10,274,62.5158,4.3399,27.9932,2.2233,34.5564,27.9594
dev10,275,62.6959,3.9036,27.9774,3.0791,34.9601,27.7358
dev10,276,64.926,3.9032,27.9861,2.4671,34.3564,30.5696
dev10,277,61.0774,3.8158,28.0247,2.1926,34.0331,27.0443
dev10,278,62.3067,4.0112,27.9624,2.2502,34.2238,28.0829
dev10,279,62.5932,4.1309,27.9442,2.2898,34.3649,28.2283
dev10,280,61.4178,3.6995,27.946,2.1078,33.7533,27.6645
dev10,281,61.6907,3.8482,27.9097,2.1696,33.9275,27.7632
dev10,282,65.6829,5.9259,28.0157,3.095,37.0366,28.6463
dev10,283,63.1078,3.6426,27.9055,2.3283,33.8764,29.2314
dev10,284,71.4945,13.3913,28.0615,2.5993,44.0521,27.4424
dev10,285,59.9618,3.6229,27.9422,2.2191,33.7842,26.1776
dev10,286,62.3742,3.7612,27.9011,2.1478,33.8101,28.5641
dev10,287,61.166,3.9467,27.9765,2.2989,34.2221,26.9439
dev10,288,61.7866,3.8087,27.9048,3.6266,35.3401,26.4465
dev10,289,61.1567,3.6983,27.9252,2.4759,34.0994,27.0573
dev10,290,61.9468,3.6896,27.8885,3.5129,35.091,26.8558
dev10,291,61.9794,3.6815,27.9315,3.7644,35.3774,26.602
dev10,292,65.548,4.5909,27.9551,3.9095,36.4555,29.0925
dev10,293,63.7751,3.7121,28.0078,2.2842,34.0041,29.771
dev10,294,64.2746,4.159,27.9987,3.9667,36.1244,28.1502
dev10,295,63.0932,3.8717,27.9668,3.5798,35.4183,27.6749
dev10,296,63.4159,4.0778,27.9556,3.814,35.8474,27.5685
dev10,297,62.5148,4.044,27.964,3.5166,35.5246,26.9902
dev10,298,61.9292,4.1471,27.9967,3.9215,36.0653,25.8639
dev10,299,60.6097,3.7859,27.9949,2.3606,34.1414,26.4683
dev10,300,60.8506,3.968,27.9517,3.5077,35.4274,25.4232
dev10,301,59.7718,3.8478,27.8942,2.2829,34.0249,25.7469
dev10,302,63.2,3.7932,27.9873,4.0662,35.8467,27.3533
dev10,303,61.056,3.8961,27.915,2.5265,34.3376,26.7184
dev10,304,59.8896,3.9518,27.9161,2.1301,33.998,25.8916
dev10,305,63.5451,3.9781,27.9863,3.321,35.2854,28.2597
dev10,306,62.6774,4.1991,27.9408,3.0927,35.2326,27.4448
dev10,307,62.321,4.0387,27.9603,3.9881,35.9871,26.3339
dev10,308,61.0125,3.6376,27.9724,2.4637,34.0737,26.9388
dev10,309,63.3419,4.4537,27.9952,2.9006,35.3495,27.9924
dev10,310,60.7674,3.8924,27.9423,2.271,34.1057,26.6617
dev10,311,62.1491,3.7839,27.9047,2.2802,33.9688,28.1803
dev10,312,63.1953,3.9455,28.123,2.9659,35.0344,28.1609
dev10,313,61.5294,3.5925,27.9451,2.0269,33.5645,27.9649
dev10,314,63.6921,3.8551,27.9638,3.7061,35.525,28.1671
dev10,315,60.9807,3.8841,27.9499,2.1312,33.9652,27.0155
dev10,316,62.8462,4.1793,27.9144,2.2487,34.3424,28.5038
dev10,317,60.0028,3.9641,28.0217,2.3103,34.2961,25.7067
dev10,318,61.1809,4.1333,27.9562,2.0259,34.1154,27.0655
dev10,319,62.2269,4.3899,28.0121,2.7845,35.1865,27.0404
dev10,320,60.1455,3.7902,27.9479,2.1693,33.9074,26.2381
dev10,321,61.7504,4.0865,27.9198,2.0518,34.0581,27.6923
dev10,322,60.4385,4.1837,27.9497,2.2044,34.3378,26.1007
dev10,323,60.0973,3.8617,27.936,2.1373,33.935,26.1623
dev10,324,61.0033,3.9536,27.9593,2.1907,34.1036,26.8997
dev10,325,60.0564,3.7428,27.9131,2.3079,33.9638,26.0926
dev10,326,60.8652,3.8359,27.9351,2.9056,34.6766,26.1886
dev10,327,61.8891,3.8772,27.9445,2.2823,34.104,27.7851
dev10,328,64.0635,3.7104,28.0141,4.0039,35.7284,28.3351
dev10,329,71.0865,3.644,27.9773,2.5974,34.2187,36.8678
dev10,330,62.82,5.4287,28.1644,2.3637,35.9568,26.8632
dev10,331,60.7993,3.7141,28.0269,2.4454,34.1864,26.6129
dev10,332,60.5133,3.6432,28.0567,2.3573,34.0572,26.4561
dev10,333,59.7647,3.759,27.9185,2.067,33.7445,26.0202
dev10,334,60.2775,4.2661,27.9215,2.3467,34.5343,25.7432
dev10,335,61.8448,3.9412,27.9561,2.4732,34.3705,27.4743
dev10,336,61.8493,4.2507,27.91,2.9513,35.112,26.7373
dev10,337,61.5307,3.895,27.9424,2.4259,34.2633,27.2674
dev10,338,60.484,4.0822,27.9282,2.147,34.1574,26.3266
dev10,339,59.8477,4.0118,27.9649,2.2013,34.178,25.6697
dev10,340,60.3206,3.9219,27.912,2.4202,34.2541,26.0665
dev10,341,61.3013,4.3947,27.9517,2.2172,34.5636,26.7377
dev10,342,60.3882,4.044,27.9583,2.3118,34.3141,26.0741
dev10,343,61.8231,4.5155,27.951,2.2516,34.7181,27.105
dev10,344,60.4202,3.8336,27.9821,2.3848,34.2005,26.2197
dev10,345,59.9716,4.0781,27.9424,2.1601,34.1806,25.791
dev10,346,60.1066,3.7227,27.9554,2.2742,33.9523,26.1543
dev10,347,61.4374,3.9513,27.9732,3.6544,35.5789,25.8585
dev10,348,61.5142,3.7318,28.0393,2.4552,34.2263,27.2879
dev10,349,60.2047,3.6943,27.9695,2.4662,34.13,26.0747
dev10,350,62.2189,4.1587,27.9604,2.4241,34.5432,27.6757
dev10,351,62.613,3.8729,27.9628,2.6244,34.4601,28.1529
dev10,352,60.8652,3.7501,27.98,2.8217,34.5518,26.3134
dev10,353,60.3264,3.6628,27.934,2.3716,33.9684,26.358
dev10,354,60.2743,4.0479,27.9626,2.45,34.4605,25.8138
dev10,355,61.5752,3.7892,27.9484,3.5718,35.3094,26.2658
dev10,356,60.6059,3.6798,27.9458,2.8245,34.4501,26.1558
dev10,357,61.2591,3.8333,27.9476,3.1452,34.9261,26.333
dev10,358,62.429,3.7828,27.9783,3.5672,35.3283,27.1007
dev10,359,61.2121,3.8951,27.949,2.6942,34.5383,26.6738
dev10,360,61.0441,3.8009,27.9141,2.4834,34.1984,26.8457
dev10,361,61.7883,3.9416,27.962,2.3987,34.3023,27.486
dev10,362,61.5614,4.0492,27.9856,2.6349,34.6697,26.8917
dev10,363,62.1515,4.3848,27.9741,2.5431,34.902,27.2495
dev10,364,60.9841,3.7183,27.9271,2.496,34.1414,26.8427
dev10,365,61.198,4.0815,27.9997,2.486,34.5672,26.6308
dev10,366,61.6029,3.9283,27.941,2.4249,34.2942,27.3087
dev10,367,61.7041,5.3746,27.9948,2.3822,35.7516,25.9525
dev10,368,61.4471,3.6027,27.923,2.2813,33.807,27.6401
dev10,369,61.2045,3.8793,28.0215,2.0297,33.9305,27.274
dev10,370,61.1005,5.0308,28.0234,2.1004,35.1546,25.9459
dev10,371,62.1508,3.9042,27.9661,3.616,35.4863,26.6645
dev10,372,62.8247,3.7042,28.0359,2.7421,34.4822,28.3425
dev10,373,60.8258,3.8623,28.0124,2.6204,34.4951,26.3307
dev10,374,63.0608,4.0858,27.9557,3.3078,35.3493,27.7115
dev10,375,61.9944,3.8201,27.8994,2.5665,34.286,27.7084
dev10,376,63.8854,4.1022,27.9879,2.4843,34.5744,29.311
dev10,377,62.7819,4.0346,27.9601,3.3163,35.311,27.4709
dev10,378,61.6744,4.252,27.9938,3.1722,35.418,26.2564
dev10,379,60.8426,3.8076,28.0245,2.7788,34.6109,26.2317
dev10,380,61.9848,3.8706,27.9672,2.5961,34.4339,27.5509
dev10,381,61.3078,3.8811,27.9415,3.2396,35.0622,26.2456
dev10,382,61.2655,4.17,27.9839,2.4332,34.5871,26.6784
dev10,383,61.1956,3.9189,27.9814,2.2832,34.1835,27.0121
dev10,384,60.2666,3.8623,27.9659,2.4265,34.2547,26.0119
dev10,385,62.0738,4.045,27.9511,2.8398,34.8359,27.2379
dev10,386,60.4137,3.8285,28.0425,2.3901,34.2611,26.1526
dev10,387,65.4076,4.1296,27.9988,2.5165,34.6449,30.7627
dev10,388,60.8076,3.7563,27.9584,2.3172,34.0319,26.7757
dev10,389,62.0062,3.9448,27.9173,2.5174,34.3795,27.6267
dev10,390,63.466,4.2547,27.9222,2.187,34.3639,29.1021
dev10,391,62.6402,4.8051,27.9581,2.2848,35.048,27.5922
dev10,392,62.058,3.8155,27.8977,3.0942,34.8074,27.2506
dev10,393,61.6364,3.7366,27.9545,3.2294,34.9205,26.7159
dev10,394,62.1437,4.042,27.9073,3.1251,35.0744,27.0693
dev10,395,61.1037,3.914,27.9856,3.696,35.5956,25.5081
dev10,396,61.5488,3.8317,28.0118,3.6947,35.5382,26.0106
dev10,397,60.0357,3.6596,27.9402,2.0698,33.6696,26.3661
dev10,398,61.3099,3.7956,27.9634,2.9143,34.6733,26.6366
dev10,399,63.9559,3.9393,27.9849,3.7769,35.7011,28.2548
dev10,400,62.0898,4.0872,27.885,2.7861,34.7583,27.3315
dev10,401,61.8831,3.757,27.9272,3.4498,35.134,26.7491
dev10,402,64.1686,4.2565,28.0462,2.8792,35.1819,28.9867
dev10,403,64.9276,3.8251,28.008,3.8317,35.6648,29.2628
dev10,404,63.2219,4.0783,27.9331,2.2388,34.2502,28.9717
dev10,405,61.9063,3.7447,27.9132,2.1909,33.8488,28.0575
dev10,406,62.4454,3.8767,28.0682,3.6482,35.5931,26.8523
dev10,407,62.9232,3.8402,27.9339,3.487,35.2611,27.6621
dev10,408,62.027,3.7677,27.9989,3.9962,35.7628,26.2642
dev10,409,60.7077,4.0235,27.9643,2.3587,34.3465,26.3612
dev10,410,61.8263,3.7677,27.9578,3.4358,35.1613,26.665
dev10,411,63.2255,4.0374,27.9512,2.8954,34.884,28.3415
dev10,412,61.9021,3.6759,27.9677,3.4933,35.1369,26.7652
dev10,413,61.2444,4.4275,27.968,2.4651,34.8606,26.3838
dev10,414,64.0474,3.8796,27.9659,3.9583,35.8038,28.2436
dev10,415,63.0294,3.8883,27.9816,2.2629,34.1328,28.8966
dev10,416,62.2838,4.0753,27.9704,2.6566,34.7023,27.5815
dev10,417,62.5796,3.8544,27.9194,2.2163,33.9901,28.5895
dev10,418,63.2351,4.1808,27.913,2.3419,34.4357,28.7994
dev10,419,62.6383,3.9245,27.9223,2.9731,34.8199,27.8184
dev10,420,61.58,3.9072,28.0201,2.517,34.4443,27.1357
dev10,421,60.8075,4.0469,27.9257,2.3037,34.2763,26.5312
dev10,422,62.2568,4.0598,27.9201,2.5746,34.5545,27.7023
dev10,423,61.2015,4.2274,27.9504,2.3074,34.4852,26.7163
dev10,424,60.9339,3.7414,27.983,2.5094,34.2338,26.7001
dev10,425,61.8391,3.6242,27.8855,2.4738,33.9835,27.8556
dev10,426,62.2366,3.799,28.1012,2.7297,34.6299,27.6067
dev10,427,60.5942,4.0968,27.9352,2.2265,34.2585,26.3357
dev10,428,60.3753,3.7546,28.0024,2.2506,34.0076,26.3677
dev10,429,60.4557,3.7981,27.9652,2.3342,34.0975,26.3582
dev10,430,61.2189,3.9618,27.9116,2.7761,34.6495,26.5694
dev10,431,61.3801,3.9724,27.9606,2.2017,34.1347,27.2454
dev10,432,60.7851,3.8286,27.9737,2.3916,34.1939,26.5912
dev10,433,62.3321,3.6562,27.9329,2.3161,33.9052,28.4269
dev10,434,62.2708,3.7777,28.0217,2.782,34.5814,27.6894
dev10,435,63.6907,3.832,27.9819,4.0977,35.9116,27.7791
dev10,436,62.1897,3.9989,27.9764,2.3106,34.2859,27.9038
dev10,437,61.4403,3.7764,27.9526,2.3813,34.1103,27.33
dev10,438,60.4564,3.9358,27.9465,2.2833,34.1656,26.2908
dev10,439,60.3762,3.8723,27.9957,2.4728,34.3408,26.0354
dev10,440,60.3603,3.8721,27.9929,2.5849,34.4499,25.9104
dev10,441,62.1066,4.1729,27.9602,2.2317,34.3648,27.7418
dev10,442,62.4042,3.7878,28.0036,2.3997,34.1911,28.2131
dev10,443,61.2959,3.8635,27.9692,2.8969,34.7296,26.5663
dev10,444,60.5321,3.8939,27.9269,2.9476,34.7684,25.7637
dev10,445,59.635,3.7456,27.9446,2.1945,33.8847,25.7503
dev10,446,62.6515,4.0504,27.9431,2.13,34.1235,28.528
dev10,447,61.3371,3.8667,27.9369,2.2493,34.0529,27.2842
dev10,448,64.7317,4.133,27.9613,2.6094,34.7037,30.028
dev10,449,60.4073,3.9313,27.9283,2.0801,33.9397,26.4676
dev10,450,60.5884,3.8747,27.9637,2.2767,34.1151,26.4733
dev10,451,62.4977,3.9007,27.9777,2.4564,34.3348,28.1629
dev10,452,62.7545,3.8842,27.9913,2.8041,34.6796,28.0749
dev10,453,61.783,3.7322,27.9526,2.2219,33.9067,27.8763
dev10,454,62.4709,4.1455,27.9213,2.348,34.4148,28.0561
dev10,455,61.1022,3.8207,27.9288,2.6296,34.3791,26.7231
dev10,456,62.4846,3.683,27.9616,2.2005,33.8451,28.6395
dev10,457,61.3735,3.9744,28.0858,2.3974,34.4576,26.9159
dev10,458,60.8782,3.9074,27.9552,2.6811,34.5437,26.3345
dev10,459,63.1722,4.0336,28.1134,2.5756,34.7226,28.4496
dev10,460,61.3567,3.9583,27.9263,2.4477,34.3323,27.0244
dev10,461,63.072,4.2491,27.9024,2.4313,34.5828,28.4892
dev10,462,62.7838,4.2824,28.0026,2.2327,34.5177,28.2661
dev10,463,61.4297,4.3328,27.9314,2.4806,34.7448,26.6849
dev10,464,60.5698,3.7129,28.0103,2.4659,34.1891,26.3807
dev10,465,63.5545,3.7284,28.0147,2.7364,34.4795,29.075
dev10,466,61.1248,4.1936,27.9543,2.3368,34.4847,26.6401
dev10,467,61.2283,3.909,28.053,2.7895,34.7515,26.4768
dev10,468,63.3421,3.9979,27.9394,2.9176,34.8549,28.4872
dev10,469,61.5024,4.2274,27.9988,2.434,34.6602,26.8422
dev10,470,62.3564,4.038,27.9449,2.3963,34.3792,27.9772
dev10,471,61.591,3.7184,28.0908,2.3502,34.1594,27.4316
dev10,472,60.6038,3.7979,28.0162,2.285,34.0991,26.5047
dev10,473,60.5129,3.701,27.949,2.2674,33.9174,26.5955
dev10,474,61.1611,3.7961,27.9286,2.9278,34.6525,26.5086
dev10,475,61.3647,3.7784,27.955,3.1784,34.9118,26.4529
dev10,476,61.2499,3.6878,27.9637,2.515,34.1665,27.0834
dev10,477,61.2317,3.8838,27.9944,2.751,34.6292,26.6025
dev10,478,62.0771,4.0463,27.9442,3.6111,35.6016,26.4755
dev10,479,61.4498,3.5963,27.9673,3.6905,35.2541,26.1957
dev10,480,60.8997,3.8025,27.9711,2.298,34.0716,26.8281
dev10,481,60.5967,4.1961,28.0402,2.1006,34.3369,26.2598
dev10,482,61.5667,3.9547,27.9449,2.2592,34.1588,27.4079
dev10,483,62.3159,4.2437,27.915,2.602,34.7607,27.5552
dev10,484,61.755,4.2352,27.9205,2.2636,34.4193,27.3357
dev10,485,61.6283,3.9371,27.9384,3.1007,34.9762,26.6521
dev10,486,62.1969,3.8444,27.9398,3.3142,35.0984,27.0985
dev10,487,62.7794,3.8084,27.9614,4.2512,36.021,26.7584
dev10,488,61.3273,3.7835,27.9357,2.3278,34.047,27.2803
dev10,489,62.8128,3.9448,27.932,3.7303,35.6071,27.2057
dev10,490,63.34,3.8632,28.0094,3.9788,35.8514,27.4886
dev10,491,62.8856,3.7928,27.951,2.4165,34.1603,28.7253
dev10,492,62.8078,3.7807,28.0035,3.9881,35.7723,27.0355
dev10,493,63.7764,3.9734,28.016,2.8105,34.7999,28.9765
dev10,494,63.1929,3.9391,28.081,2.1453,34.1654,29.0275
dev10,495,61.7698,4.2293,28.0028,2.3872,34.6193,27.1505
dev10,496,60.2982,3.9064,27.9904,2.2986,34.1954,26.1028
dev10,497,61.0021,3.7348,27.9817,2.4857,34.2022,26.7999
dev10,498,62.3717,3.9461,27.9763,3.7678,35.6902,26.6815
dev10,499,60.9931,3.8541,28.0405,2.7849,34.6795,26.3136
dev10,500,62.0031,3.9889,27.9219,2.3307,34.2415,27.7616
dev10,501,62.4097,3.803,27.9696,2.8824,34.655,27.7547
dev10,502,62.6755,3.8249,27.9493,3.1615,34.9357,27.7398
dev10,503,60.3909,3.9828,27.9397,2.0953,34.0178,26.3731
dev10,504,61.3288,3.9454,27.9641,2.3952,34.3047,27.0241
dev10,505,63.0535,3.8438,27.9401,4.0631,35.847,27.2065
dev10,506,61.4159,3.8684,28.016,2.3048,34.1892,27.2267
dev10,507,60.3937,3.7919,28.0239,2.139,33.9548,26.4389
dev10,508,65.6735,3.866,27.9576,4.6847,36.5083,29.1652
dev10,509,63.5041,3.8874,27.9126,3.7594,35.5594,27.9447
dev10,510,61.347,4.108,28.0208,2.7125,34.8413,26.5057
dev10,511,60.1283,4.012,27.9664,2.0107,33.9891,26.1392
dev10,512,63.4005,3.8835,28.3434,2.742,34.9689,28.4316
dev10,513,64.0184,4.1288,28.0901,2.9057,35.1246,28.8938
dev10,514,61.7708,3.7072,28.0328,2.6871,34.4271,27.3437
dev10,515,61.2342,3.9071,27.9633,2.5525,34.4229,26.8113
dev10,516,59.024,3.694,27.9512,2.1126,33.7578,25.2662
dev10,517,63.954,3.626,28.0029,2.356,33.9849,29.9691
dev10,518,60.9291,3.7755,27.936,2.4726,34.1841,26.745
dev10,519,61.2528,3.9794,27.9229,3.1518,35.0541,26.1987
dev10,520,60.5225,3.9051,27.9414,2.2276,34.0741,26.4484
dev10,521,61.2575,3.9984,27.9259,2.9161,34.8404,26.4171
dev10,522,61.2147,3.8906,27.9937,3.7041,35.5884,25.6263
dev10,523,60.1215,3.6958,27.9434,2.14,33.7792,26.3423
dev10,524,62.3491,3.8383,27.9156,3.6766,35.4305,26.9186
dev10,525,60.1892,3.6412,28.1096,2.1963,33.9471,26.2421
dev10,526,60.1466,3.7006,27.9042,2.3084,33.9132,26.2334
dev10,527,61.6392,3.9775,27.9749,3.0507,35.0031,26.6361
dev10,528,61.6904,4.0198,27.963,3.3352,35.318,26.3724
dev10,529,60.7417,3.9016,28.0036,2.5981,34.5033,26.2384
dev10,530,61.1342,3.7208,27.9339,2.5962,34.2509,26.8833
dev10,531,61.6527,3.7563,27.973,2.3396,34.0689,27.5838
dev10,532,61.9631,3.7919,28.0449,3.2779,35.1147,26.8484
dev10,533,61.1608,3.9411,28.0174,2.3264,34.2849,26.8759
dev10,534,62.0912,3.6987,27.9841,3.1634,34.8462,27.245
dev10,535,61.7079,3.7885,28.1115,2.1727,34.0727,27.6352
dev10,536,64.6686,4.2103,27.99,4.105,36.3053,28.3633
dev10,537,63.3318,3.6627,27.9119,2.5397,34.1143,29.2175
dev10,538,59.8011,3.7081,27.8887,2.2472,33.844,25.9571
dev10,539,61.8826,3.6699,27.9907,3.2672,34.9278,26.9548
dev11,0,71.5437,4.0121,27.9449,2.3037,34.2607,37.283
dev11,1,54.0815,3.76,27.9231,2.4211,34.1042,19.9773
dev11,2,51.4784,3.6801,27.9948,0.9474,32.6223,18.8561
dev11,3,52.1661,4.1154,27.9478,0.7817,32.8449,19.3212
dev11,4,50.7767,4.0057,27.936,0.8438,32.7855,17.9912
dev11,5,54.0297,4.0058,27.9785,2.4804,34.4647,19.565
dev11,6,54.0843,3.8229,27.9497,2.3338,34.1064,19.9779
dev11,7,51.6894,4.1542,27.9543,0.9159,33.0244,18.665
dev11,8,54.2932,4.2447,27.9474,2.5928,34.7849,19.5083
dev11,9,54.4843,4.1107,27.9977,2.5201,34.6285,19.8558
dev11,10,54.9591,3.9309,27.9556,2.3679,34.2544,20.7047
dev11,11,56.4592,3.944,27.9611,3.4107,35.3158,21.1434
dev11,12,55.3247,4.0827,28.132,2.4888,34.7035,20.6212
dev11,13,51.5712,3.9705,27.9646,0.9795,32.9146,18.6566
dev11,14,55.1039,4.0659,27.994,2.5537,34.6136,20.4903
dev11,15,55.5832,3.9505,27.9378,2.9203,34.8086,20.7746
dev11,16,55.4216,4.1553,28.0264,2.5247,34.7064,20.7152
dev11,17,56.4322,3.8606,27.953,2.7201,34.5337,21.8985
dev11,18,55.9166,4.0346,28.0391,2.4847,34.5584,21.3582
dev11,19,57.1104,3.8482,27.9476,2.9292,34.725,22.3854
dev11,20,55.769,3.9918,28.0723,2.4647,34.5288,21.2402
dev11,21,55.5587,4.3056,27.9832,2.4812,34.77,20.7887
dev11,22,55.3859,3.9307,27.9683,2.4241,34.3231,21.0628
dev11,23,55.8356,4.0793,27.9689,2.4322,34.4804,21.3552
dev11,24,54.0836,3.9676,27.9314,2.1682,34.0672,20.0164
dev11,25,54.3215,3.9756,27.9329,2.1767,34.0852,20.2363
dev11,26,51.3309,3.6822,27.936,0.715,32.3332,18.9977
dev11,27,52.9116,3.7896,27.9716,0.8986,32.6598,20.2518
dev11,28,56.5707,4.3408,27.9252,3.6838,35.9498,20.6209
dev11,29,52.2269,3.8404,27.9553,1.1852,32.9809,19.246
dev11,30,52.4209,3.8938,27.9642,0.9652,32.8232,19.5977
dev11,31,55.7985,3.7746,27.9635,3.5142,35.2523,20.5462
dev11,32,56.8661,3.9384,27.9543,4.1637,36.0564,20.8097
dev11,33,55.8882,3.7919,27.9561,3.604,35.352,20.5362
dev11,34,55.5217,3.7334,27.9501,2.4282,34.1117,21.41
dev11,35,56.3866,3.8027,27.9407,2.3135,34.0569,22.3297
dev11,36,54.7496,3.8023,28.0164,2.4019,34.2206,20.529
dev11,37,52.6998,4.3793,27.985,1.1034,33.4677,19.2321
dev11,38,52.6932,3.95,27.9851,1.3523,33.2874,19.4058
dev11,39,52.8921,4.0414,27.9926,0.9478,32.9818,19.9103
dev11,40,53.4494,4.5878,27.9645,0.8712,33.4235,20.0259
dev11,41,51.4196,4.0566,27.9361,0.9612,32.9539,18.4657
dev11,42,57.1271,3.8854,27.947,3.0253,34.8577,22.2694
dev11,43,51.2988,3.8295,27.94,0.76,32.5295,18.7693
dev11,44,54.5264,3.8919,27.9465,0.9957,32.8341,21.6923
dev11,45,53.0255,3.9799,27.9303,0.8407,32.7509,20.2746
dev11,46,52.1152,4.1056,27.9387,0.7518,32.7961,19.3191
dev11,47,54.5178,4.0465,27.9355,1.2985,33.2805,21.2373
dev11,48,51.9169,3.9134,27.9663,0.7975,32.6772,19.2397
dev11,49,52.3135,4.1004,27.957,0.9004,32.9578,19.3557
dev11,50,51.9516,4.0524,27.9521,0.8214,32.8259,19.1257
dev11,51,52.0513,3.9984,27.928,1.0909,33.0173,19.034
dev11,52,51.2249,3.908,27.9167,0.8544,32.6791,18.5458
dev11,53,52.3411,3.9968,27.9855,1.1597,33.142,19.1991
dev11,54,52.7317,4.3896,27.9863,1.1643,33.5402,19.1915
dev11,55,56.3557,4.1487,27.9537,0.7412,32.8436,23.5121
dev11,56,53.9793,6.1595,28.0222,0.959,35.1407,18.8386
dev11,57,51.7418,3.9659,27.9312,0.8516,32.7487,18.9931
dev11,58,51.2137,4.083,27.9289,0.7538,32.7657,18.448
dev11,59,54.8718,3.7957,27.902,0.911,32.6087,22.2631
dev11,60,55.2181,3.9208,27.9263,3.3661,35.2132,20.0049
dev11,61,54.3519,4.2198,27.991,1.1314,33.3422,21.0097
dev11,62,51.8207,4.0694,27.9342,0.7406,32.7442,19.0765
dev11,63,52.506,3.8817,27.9115,0.8088,32.602,19.904
dev11,64,52.3981,4.0783,27.9678,0.7934,32.8395,19.5586
dev11,65,53.0601,4.0367,27.9181,0.9241,32.8789,20.1812
dev11,66,57.3187,4.176,28.0102,1.4042,33.5904,23.7283
dev11,67,56.3693,4.8585,28.0107,2.2188,35.088,21.2813
dev11,68,51.8431,3.7774,27.9183,0.7499,32.4456,19.3975
dev11,69,52.8632,3.9748,27.9422,0.8213,32.7383,20.1249
dev11,70,57.5085,3.8765,27.9756,3.1944,35.0465,22.462
dev11,71,56.034,4.0036,28.0208,2.5106,34.535,21.499
dev11,72,53.0795,3.9458,27.9645,0.8717,32.782,20.2975
dev11,73,56.2913,4.238,27.9366,2.5654,34.74,21.5513
dev11,74,53.9981,3.7699,27.9455,0.8722,32.5876,21.4105
dev11,75,52.1178,3.8548,27.924,0.7458,32.5246,19.5932
dev11,76,52.8536,4.0068,27.955,0.84,32.8018,20.0518
dev11,77,55.9443,3.8923,27.9135,3.4752,35.281,20.6633
dev11,78,54.4972,3.9766,27.9471,2.2816,34.2053,20.2919
dev11,79,54.0289,3.794,27.9422,1.1142,32.8504,21.1785
dev11,80,56.8691,4.1058,27.9315,2.255,34.2923,22.5768
dev11,81,55.6478,3.8895,28.0213,2.6414,34.5522,21.0956
dev11,82,53.4741,3.9553,27.9403,0.7597,32.6553,20.8188
dev11,83,55.6397,3.8871,27.9343,2.391,34.2124,21.4273
dev11,84,58.1796,3.7856,28.0315,4.3496,36.1667,22.0129
dev11,85,52.5507,3.9854,27.9741,0.8335,32.793,19.7577
dev11,86,55.3565,3.9887,27.9691,2.3206,34.2784,21.0781
dev11,87,55.6605,3.7487,27.9888,3.3878,35.1253,20.5352
dev11,88,55.7423,4.2122,27.9981,2.3947,34.605,21.1373
dev11,89,52.1606,3.7374,28.0006,0.783,32.521,19.6396
dev11,90,53.5329,3.9689,28.0334,0.7429,32.7452,20.7877
dev11,91,53.1974,3.8888,27.9685,0.8084,32.6657,20.5317
dev11,92,52.7055,3.9257,27.9981,0.712,32.6358,20.0697
dev11,93,52.3422,3.8569,27.954,0.777,32.5879,19.7543
dev11,94,53.9228,3.9302,27.9446,0.9083,32.7831,21.1397
dev11,95,52.5331,3.9158,28.0117,0.7809,32.7084,19.8247
dev11,96,52.4249,4.1504,27.9986,0.8128,32.9618,19.4631
dev11,97,53.2449,3.7633,27.9057,0.8668,32.5358,20.7091
dev11,98,51.9381,3.8785,27.9277,0.719,32.5252,19.4129
dev11,99,51.9353,3.9135,27.93,0.813,32.6565,19.2788
dev11,100,51.8215,3.8855,27.9056,1.0044,32.7955,19.026
dev11,101,52.9575,3.9167,28.0697,0.7633,32.7497,20.2078
dev11,102,52.2288,3.804,27.9451,0.7811,32.5302,19.6986
dev11,103,55.1184,4.0249,27.9775,2.2907,34.2931,20.8253
dev11,104,53.3506,4.2339,27.9538,0.8628,33.0505,20.3001
dev11,105,55.0976,3.9127,27.9426,0.906,32.7613,22.3363
dev11,106,52.8136,4.075,27.9332,0.824,32.8322,19.9814
dev11,107,53.5899,3.9043,28.0018,1.1988,33.1049,20.485
dev11,108,53.9095,4.4556,27.9713,0.8909,33.3178,20.5917
dev11,109,53.9008,4.1734,27.958,0.9109,33.0423,20.8585
dev11,110,53.6278,4.2986,27.9874,0.8562,33.1422,20.4856
dev11,111,53.1852,4.0332,27.9326,0.777,32.7428,20.4424
dev11,112,55.2223,4.1239,28.0086,1.104,33.2365,21.9858
dev11,113,54.7103,4.1631,27.9738,1.0537,33.1906,21.5197
dev11,114,54.1275,4.0572,27.9955,1.1281,33.1808,20.9467
dev11,115,53.6327,4.2804,27.914,0.8851,33.0795,20.5532
dev11,116,53.4472,3.8524,27.8902,0.8179,32.5605,20.8867
dev11,117,55.6431,4.0519,27.9731,2.4584,34.4834,21.1597
dev11,118,52.7705,3.7609,27.9312,0.7777,32.4698,20.3007
dev11,119,53.3352,3.8836,27.9109,1.3415,33.136,20.1992
dev11,120,52.1403,4.024,27.9939,0.6815,32.6994,19.4409
dev11,121,55.0072,3.904,27.9422,2.0679,33.9141,21.0931
dev11,122,52.6428,3.7422,28.0814,0.7575,32.5811,20.0617
dev11,123,55.6273,3.8221,27.9298,2.3474,34.0993,21.528
dev11,124,57.4538,4.5859,27.9725,2.713,35.2714,22.1824
dev11,125,52.7063,3.9239,27.9365,1.0355,32.8959,19.8104
dev11,126,53.6895,3.9103,27.8992,0.7529,32.5624,21.1271
dev11,127,54.6271,3.8159,27.9794,0.7723,32.5676,22.0595
dev11,128,54.1306,3.9359,27.995,1.3308,33.2617,20.8689
dev11,129,53.7737,3.9007,27.933,0.785,32.6187,21.155
dev11,130,52.307,3.9438,27.9814,1.0151,32.9403,19.3667
dev11,131,52.427,3.6829,27.9393,1.145,32.7672,19.6598
dev11,132,53.1713,4.0584,27.9314,0.6786,32.6684,20.5029
dev11,133,55.4051,4.2605,27.938,2.1987,34.3972,21.0079
dev11,134,55.6134,3.7989,27.8937,2.399,34.0916,21.5218
dev11,135,55.9034,4.1629,27.9904,2.158,34.3113,21.5921
dev11,136,57.4414,3.8243,27.945,2.2087,33.978,23.4634
dev11,137,59.6279,4.1749,27.9724,2.2904,34.4377,25.1902
dev11,138,58.4639,4.0534,27.9638,2.2674,34.2846,24.1793
dev11,139,57.4189,4.0172,27.9411,2.3821,34.3404,23.0785
dev11,140,62.7498,3.7634,27.9734,4.0077,35.7445,27.0053
dev11,141,56.8138,3.8813,27.9582,2.3379,34.1774,22.6364
dev11,142,58.2966,4.2351,27.9446,3.7164,35.8961,22.4005
dev11,143,56.7223,3.9496,27.9935,2.3488,34.2919,22.4304
dev11,144,57.6894,3.9442,27.9345,2.4255,34.3042,23.3852
dev11,145,56.9441,3.9458,27.9546,2.176,34.0764,22.8677
dev11,146,57.1351,4.1128,27.9517,2.5269,34.5914,22.5437
dev11,147,57.9048,3.7574,27.9688,3.662,35.3882,22.5166
dev11,148,57.607,3.8331,28.1043,2.2926,34.23,23.377
dev11,149,57.2078,3.9817,27.9887,2.4458,34.4162,22.7916
dev11,150,58.3392,4.3801,27.9281,3.0859,35.3941,22.9451
dev11,151,60.0872,4.4067,27.9447,4.1886,36.54,23.5472
dev11,152,57.7978,3.8007,27.9648,2.3729,34.1384,23.6594
dev11,153,59.8088,3.7901,28.0018,3.1405,34.9324,24.8764
dev11,154,59.4134,3.719,27.9879,3.2999,35.0068,24.4066
dev11,155,58.8969,3.9201,27.9532,3.4586,35.3319,23.565
dev11,156,58.0968,3.8316,27.9472,3.4125,35.1913,22.9055
dev11,157,57.6286,4.0648,27.9328,2.6759,34.6735,22.9551
dev11,158,57.0527,3.8752,27.9441,2.6909,34.5102,22.5425
dev11,159,59.8154,4.7009,27.9961,3.9986,36.6956,23.1198
dev11,160,59.3129,4.0558,27.9639,2.4853,34.505,24.8079
dev11,161,74.4396,3.8217,28.0035,3.1268,34.952,39.4876
dev11,162,57.5767,4.0111,27.9536,2.5805,34.5452,23.0315
dev11,163,56.8476,3.8231,27.9578,2.5577,34.3386,22.509
dev11,164,57.2746,4.1215,27.9565,2.4668,34.5448,22.7298
dev11,165,57.8469,3.9202,27.9776,2.6618,34.5596,23.2873
dev11,166,58.2587,4.1632,27.9956,2.4965,34.6553,23.6034
dev11,167,58.405,4.4553,27.9878,2.4887,34.9318,23.4732
dev11,168,58.3145,3.9189,27.954,2.2089,34.0818,24.2327
dev11,169,56.3793,4.0644,27.9186,2.2058,34.1888,22.1905
dev11,170,57.4543,3.6278,28.0402,2.8347,34.5027,22.9516
dev11,171,60.3132,3.9526,27.9538,2.2198,34.1262,26.187
dev11,172,59.1281,5.1417,27.963,3.3094,36.4141,22.714
dev11,173,57.0796,3.9087,27.9466,3.2822,35.1375,21.9421
dev11,174,57.4832,4.1909,27.9737,2.416,34.5806,22.9026
dev11,175,58.7334,4.0209,28.068,2.7256,34.8145,23.9189
dev11,176,58.2281,4.8419,28.0459,2.4017,35.2895,22.9386
dev11,177,57.4123,4.0284,28.0471,2.4272,34.5027,22.9096
dev11,178,56.5933,3.8896,27.9179,2.4325,34.24,22.3533
dev11,179,56.4651,3.9665,27.967,2.4168,34.3503,22.1148
dev11,180,58.2977,3.7815,27.9214,2.4199,34.1228,24.1749
dev11,181,59.411,3.9975,27.9782,3.4965,35.4722,23.9388
dev11,182,59.4325,4.098,27.9551,2.5906,34.6437,24.7888
dev11,183,58.5504,4.1575,27.9907,2.4124,34.5606,23.9898
dev11,184,62.3371,4.1193,28.0368,3.3497,35.5058,26.8313
dev11,185,56.6514,4.0314,27.9462,2.6058,34.5834,22.068
dev11,186,58.0461,3.98,27.9903,2.5655,34.5358,23.5103
dev11,187,59.4671,3.8296,27.9723,4.2045,36.0064,23.4607
dev11,188,56.8691,3.7408,27.9616,2.5641,34.2665,22.6026
dev11,189,57.0968,3.8544,27.9823,2.5208,34.3575,22.7393
dev11,190,54.2947,3.7125,27.9684,0.9515,32.6324,21.6623
dev11,191,53.5782,3.792,27.9508,0.8275,32.5703,21.0079
dev11,192,53.405,3.8996,27.9788,0.826,32.7044,20.7006
dev11,193,57.5251,4.2516,27.9017,2.1601,34.3134,23.2117
dev11,194,57.197,3.8237,27.9596,2.3719,34.1552,23.0418
dev11,195,57.6798,3.8763,27.9305,2.4199,34.2267,23.4531
dev11,196,60.4479,4.2996,28.0254,4.0768,36.4018,24.0461
dev11,197,57.9952,3.8292,28.0019,2.763,34.5941,23.4011
dev11,198,56.6068,3.8103,27.974,2.4171,34.2014,22.4054
dev11,199,57.0642,4.0359,27.95,2.3966,34.3825,22.6817
dev11,200,57.4004,3.9562,27.9812,2.4742,34.4116,22.9888
dev11,201,57.4961,3.6577,27.9388,3.5598,35.1563,22.3398
dev11,202,58.2782,4.1208,28.0037,3.1351,35.2596,23.0186
dev11,203,56.7582,3.8598,28.0339,2.1564,34.0501,22.7081
dev11,204,57.7411,4.2133,27.9625,2.1045,34.2803,23.4608
dev11,205,58.45,4.1286,27.9938,2.3485,34.4709,23.9791
dev11,206,59.5012,3.6278,27.9793,2.4272,34.0343,25.4669
dev11,207,59.5381,3.8167,27.95,3.8396,35.6063,23.9318
dev11,208,58.3553,3.7697,27.9222,3.3418,35.0337,23.3216
dev11,209,57.9362,3.7789,28.112,2.3797,34.2706,23.6656
dev11,210,58.7391,3.8098,27.9952,3.2199,35.0249,23.7142
dev11,211,58.1357,4.0688,27.9021,3.6134,35.5843,22.5514
dev11,212,57.3194,3.9509,27.9906,2.3777,34.3192,23.0002
dev11,213,59.3582,4.0402,27.9734,3.6088,35.6224,23.7358
dev11,214,57.2114,3.968,27.9917,2.6643,34.624,22.5874
dev11,215,59.379,3.8626,27.9641,3.2374,35.0641,24.3149
dev11,216,56.8761,4.0199,27.9396,2.2713,34.2308,22.6453
dev11,217,58.247,4.2277,27.9738,3.1183,35.3198,22.9272
dev11,218,57.9561,3.7992,27.9418,3.5363,35.2773,22.6788
dev11,219,57.4322,3.9744,27.9245,2.2601,34.159,23.2732
dev11,220,57.2916,3.8959,27.9703,2.4261,34.2923,22.9993
dev11,221,58.4984,3.8887,28.0146,3.2263,35.1296,23.3688
dev11,222,59.6981,4.074,28.0284,2.4884,34.5908,25.1073
dev11,223,58.5176,3.7154,27.9456,3.4817,35.1427,23.3749
dev11,224,58.4763,3.9513,28.1033,3.5043,35.5589,22.9174
dev11,225,59.2144,3.977,27.9381,2.78,34.6951,24.5193
dev11,226,57.4892,4.3908,27.8977,2.2548,34.5433,22.9459
dev11,227,59.2229,4.0597,27.9541,3.6376,35.6514,23.5715
dev11,228,60.6386,3.8311,27.9585,4.5655,36.3551,24.2835
dev11,229,58.1887,4.0839,27.9391,2.7335,34.7565,23.4322
dev11,230,58.0042,3.9568,27.9035,2.361,34.2213,23.7829
dev11,231,56.4788,3.7085,27.9497,2.2664,33.9246,22.5542
dev11,232,57.6486,3.8143,27.9685,2.2954,34.0782,23.5704
dev11,233,59.0663,3.8359,27.8896,3.1755,34.901,24.1653
dev11,234,60.6175,3.8319,27.9906,2.2045,34.027,26.5905
dev11,235,61.4966,4.9209,28.0349,2.6733,35.6291,25.8675
dev11,236,61.6564,3.7164,28.0185,2.9287,34.6636,26.9928
dev11,237,61.2001,4.5275,28.2182,2.7146,35.4603,25.7398
dev11,238,61.7632,5.2109,27.9461,3.9337,37.0907,24.6725
dev11,239,58.0453,3.7859,28.0214,2.5508,34.3581,23.6872
dev11,240,57.8174,3.8319,27.9342,2.4645,34.2306,23.5868
dev11,241,57.6981,3.9045,27.9418,2.416,34.2623,23.4358
dev11,242,57.3681,4.1522,27.93,2.536,34.6182,22.7499
dev11,243,60.346,4.1551,27.9664,3.4625,35.584,24.762
dev11,244,61.2131,4.5445,27.9256,2.6898,35.1599,26.0532
dev11,245,62.5456,4.8548,27.99,3.3269,36.1717,26.3739
dev11,246,60.6279,4.2873,28.078,2.891,35.2563,25.3716
dev11,247,56.6658,3.8481,27.9373,2.3785,34.1639,22.5019
dev11,248,56.8408,3.7033,27.9764,2.5334,34.2131,22.6277
dev11,249,57.4374,3.8437,27.9175,2.7564,34.5176,22.9198
dev11,250,56.9322,4.1284,27.9272,2.3436,34.3992,22.533
dev11,251,58.8975,3.7361,28.0336,2.8976,34.6673,24.2302
dev11,252,58.0521,4.1653,28.0099,2.2882,34.4634,23.5887
dev11,253,57.8945,3.8829,27.9168,2.8401,34.6398,23.2547
dev11,254,58.5693,4.397,28.088,2.4399,34.9249,23.6444
dev11,255,57.2004,3.9638,27.9223,2.205,34.0911,23.1093
dev11,256,58.8064,4.0213,27.9291,2.33,34.2804,24.526
dev11,257,56.0192,3.8577,27.9904,2.1573,34.0054,22.0138
dev11,258,58.4028,4.2528,27.9534,2.673,34.8792,23.5236
dev11,259,58.0315,4.134,28.0076,3.979,36.1206,21.9109
dev11,260,56.102,3.8276,27.9107,2.2928,34.0311,22.0709
dev11,261,56.8219,4.201,27.9462,2.2287,34.3759,22.446
dev11,262,57.9807,4.2536,27.9803,3.9562,36.1901,21.7906
dev11,263,56.4979,3.6706,27.9595,2.4903,34.1204,22.3775
dev11,264,58.5426,4.0042,27.948,2.7537,34.7059,23.8367
dev11,265,52.7862,3.8855,28.0176,0.7996,32.7027,20.0835
dev11,266,52.0364,3.7871,27.9511,1.0084,32.7466,19.2898
dev11,267,52.4676,3.887,27.9441,0.9952,32.8263,19.6413
dev11,268,53.4862,3.9707,27.9597,0.7879,32.7183,20.7679
dev11,269,52.9641,3.8554,27.9873,0.8686,32.7113,20.2528
dev11,270,52.9184,4.0271,28.0289,0.8815,32.9375,19.9809
dev11,271,52.6891,4.2067,27.99,0.8805,33.0772,19.6119
dev11,272,52.8669,4.0425,28.0019,0.7652,32.8096,20.0573
dev11,273,52.0824,3.9189,27.9935,0.9323,32.8447,19.2377
dev11,274,52.7228,4.1726,27.9641,1.1859,33.3226,19.4002
dev11,275,52.1426,3.8856,27.9583,0.8605,32.7044,19.4382
dev11,276,53.0361,3.9179,27.9351,0.8135,32.6665,20.3696
dev11,277,53.0051,4.0754,27.9309,0.8436,32.8499,20.1552
dev11,278,51.6837,3.8887,27.9816,0.8191,32.6894,18.9943
dev11,279,53.6034,3.7615,27.9472,0.9927,32.7014,20.902
dev11,280,53.4212,3.8488,27.9642,1.0066,32.8196,20.6016
dev11,281,54.5484,4.964,28.035,0.957,33.956,20.5924
dev11,282,54.4321,5.1292,28.0684,0.8294,34.027,20.4051
dev11,283,55.351,3.8926,27.9799,2.6289,34.5014,20.8496
dev11,284,54.7524,3.8011,27.9377,2.2146,33.9534,20.799
dev11,285,57.3518,3.9119,27.9777,3.3665,35.2561,22.0957
dev11,286,53.0399,4.1052,27.9595,1.0751,33.1398,19.9001
dev11,287,59.7283,4.0817,27.9477,4.3252,36.3546,23.3737
dev11,288,53.1425,3.7945,27.9365,0.7749,32.5059,20.6366
dev11,289,71.0598,5.579,28.0622,5.6761,39.3173,31.7425
dev11,290,61.049,4.6767,28.2467,2.5103,35.4337,25.6153
dev11,291,57.7934,5.0408,27.9936,0.9198,33.9542,23.8392
dev11,292,75.1021,4.6328,27.9853,2.8009,35.419,39.6831
dev11,293,56.7794,6.1267,28.0132,0.9912,35.1311,21.6483
dev11,294,54.1033,4.6211,27.9806,0.7377,33.3394,20.7639
dev11,295,53.9312,3.9266,27.9603,0.7852,32.6721,21.2591
dev11,296,58.842,3.8183,28.0138,4.4396,36.2717,22.5703
dev11,297,54.2293,4.1162,27.9191,1.0037,33.039,21.1903
dev11,298,62.5426,4.1393,28.1254,3.6904,35.9551,26.5875
dev11,299,59.0485,4.2818,28.0915,4.0356,36.4089,22.6396
dev11,300,56.8716,3.651,28.0105,2.8676,34.5291,22.3425
dev11,301,57.4914,3.7092,27.9565,2.5569,34.2226,23.2688
dev11,302,57.4782,4.0532,28.0086,2.4031,34.4649,23.0133
dev11,303,57.1923,4.0141,27.9724,2.4832,34.4697,22.7226
dev11,304,55.961,3.7534,27.9203,2.2646,33.9383,22.0227
dev11,305,57.5048,3.7907,27.9501,3.1622,34.903,22.6018
dev11,306,60.1126,4.2737,28.0439,3.1715,35.4891,24.6235
dev11,307,58.3502,4.0188,28.0147,3.2243,35.2578,23.0924
dev11,308,59.3606,3.7178,27.9953,3.6946,35.4077,23.9529
dev11,309,58.4547,4.015,28.0008,2.5213,34.5371,23.9176
dev11,310,64.4258,4.0889,27.9719,4.0179,36.0787,28.3471
dev11,311,64.4977,5.302,28.0198,3.3142,36.636,27.8617
dev11,312,61.9711,4.7614,28.0306,2.8699,35.6619,26.3092
dev11,313,61.904,4.2622,28.0782,3.3269,35.6673,26.2367
dev11,314,62.5968,5.0058,28.0198,2.4238,35.4494,27.1474
dev11,315,61.7338,4.0905,28.0305,3.1777,35.2987,26.4351
dev11,316,61.512,4.649,28.0711,3.0904,35.8105,25.7015
dev11,317,58.115,3.8939,27.9703,2.6838,34.548,23.567
dev11,318,57.9611,4.0738,28.0608,2.2872,34.4218,23.5393
dev11,319,57.7108,3.7038,27.9876,2.5763,34.2677,23.4431
dev11,320,58.6354,4.3228,27.9383,2.4687,34.7298,23.9056
dev11,321,59.4575,3.8036,27.967,3.0047,34.7753,24.6822
dev11,322,60.4424,4.1058,27.9913,2.5848,34.6819,25.7605
dev11,323,59.4494,3.955,28.0305,3.1249,35.1104,24.339
dev11,324,58.1343,3.8305,28.0557,2.4399,34.3261,23.8082
dev11,325,57.469,3.9286,28.0112,2.691,34.6308,22.8382
dev11,326,59.3573,3.961,27.9433,2.7962,34.7005,24.6568
dev11,327,57.7103,3.9301,27.9888,2.2803,34.1992,23.5111
dev11,328,58.8703,4.0187,27.9617,2.8144,34.7948,24.0755
dev11,329,59.7856,3.8954,27.9694,4.0483,35.9131,23.8725
dev11,330,58.9209,3.862,27.9262,2.4602,34.2484,24.6725
dev11,331,61.0058,4.1947,28.0242,2.492,34.7109,26.2949
dev11,332,59.7976,3.6738,27.9365,2.7667,34.377,25.4206
dev11,333,58.2933,4.1442,27.9926,2.9147,35.0515,23.2418
dev11,334,58.8946,3.9182,27.9706,2.6961,34.5849,24.3097
dev11,335,60.5539,3.8926,28.0125,3.9507,35.8558,24.6981
dev11,336,60.1135,4.2026,27.9537,2.9656,35.1219,24.9916
dev11,337,59.858,3.9566,27.9774,3.9037,35.8377,24.0203
dev11,338,57.9098,3.6293,27.9379,2.2269,33.7941,24.1157
dev11,339,59.2368,3.8748,27.912,2.339,34.1258,25.111
dev11,340,58.6407,3.9778,27.9552,3.6645,35.5975,23.0432
dev11,341,60.3389,4.0529,27.9369,2.573,34.5628,25.7761
dev11,342,59.5538,3.8528,27.9713,2.8857,34.7098,24.844
dev11,343,60.9209,4.0304,27.9429,4.1636,36.1369,24.784
dev11,344,57.749,3.9435,27.9077,2.1901,34.0413,23.7077
dev11,345,60.3564,3.9111,27.9895,4.0415,35.9421,24.4143
dev11,346,60.4994,4.0094,27.9825,4.0426,36.0345,24.4649
dev11,347,60.4238,3.8361,27.9876,3.9202,35.7439,24.6799
dev11,348,58.3637,3.6539,27.9177,2.2056,33.7772,24.5865
dev11,349,59.1989,3.8629,28.0114,2.6143,34.4886,24.7103
dev11,350,58.7287,3.8611,27.973,2.6274,34.4615,24.2672
dev11,351,60.951,3.9879,27.9289,2.9567,34.8735,26.0775
dev11,352,60.9068,3.9269,27.9874,2.4751,34.3894,26.5174
dev11,353,61.7769,3.779,27.9237,4.2258,35.9285,25.8484
dev11,354,59.4031,3.8014,27.9487,2.3828,34.1329,25.2702
dev11,355,58.3475,3.8554,27.9878,3.2552,35.0984,23.2491
dev11,356,58.6502,3.7266,27.9571,3.099,34.7827,23.8675
dev11,357,61.7845,4.1932,27.916,4.0101,36.1193,25.6652
dev11,358,61.5836,4.3639,27.9855,4.1638,36.5132,25.0704
dev11,359,60.9927,3.8014,27.9579,3.076,34.8353,26.1574
dev11,360,59.9262,4.2791,28.0288,2.4677,34.7756,25.1506
dev11,361,59.2308,3.9033,28.0274,2.6384,34.5691,24.6617
dev11,362,54.9895,3.8905,28.0543,0.8399,32.7847,22.2048
dev11,363,59.2278,4.2372,27.9219,2.3766,34.5357,24.6921
dev11,364,56.1276,4.2998,27.9941,0.768,33.0619,23.0657
dev11,365,58.0829,4.229,28.0064,0.9164,33.1518,24.9311
dev11,366,56.6383,4.1915,28.0139,0.9624,33.1678,23.4705
dev11,367,61.1411,4.0791,28.0362,2.7464,34.8617,26.2794
dev11,368,60.9893,4.0941,28.0635,2.4562,34.6138,26.3755
dev11,369,58.8793,4.4318,28.0444,3.2485,35.7247,23.1546
dev11,370,60.2534,3.9454,27.9709,2.5568,34.4731,25.7803
dev11,371,57.3076,3.9055,27.9689,2.256,34.1304,23.1772
dev11,372,54.1138,3.9052,27.9637,0.8396,32.7085,21.4053
dev11,373,54.0606,3.8348,27.9631,0.9154,32.7133,21.3473
dev11,374,55.2472,3.9002,27.952,0.9272,32.7794,22.4678
dev11,375,54.9749,3.9638,27.959,0.8181,32.7409,22.234
dev11,376,54.1403,3.9546,27.9425,0.7874,32.6845,21.4558
dev11,377,57.841,3.8156,27.9263,2.251,33.9929,23.8481
dev11,378,55.0498,3.8939,27.9503,1.0442,32.8884,22.1614
dev11,379,58.376,4.3048,27.9555,2.5757,34.836,23.54
dev11,380,58.0768,4.3787,27.9703,2.4639,34.8129,23.2639
dev11,381,60.7925,4.7106,27.9869,4.1117,36.8092,23.9833
dev11,382,60.3792,3.9627,27.989,2.8161,34.7678,25.6114
dev11,383,55.1338,4.2113,27.9219,0.7145,32.8477,22.2861
dev11,384,55.4899,4.163,28.0413,1.1834,33.3877,22.1022
dev11,385,55.5395,4.045,27.967,1.1873,33.1993,22.3402
dev11,386,55.3651,4.001,27.9643,0.9301,32.8954,22.4697
dev11,387,55.3189,3.9025,27.9569,0.8152,32.6746,22.6443
dev11,388,55.0289,4.1489,27.9855,0.8375,32.9719,22.057
dev11,389,58.274,3.8762,27.9312,2.379,34.1864,24.0876
dev11,390,54.4135,3.766,27.9587,0.9755,32.7002,21.7133
dev11,391,58.8527,3.9635,27.9975,2.6819,34.6429,24.2098
dev11,392,59.701,3.9464,27.9412,3.9247,35.8123,23.8887
dev11,393,57.06,4.0144,28.0268,2.306,34.3472,22.7128
dev11,394,57.1201,3.8078,27.9702,0.9419,32.7199,24.4002
dev11,395,58.775,4.0598,27.9539,2.4179,34.4316,24.3434
dev11,396,60.2088,4.0765,27.9952,2.6139,34.6856,25.5232
dev11,397,54.7918,3.8882,27.9162,0.7393,32.5437,22.2481
dev11,398,54.7906,4.2372,28.0457,0.7736,33.0565,21.7341
dev11,399,56.437,4.1147,27.9537,1.1172,33.1856,23.2514
dev11,400,56.0194,4.0695,27.9813,0.8205,32.8713,23.1481
dev11,401,55.8027,3.9894,27.99,1.283,33.2624,22.5403
dev11,402,57.5326,4.1566,28.1111,1.317,33.5847,23.9479
dev11,403,56.1763,4.7599,27.975,1.0484,33.7833,22.393
dev11,404,54.0798,3.8036,27.9459,0.7968,32.5463,21.5335
dev11,405,57.9166,3.7955,27.9167,2.2568,33.969,23.9476
dev11,406,57.3701,3.7918,27.9181,2.2412,33.9511,23.419
dev11,407,59.127,4.1198,27.9752,2.2467,34.3417,24.7853
dev11,408,58.254,3.7317,27.913,2.2488,33.8935,24.3605
dev11,409,56.0011,3.717,28.0303,2.1198,33.8671,22.134
dev11,410,56.248,3.8744,27.9409,1.994,33.8093,22.4387
dev11,411,56.9597,4.1514,27.9444,2.0231,34.1189,22.8408
dev11,412,58.4667,3.6425,27.9912,2.4728,34.1065,24.3602
dev11,413,56.5051,3.7338,27.9328,2.1337,33.8003,22.7048
dev11,414,58.7036,4.0335,27.952,2.4385,34.424,24.2796
dev11,415,57.8541,3.771,27.916,2.6266,34.3136,23.5405
dev11,416,57.0663,3.7465,27.9136,2.0972,33.7573,23.309
dev11,417,56.6507,3.7263,27.9572,2.22,33.9035,22.7472
dev11,418,59.9885,3.9638,27.98,2.5144,34.4582,25.5303
dev11,419,57.1838,4.0538,27.9739,2.5771,34.6048,22.579
dev11,420,58.1266,4.0096,28.1724,2.7957,34.9777,23.1489
dev11,421,56.9921,4.0214,27.97,2.4779,34.4693,22.5228
dev11,422,67.8465,11.0972,28.0837,3.675,42.8559,24.9906
dev11,423,58.2312,3.8651,27.9288,2.3919,34.1858,24.0454
dev11,424,57.6097,3.9361,27.9389,2.4988,34.3738,23.2359
dev11,425,57.9317,3.8449,27.9341,2.2203,33.9993,23.9324
dev11,426,57.3171,3.975,27.9396,2.4976,34.4122,22.9049
dev11,427,57.7536,3.7464,27.982,3.0882,34.8166,22.937
dev11,428,58.1023,3.7355,27.9712,2.9229,34.6296,23.4727
dev11,429,59.0565,4.0138,28.019,2.7037,34.7365,24.32
dev11,430,58.9374,4.5428,28.0201,2.3506,34.9135,24.0239
dev11,431,56.6628,3.8439,27.96,2.5618,34.3657,22.2971
dev11,432,65.5472,3.8178,27.9401,4.2815,36.0394,29.5078
dev11,433,58.2388,4.4436,28.0528,3.1752,35.6716,22.5672
dev11,434,58.8468,3.9394,27.9428,4.2524,36.1346,22.7122
dev11,435,56.7024,3.6727,27.9444,2.6665,34.2836,22.4188
dev11,436,59.4931,3.5423,27.9235,2.2605,33.7263,25.7668
dev11,437,60.6093,4.3482,27.9331,2.7783,35.0596,25.5497
dev11,438,58.5345,3.9616,27.9381,2.3534,34.2531,24.2814
dev11,439,59.8855,4.0934,27.9301,4.1358,36.1593,23.7262
dev11,440,59.8528,4.1638,27.965,2.5277,34.6565,25.1963
dev11,441,59.2325,3.771,27.9511,3.8834,35.6055,23.627
dev11,442,59.4749,3.9462,27.9561,4.0765,35.9788,23.4961
dev11,443,58.1237,3.9121,27.973,2.5051,34.3902,23.7335
dev11,444,58.2643,3.8094,27.9236,3.0924,34.8254,23.4389
dev11,445,58.628,3.8099,27.92,2.6899,34.4198,24.2082
dev11,446,57.2109,3.9136,27.9609,2.5947,34.4692,22.7417
dev11,447,56.5981,3.875,28.0728,2.2073,34.1551,22.443
dev11,448,56.6081,3.7756,28.0412,2.2572,34.074,22.5341
dev11,449,57.2322,4.0002,27.9062,2.3261,34.2325,22.9997
dev11,450,57.1421,3.7846,27.9325,2.3262,34.0433,23.0988
dev11,451,57.5371,4.0812,27.9659,2.5581,34.6052,22.9319
dev11,452,58.3196,3.9618,27.9879,2.4292,34.3789,23.9407
dev11,453,56.4093,3.7579,27.9488,2.5064,34.2131,22.1962
dev11,454,57.2033,3.9889,27.9409,2.2864,34.2162,22.9871
dev11,455,58.4998,3.857,27.9164,2.3095,34.0829,24.4169
dev11,456,57.1117,3.907,27.9549,2.1181,33.98,23.1317
dev11,457,58.3832,4.1672,27.9387,3.1391,35.245,23.1382
dev11,458,59.7436,3.7877,27.9808,4.2268,35.9953,23.7483
dev11,459,58.8361,3.8147,27.9745,2.9294,34.7186,24.1175
dev11,460,59.4502,4.2129,27.9668,2.6116,34.7913,24.6589
dev11,461,59.9731,4.238,28.0052,4.2079,36.4511,23.522
dev11,462,59.7381,4.1432,27.9713,2.5485,34.663,25.0751
dev11,463,60.1509,3.722,27.9681,4.16,35.8501,24.3008
dev11,464,59.1177,4.5405,27.9926,3.2584,35.7915,23.3262
dev11,465,63.2783,4.1178,28.0025,4.0416,36.1619,27.1164
dev11,466,61.3211,4.5769,27.9802,2.4838,35.0409,26.2802
dev11,467,60.2748,4.3773,28.0271,2.9382,35.3426,24.9322
dev11,468,61.0109,4.3141,27.9824,2.8038,35.1003,25.9106
dev11,469,61.6418,4.3628,27.9995,2.6987,35.061,26.5808
dev11,470,59.8976,4.0254,28.0166,2.998,35.04,24.8576
dev11,471,58.6667,3.9456,27.9531,2.2728,34.1715,24.4952
dev11,472,56.8041,3.8487,28.1741,2.3303,34.3531,22.451
dev11,473,56.5332,3.824,27.9205,2.2841,34.0286,22.5046
dev11,474,57.9503,3.9837,27.9099,2.3349,34.2285,23.7218
dev11,475,57.0584,3.9304,27.9988,2.1834,34.1126,22.9458
dev11,476,60.384,3.7748,28.0249,3.7314,35.5311,24.8529
dev11,477,57.5136,4.2742,28.0037,2.5299,34.8078,22.7058
dev11,478,58.7685,4.0254,27.9906,3.4854,35.5014,23.2671
dev11,479,59.1672,4.0459,27.9745,3.9849,36.0053,23.1619
dev11,480,57.241,3.8715,27.9777,2.6384,34.4876,22.7534
dev11,481,56.5083,3.9955,27.9142,2.1973,34.107,22.4013
dev11,482,56.4041,3.9891,27.9093,2.125,34.0234,22.3807
dev11,483,56.3685,3.8241,27.9485,2.2379,34.0105,22.358
dev11,484,57.5265,4.0492,27.9962,3.069,35.1144,22.4121
dev11,485,58.4408,3.7669,27.9312,3.9182,35.6163,22.8245
dev11,486,58.5181,4.2514,27.9872,2.6769,34.9155,23.6026
dev11,487,58.8087,4.1251,28.0188,2.5055,34.6494,24.1593
dev11,488,57.2807,3.9064,28.0114,3.0945,35.0123,22.2684
dev11,489,57.4712,3.7866,28.1106,3.2085,35.1057,22.3655
dev11,490,58.575,3.8619,27.9796,2.4952,34.3367,24.2383
dev11,491,57.2541,3.9575,27.9113,2.4295,34.2983,22.9558
dev11,492,57.9393,4.1392,28.0257,2.5851,34.75,23.1893
dev11,493,59.3848,4.801,28.0823,2.6529,35.5362,23.8486
dev11,494,56.6947,3.9682,27.947,2.4094,34.3246,22.3701
dev11,495,57.5068,3.9165,27.9698,2.6895,34.5758,22.931
dev11,496,56.1291,3.9485,27.9625,2.2946,34.2056,21.9235
dev11,497,56.5597,3.7483,27.9195,2.3451,34.0129,22.5468
dev11,498,58.7144,4.1001,27.9799,2.3465,34.4265,24.2879
dev11,499,64.5662,4.6125,27.9382,3.5515,36.1022,28.464
dev11,500,59.979,4.1192,27.9803,2.5943,34.6938,25.2852
dev11,501,58.0327,3.78,28.0127,2.4585,34.2512,23.7815
dev11,502,59.239,4.1464,27.9469,2.4194,34.5127,24.7263
dev11,503,57.379,3.9213,28.0085,2.4759,34.4057,22.9733
dev11,504,57.848,3.8324,27.929,2.975,34.7364,23.1116
dev11,505,56.8874,3.9471,27.978,2.5023,34.4274,22.46
dev11,506,55.633,3.8193,27.9389,2.4696,34.2278,21.4052
dev11,507,59.6473,3.9557,28.0481,3.1455,35.1493,24.498
dev11,508,57.586,4.1497,27.9732,2.8944,35.0173,22.5687
dev11,509,57.1827,4.3744,27.966,2.544,34.8844,22.2983
dev11,510,57.38,3.7044,27.9413,2.5058,34.1515,23.2285
dev11,511,57.4764,3.8909,27.9375,2.4415,34.2699,23.2065
dev11,512,56.3007,4.1458,27.9603,2.119,34.2251,22.0756
dev11,513,56.5457,3.613,27.9383,2.6223,34.1736,22.3721
dev11,514,57.5758,4.1438,27.9045,2.2747,34.323,23.2528
dev11,515,59.5582,3.7377,27.9986,2.7129,34.4492,25.109
dev11,516,57.3728,3.7358,27.9984,2.5522,34.2864,23.0864
dev11,517,56.9467,3.8068,28.034,2.3662,34.207,22.7397
dev11,518,56.6914,3.8294,27.9426,2.3699,34.1419,22.5495
dev11,519,57.277,4.1967,28.0195,2.5207,34.7369,22.5401
dev11,520,58.8067,3.9496,27.9246,2.3265,34.2007,24.606
dev11,521,56.7925,4.03,27.9104,2.3466,34.287,22.5055
dev11,522,56.3163,3.7745,27.9147,2.4775,34.1667,22.1496
dev11,523,55.4755,3.7311,27.9106,2.2543,33.896,21.5795
dev11,524,56.9813,4.126,27.9211,2.5867,34.6338,22.3475
dev11,525,57.4672,4.3453,27.9718,2.3492,34.6663,22.8009
dev11,526,58.0071,3.714,27.9365,3.3625,35.013,22.9941
dev11,527,56.904,3.7964,27.9333,2.4594,34.1891,22.7149
dev11,528,57.4055,4.0571,27.9105,2.5803,34.5479,22.8576
dev11,529,57.9027,3.8904,28.0042,2.596,34.4906,23.4121
dev11,530,58.4377,4.0234,27.9498,2.7782,34.7514,23.6863
dev11,531,57.4545,3.9414,27.9542,2.5076,34.4032,23.0513
dev11,532,57.3698,4.1192,28.0002,2.4697,34.5891,22.7807
dev11,533,56.6308,3.7635,27.9204,2.3875,34.0714,22.5594
dev11,534,56.6741,3.9958,27.916,2.5414,34.4532,22.2209
dev11,535,57.4622,3.8696,27.9661,2.6848,34.5205,22.9417
dev11,536,57.3442,4.3176,27.9417,3.2536,35.5129,21.8313
dev11,537,57.6016,3.9793,28.0278,2.137,34.1441,23.4575
dev11,538,56.8833,4.1279,27.9446,2.3076,34.3801,22.5032
dev11,539,57.0676,3.6995,27.9941,2.7462,34.4398,22.6278
dev12,0,64.6312,3.8468,27.9267,0.7875,32.561,32.0702
dev12,1,53.222,3.9821,27.9303,0.9383,32.8507,20.3713
dev12,2,52.758,4.0608,27.9563,0.8172,32.8343,19.9237
dev12,3,56.2962,4.2842,27.9833,2.5629,34.8304,21.4658
dev12,4,58.0761,3.9216,27.9405,2.2225,34.0846,23.9915
dev12,5,52.4966,3.931,27.9534,0.7424,32.6268,19.8698
dev12,6,53.002,3.883,27.9403,0.8793,32.7026,20.2994
dev12,7,52.8434,3.8435,27.9203,1.0631,32.8269,20.0165
dev12,8,53.2243,4.1777,27.9455,1.1434,33.2666,19.9577
dev12,9,58.3417,3.9562,27.9695,4.0558,35.9815,22.3602
dev12,10,56.2719,4.1079,27.953,2.5593,34.6202,21.6517
dev12,11,56.6614,4.1148,27.959,2.8478,34.9216,21.7398
dev12,12,58.8853,4.1449,27.9383,3.7333,35.8165,23.0688
dev12,13,57.5491,4.1633,27.9944,3.5853,35.743,21.8061
dev12,14,55.8643,3.7006,27.9377,2.6792,34.3175,21.5468
dev12,15,59.22,4.0971,27.9951,3.1378,35.23,23.99
dev12,16,53.2028,3.9707,27.9176,1.3669,33.2552,19.9476
dev12,17,57.1308,4.6236,27.9385,2.9615,35.5236,21.6072
dev12,18,56.6005,3.7382,27.9816,2.6924,34.4122,22.1883
dev12,19,56.0514,4.2279,27.9679,2.4458,34.6416,21.4098
dev12,20,57.5358,4.1541,28.0063,2.6163,34.7767,22.7591
dev12,21,57.4709,4.2947,27.9911,2.9537,35.2395,22.2314
dev12,22,58.9567,3.9848,28.0185,2.913,34.9163,24.0404
dev12,23,56.4802,3.7636,27.9584,2.397,34.119,22.3612
dev12,24,57.5654,3.9798,27.9489,2.4622,34.3909,23.1745
dev12,25,56.6849,3.9398,27.9497,2.804,34.6935,21.9914
dev12,26,55.8374,3.9781,27.9923,2.3186,34.289,21.5484
dev12,27,58.1587,3.899,27.9978,4.0162,35.913,22.2457
dev12,28,56.7608,3.974,27.9421,2.7429,34.659,22.1018
dev12,29,57.9404,3.9725,28.0102,3.7271,35.7098,22.2306
dev12,30,56.3714,3.9741,27.8983,2.4234,34.2958,22.0756
dev12,31,58.0516,3.8891,28.0067,4.346,36.2418,21.8098
dev12,32,57.945,3.9466,27.9434,3.5345,35.4245,22.5205
dev12,33,57.7617,4.2737,28.0467,2.8994,35.2198,22.5419
dev12,34,57.6,4.6428,28.1264,2.9879,35.7571,21.8429
dev12,35,62.767,4.201,27.9636,3.5737,35.7383,27.0287
dev12,36,59.3586,4.5381,27.9839,2.7556,35.2776,24.081
dev12,37,58.6756,4.0842,28.0029,2.6788,34.7659,23.9097
dev12,38,62.6045,4.6919,27.9639,2.5526,35.2084,27.3961
dev12,39,59.8405,4.5639,28.0954,3.1269,35.7862,24.0543
dev12,40,59.6641,4.6002,28.0587,2.7906,35.4495,24.2146
dev12,41,63.8977,5.0608,28.0526,3.1296,36.243,27.6547
dev12,42,58.3602,4.178,28.1226,2.6157,34.9163,23.4439
dev12,43,58.8136,4.2772,28.0389,2.7244,35.0405,23.7731
dev12,44,59.466,3.895,28.0207,3.1695,35.0852,24.3808
dev12,45,57.1154,4.6373,28.0775,2.3098,35.0246,22.0908
dev12,46,58.2085,3.9168,27.9559,2.9521,34.8248,23.3837
dev12,47,59.2462,4.022,28.0236,2.5044,34.55,24.6962
dev12,48,58.4074,4.1182,27.96,2.223,34.3012,24.1062
dev12,49,58.1231,4.0151,27.9742,2.9761,34.9654,23.1577
dev12,50,59.3164,3.941,27.9236,2.5231,34.3877,24.9287
dev12,51,56.4228,4.285,28.0208,2.4117,34.7175,21.7053
dev12,52,56.1672,4.3025,27.9997,2.0862,34.3884,21.7788
dev12,53,55.6269,3.968,27.9201,2.5857,34.4738,21.1531
dev12,54,56.8708,4.012,27.9541,3.0485,35.0146,21.8562
dev12,55,55.7605,3.7995,27.9387,2.3397,34.0779,21.6826
dev12,56,57.9284,4.3107,28.0246,2.2979,34.6332,23.2952
dev12,57,55.8886,3.7686,27.9285,2.1303,33.8274,22.0612
dev12,58,58.7027,3.8953,27.9193,2.455,34.2696,24.4331
dev12,59,58.9181,4.2445,28.0164,3.3213,35.5822,23.3359
dev12,60,57.9313,4.446,27.9304,2.3922,34.7686,23.1627
dev12,61,59.1119,4.0746,27.9961,2.2886,34.3593,24.7526
dev12,62,63.2037,3.9958,27.9576,2.3793,34.3327,28.871
dev12,63,60.0389,4.4572,27.9481,2.5188,34.9241,25.1148
dev12,64,56.5558,4.1473,27.9817,2.4262,34.5552,22.0006
dev12,65,57.4587,4.3592,27.9938,2.3664,34.7194,22.7393
dev12,66,58.3347,3.744,27.9817,2.4428,34.1685,24.1662
dev12,67,61.0261,5.1007,27.9306,2.7007,35.732,25.2941
dev12,68,61.7164,6.0532,28.0353,2.6613,36.7498,24.9666
dev12,69,57.8454,4.4083,27.9893,2.6796,35.0772,22.7682
dev12,70,57.2695,3.8256,27.9584,2.4679,34.2519,23.0176
dev12,71,56.9352,4.01,28.0041,2.5605,34.5746,22.3606
dev12,72,58.6016,3.9453,27.9712,2.6425,34.559,24.0426
dev12,73,58.3148,3.9788,28.0093,2.7933,34.7814,23.5334
dev12,74,58.1167,4.2631,28.0099,2.4348,34.7078,23.4089
dev12,75,56.1793,4.0888,27.9241,2.1865,34.1994,21.9799
dev12,76,57.9042,4.2944,27.9771,2.7953,35.0668,22.8374
dev12,77,63.9682,4.2829,27.993,3.8442,36.1201,27.8481
dev12,78,60.6455,4.3463,28.4235,2.6519,35.4217,25.2238
dev12,79,61.736,5.5149,28.102,2.5835,36.2004,25.5356
dev12,80,61.1329,4.9326,28.0207,3.0249,35.9782,25.1547
dev12,81,62.0842,4.592,28.1676,2.956,35.7156,26.3686
dev12,82,62.3208,5.215,28.0167,2.8556,36.0873,26.2335
dev12,83,60.059,4.021,28.0256,2.9032,34.9498,25.1092
dev12,84,61.2336,5.0271,28.3726,2.9109,36.3106,24.923
dev12,85,60.6223,4.9211,27.9965,2.891,35.8086,24.8137
dev12,86,59.2702,5.1861,28.0391,3.3184,36.5436,22.7266
dev12,87,55.5597,4.0615,27.9589,1.3281,33.3485,22.2112
dev12,88,53.862,3.9496,27.9605,0.9295,32.8396,21.0224
dev12,89,53.3475,3.8784,27.9664,1.0651,32.9099,20.4376
dev12,90,53.9014,3.834,27.9102,0.8014,32.5456,21.3558
dev12,91,54.9195,4.2027,27.9293,1.1526,33.2846,21.6349
dev12,92,61.0088,4.0079,27.9774,2.4697,34.455,26.5538
dev12,93,60.9889,4.8176,27.9523,3.2135,35.9834,25.0055
dev12,94,58.343,4.1135,27.9719,2.5872,34.6726,23.6704
dev12,95,60.8859,4.1611,27.9941,2.8033,34.9585,25.9274
dev12,96,61.9018,4.9635,28.124,4.0797,37.1672,24.7346
dev12,97,65.7232,5.184,28.1627,2.8991,36.2458,29.4774
dev12,98,71.2753,4.8686,28.1544,5.548,38.571,32.7043
dev12,99,64.1175,5.5556,28.0056,4.6921,38.2533,25.8642
dev12,100,62.612,4.043,27.9955,4.0799,36.1184,26.4936
dev12,101,67.8956,6.1413,28.1597,4.3222,38.6232,29.2724
dev12,102,62.3367,4.6574,28.0817,3.6993,36.4384,25.8983
dev12,103,61.0372,4.1692,28.2308,4.044,36.444,24.5932
dev12,104,74.3753,4.8924,28.0676,4.1747,37.1347,37.2406
dev12,105,66.5814,6.5588,28.1358,2.5596,37.2542,29.3272
dev12,106,68.1815,5.5049,28.0141,2.8849,36.4039,31.7776
dev12,107,68.5609,5.5086,28.0792,2.9686,36.5564,32.0045
dev12,108,65.3189,4.7505,27.971,2.9986,35.7201,29.5988
dev12,109,64.1921,5.7847,28.0619,2.9856,36.8322,27.3599
dev12,110,62.918,4.8896,27.975,3.2901,36.1547,26.7633
dev12,111,67.2268,5.1094,27.9997,3.7652,36.8743,30.3525
dev12,112,65.129,4.1091,27.9342,3.8328,35.8761,29.2529
dev12,113,64.0828,4.9758,27.9863,2.7903,35.7524,28.3304
dev12,114,61.6797,5.0762,28.039,3.5471,36.6623,25.0174
dev12,115,63.8028,4.7187,27.9771,2.9842,35.68,28.1228
dev12,116,96.1603,6.6701,29.8898,5.6464,42.2063,53.954
dev12,117,74.8866,6.9851,28.1259,3.5525,38.6635,36.2231
dev12,118,63.7979,6.6318,28.1882,2.8598,37.6798,26.1181
dev12,119,64.8963,5.464,27.9934,3.9824,37.4398,27.4565
dev12,120,61.4352,4.8644,27.9835,2.5386,35.3865,26.0487
dev12,121,61.0686,4.8301,28.0487,3.4744,36.3532,24.7154
dev12,122,59.3749,4.0792,27.9527,2.4607,34.4926,24.8823
dev12,123,63.61,4.0461,27.9724,3.6223,35.6408,27.9692
dev12,124,61.8597,4.8209,27.9515,2.5141,35.2865,26.5732
dev12,125,61.4717,4.9364,28.0806,3.2065,36.2235,25.2482
dev12,126,59.3609,4.242,27.9901,2.7257,34.9578,24.4031
dev12,127,59.6362,4.8888,28.0588,2.6598,35.6074,24.0288
dev12,128,61.9291,4.6159,27.9958,2.9086,35.5203,26.4088
dev12,129,63.0575,5.2488,28.0881,2.8942,36.2311,26.8264
dev12,130,60.2639,4.5697,28.0176,2.5073,35.0946,25.1693
dev12,131,61.2024,4.2217,27.9652,2.8658,35.0527,26.1497
dev12,132,63.0697,5.0528,27.9963,2.9493,35.9984,27.0713
dev12,133,62.9997,4.5005,28.0006,3.0766,35.5777,27.422
dev12,134,61.8565,4.8354,28.0813,3.1044,36.0211,25.8354
dev12,135,60.4877,4.0169,27.9499,2.8919,34.8587,25.629
dev12,136,59.9177,4.0502,27.9599,2.9341,34.9442,24.9735
dev12,137,59.0783,4.1585,28.0173,2.2184,34.3942,24.6841
dev12,138,61.2787,4.069,27.9858,2.7601,34.8149,26.4638
dev12,139,63.6882,4.4131,27.9561,2.9696,35.3388,28.3494
dev12,140,63.7397,5.0909,27.9455,4.4756,37.512,26.2277
dev12,141,60.9942,4.8119,27.9822,2.8435,35.6376,25.3566
dev12,142,62.467,4.3432,27.9848,2.9017,35.2297,27.2373
dev12,143,64.6958,5.2208,27.9672,2.9896,36.1776,28.5182
dev12,144,63.769,3.967,27.9559,4.1022,36.0251,27.7439
dev12,145,60.1083,4.7054,28.0207,2.8904,35.6165,24.4918
dev12,146,62.6685,4.1708,28.032,4.7376,36.9404,25.7281
dev12,147,65.8757,4.836,27.9557,3.2751,36.0668,29.8089
dev12,148,61.9289,4.873,28.1615,2.6261,35.6606,26.2683
dev12,149,62.3903,5.4221,27.963,4.5851,37.9702,24.4201
dev12,150,62.3006,4.8023,27.9415,2.9204,35.6642,26.6364
dev12,151,64.8888,4.5719,27.9026,3.6205,36.095,28.7938
dev12,152,63.2685,5.1811,28.0249,3.0219,36.2279,27.0406
dev12,153,65.1539,5.1871,27.9356,2.6829,35.8056,29.3483
dev12,154,61.4482,4.8243,27.9787,3.0389,35.8419,25.6063
dev12,155,61.3866,4.7334,28.0679,3.0848,35.8861,25.5005
dev12,156,62.8943,5.5313,27.9705,3.0148,36.5166,26.3777
dev12,157,60.921,4.5907,27.9191,3.1155,35.6253,25.2957
dev12,158,60.508,4.5081,27.9547,2.493,34.9558,25.5522
dev12,159,62.749,4.6059,27.9902,3.6063,36.2024,26.5466
dev12,160,62.4212,5.3394,27.9564,3.4883,36.7841,25.6371
dev12,161,62.585,5.2862,27.9961,3.097,36.3793,26.2057
dev12,162,59.5306,4.4891,27.9845,2.7421,35.2157,24.3149
dev12,163,65.246,4.4662,27.9551,2.9176,35.3389,29.9071
dev12,164,66.1827,5.1515,28.0785,2.7964,36.0264,30.1563
dev12,165,63.76,5.3741,28.0155,3.0808,36.4704,27.2896
dev12,166,65.3263,5.4493,28.1766,3.6667,37.2926,28.0337
dev12,167,65.4654,4.8734,28.1274,4.0936,37.0944,28.371
dev12,168,60.6939,5.1924,27.9759,2.4858,35.6541,25.0398
dev12,169,58.2843,4.7912,27.9606,2.5022,35.254,23.0303
dev12,170,57.5451,4.1728,27.9291,0.8332,32.9351,24.61
dev12,171,58.9834,4.7906,27.9415,1.1979,33.93,25.0534
dev12,172,59.6126,4.948,27.9283,0.9956,33.8719,25.7407
dev12,173,61.4068,5.0837,27.9559,1.0846,34.1242,27.2826
dev12,174,60.4103,5.0772,27.9607,2.5114,35.5493,24.861
dev12,175,58.7756,4.7343,27.9434,1.0271,33.7048,25.0708
dev12,176,59.5434,4.6378,27.9591,1.0876,33.6845,25.8589
dev12,177,63.2576,4.9149,28.0307,1.2153,34.1609,29.0967
dev12,178,64.1634,4.8597,28.0898,0.9322,33.8817,30.2817
dev12,179,61.0146,5.7734,28.2717,0.9835,35.0286,25.986
dev12,180,61.8104,6.1203,28.109,1.1279,35.3572,26.4532
dev12,181,61.4045,5.638,27.9736,1.1737,34.7853,26.6192
dev12,182,60.8808,4.6318,28.1166,1.485,34.2334,26.6474
dev12,183,63.4408,5.6738,27.9452,1.0501,34.6691,28.7717
dev12,184,60.7937,4.9014,27.9905,1.0748,33.9667,26.827
dev12,185,61.3765,4.8852,27.9635,3.5654,36.4141,24.9624
dev12,186,58.2172,3.9554,27.9186,2.7071,34.5811,23.6361
dev12,187,56.5355,4.3402,27.9306,0.8672,33.138,23.3975
dev12,188,61.9395,4.8445,27.946,1.0093,33.7998,28.1397
dev12,189,62.1194,4.9361,27.9982,2.5567,35.491,26.6284
dev12,190,68.9802,4.9669,28.0627,3.2402,36.2698,32.7104
dev12,191,64.4753,5.3946,28.1127,3.6881,37.1954,27.2799
dev12,192,62.5918,4.2928,27.9667,2.977,35.2365,27.3553
dev12,193,60.3303,4.4124,28.068,3.0435,35.5239,24.8064
dev12,194,64.1625,4.0212,27.9668,3.6766,35.6646,28.4979
dev12,195,59.9246,4.3485,27.9902,2.6689,35.0076,24.917
dev12,196,61.5094,4.7068,27.9882,2.5042,35.1992,26.3102
dev12,197,65.9109,4.632,28.0431,4.053,36.7281,29.1828
dev12,198,64.8013,4.8317,27.987,4.014,36.8327,27.9686
dev12,199,64.3248,5.6305,27.9923,4.3946,38.0174,26.3074
dev12,200,66.0954,5.6534,28.0391,2.9101,36.6026,29.4928
dev12,201,66.9291,5.7041,27.9904,3.1796,36.8741,30.055
dev12,202,62.7534,5.038,28.0183,2.7551,35.8114,26.942
dev12,203,60.4092,4.4398,28.0445,3.0086,35.4929,24.9163
dev12,204,59.7405,4.2806,27.9415,2.7566,34.9787,24.7618
dev12,205,65.1838,5.3081,28.1729,2.9495,36.4305,28.7533
dev12,206,66.5383,5.2763,27.9947,3.2849,36.5559,29.9824
dev12,207,59.7014,4.3213,28.0543,2.8999,35.2755,24.4259
dev12,208,67.0519,4.5362,27.9339,3.5541,36.0242,31.0277
dev12,209,66.2874,5.0523,28.04,2.9693,36.0616,30.2258
dev12,210,61.7888,4.3704,27.9725,3.1171,35.46,26.3288
dev12,211,61.4831,4.484,27.9771,2.9517,35.4128,26.0703
dev12,212,64.2209,4.7735,28.1831,3.0383,35.9949,28.226
dev12,213,60.5859,4.6501,28.0373,2.7281,35.4155,25.1704
dev12,214,62.7541,4.8433,27.9659,2.6022,35.4114,27.3427
dev12,215,58.5255,4.4596,27.9358,2.758,35.1534,23.3721
dev12,216,66.9245,4.5882,27.945,3.4665,35.9997,30.9248
dev12,217,66.0084,4.9434,27.9913,3.0639,35.9986,30.0098
dev12,218,60.046,4.1946,27.9434,2.6103,34.7483,25.2977
dev12,219,60.8837,5.0094,28.0113,2.8678,35.8885,24.9952
dev12,220,60.357,3.9638,27.9636,3.1769,35.1043,25.2527
dev12,221,62.8821,5.611,28.0296,2.2908,35.9314,26.9507
dev12,222,58.6818,4.3692,27.9691,2.5424,34.8807,23.8011
dev12,223,62.3053,4.3739,27.9452,2.7943,35.1134,27.1919
dev12,224,65.1336,4.1178,27.9836,3.0919,35.1933,29.9403
dev12,225,65.98,4.8479,28.1985,3.4432,36.4896,29.4904
dev12,226,65.1867,5.1682,27.9491,2.7588,35.8761,29.3106
dev12,227,66.2028,5.0049,27.9705,3.3055,36.2809,29.9219
dev12,228,61.5854,5.0613,27.9149,2.7194,35.6956,25.8898
dev12,229,67.2844,4.7928,27.9451,3.2184,35.9563,31.3281
dev12,230,62.1192,4.983,28.0392,2.9882,36.0104,26.1088
dev12,231,61.1319,5.1215,27.9418,2.9912,36.0545,25.0774
dev12,232,64.8174,4.6314,27.9708,3.379,35.9812,28.8362
dev12,233,63.7649,4.3793,27.9869,4.3453,36.7115,27.0534
dev12,234,65.0661,4.8072,27.982,3.368,36.1572,28.9089
dev12,235,66.1458,4.471,28.0357,3.0815,35.5882,30.5576
dev12,236,59.5042,5.2441,28.1068,2.5169,35.8678,23.6364
dev12,237,57.4826,3.8101,27.9498,2.974,34.7339,22.7487
dev12,238,61.2586,4.431,27.9714,3.3469,35.7493,25.5093
dev12,239,59.901,4.7184,27.9984,2.9684,35.6852,24.2158
dev12,240,59.7735,4.4829,27.9469,3.2642,35.694,24.0795
dev12,241,63.2563,4.3976,28.0469,4.1682,36.6127,26.6436
dev12,242,67.5202,4.6862,27.9386,2.8887,35.5135,32.0067
dev12,243,66.7406,5.5563,27.9942,3.0218,36.5723,30.1683
dev12,244,64.1952,5.1395,27.9745,3.5053,36.6193,27.5759
dev12,245,69.2804,4.7383,27.9496,5.2557,37.9436,31.3368
dev12,246,63.6927,4.8288,27.9818,1.2824,34.093,29.5997
dev12,247,57.7499,5.2974,28.0932,1.0096,34.4002,23.3497
dev12,248,60.3193,4.5895,27.9169,1.1144,33.6208,26.6985
dev12,249,59.0381,5.1404,28.1595,1.5603,34.8602,24.1779
dev12,250,57.3084,4.5618,28.0176,1.0907,33.6701,23.6383
dev12,251,62.1985,4.5006,27.9691,0.9794,33.4491,28.7494
dev12,252,58.9604,4.0555,28.0156,1.8323,33.9034,25.057
dev12,253,55.3848,4.0472,27.9136,0.8423,32.8031,22.5817
dev12,254,59.265,4.6405,28.0869,2.5476,35.275,23.99
dev12,255,61.9319,4.8056,27.9908,1.0493,33.8457,28.0862
dev12,256,61.3888,5.6321,28.2038,1.0947,34.9306,26.4582
dev12,257,61.9056,5.0659,27.9903,0.9633,34.0195,27.8861
dev12,258,64.1361,5.1486,27.9637,1.3072,34.4195,29.7166
dev12,259,59.1901,4.9885,27.9384,1.0232,33.9501,25.24
dev12,260,60.0976,4.8636,27.91,2.5318,35.3054,24.7922
dev12,261,58.0919,5.0069,27.9069,1.1603,34.0741,24.0178
dev12,262,57.602,4.5766,27.9776,1.1841,33.7383,23.8637
dev12,263,63.8753,4.5536,27.9401,3.0367,35.5304,28.3449
dev12,264,62.3343,4.8781,28.0121,2.9846,35.8748,26.4595
dev12,265,61.5152,4.5432,28.0021,2.6543,35.1996,26.3156
dev12,266,63.3201,4.537,27.9106,2.8769,35.3245,27.9956
dev12,267,66.952,5.3079,28.0764,2.902,36.2863,30.6657
dev12,268,67.7208,5.2673,28.0122,3.0819,36.3614,31.3594
dev12,269,65.2505,5.4884,28.0796,3.0738,36.6418,28.6087
dev12,270,65.8733,4.8104,28.0284,3.584,36.4228,29.4505
dev12,271,66.079,4.3818,27.9999,2.5066,34.8883,31.1907
dev12,272,65.6174,5.0654,27.9531,3.114,36.1325,29.4849
dev12,273,61.9171,5.0953,28.0518,2.5832,35.7303,26.1868
dev12,274,59.2875,4.4314,27.9307,2.6671,35.0292,24.2583
dev12,275,63.8442,4.6174,27.9408,2.8415,35.3997,28.4445
dev12,276,64.6766,5.4635,27.9806,3.7757,37.2198,27.4568
dev12,277,59.0808,4.2826,27.9536,2.5357,34.7719,24.3089
dev12,278,56.4358,4.6734,27.9517,0.8717,33.4968,22.939
dev12,279,61.1799,4.9574,27.961,2.5406,35.459,25.7209
dev12,280,57.0973,4.5397,28.221,2.8375,35.5982,21.4991
dev12,281,56.9881,4.5673,28.1738,1.1704,33.9115,23.0766
dev12,282,66.4084,4.8346,28.0432,3.1169,35.9947,30.4137
dev12,283,60.4053,6.2006,27.9541,3.0123,37.167,23.2383
dev12,284,58.8862,4.8062,27.9407,0.9196,33.6665,25.2197
dev12,285,64.1748,4.4509,27.9388,2.9518,35.3415,28.8333
dev12,286,66.6265,4.1472,27.962,3.8155,35.9247,30.7018
dev12,287,62.0695,4.8247,28.2463,1.2601,34.3311,27.7384
dev12,288,59.946,4.9954,27.9852,0.8467,33.8273,26.1187
dev12,289,66.3414,4.5387,27.9638,3.1672,35.6697,30.6717
dev12,290,62.5487,4.4263,27.9646,2.6985,35.0894,27.4593
dev12,291,68.0033,4.9717,27.9687,3.0855,36.0259,31.9774
dev12,292,63.3452,5.2636,27.9687,2.4996,35.7319,27.6133
dev12,293,62.3772,4.4133,27.951,3.0457,35.41,26.9672
dev12,294,68.4451,4.5076,27.9443,3.1226,35.5745,32.8706
dev12,295,65.5981,4.7541,27.9937,3.2417,35.9895,29.6086
dev12,296,66.0557,5.6608,28.0601,3.4067,37.1276,28.9281
dev12,297,63.9404,5.5539,27.9445,3.1515,36.6499,27.2905
dev12,298,62.1011,4.466,27.977,3.3525,35.7955,26.3056
dev12,299,62.7048,4.8605,27.9819,3.0032,35.8456,26.8592
dev12,300,63.697,4.5486,28.0155,3.0756,35.6397,28.0573
dev12,301,61.2081,4.0343,27.9274,2.9203,34.882,26.3261
dev12,302,85.7275,4.6482,28.0441,3.6572,36.3495,49.378
dev12,303,63.6892,5.824,28.0662,2.8164,36.7066,26.9826
dev12,304,61.767,4.6799,27.9871,3.2589,35.9259,25.8411
dev12,305,61.4749,4.841,27.9258,2.8192,35.586,25.8889
dev12,306,64.0827,4.7454,27.983,3.488,36.2164,27.8663
dev12,307,69.1575,5.5265,27.9899,3.0796,36.596,32.5615
dev12,308,62.1906,5.5086,27.9988,3.1102,36.6176,25.573
dev12,309,67.138,5.3084,28.0063,3.1189,36.4336,30.7044
dev12,310,64.8077,4.7797,28.0089,3.4487,36.2373,28.5704
dev12,311,64.9379,6.1821,28.1594,2.6629,37.0044,27.9335
dev12,312,68.8973,4.6719,28.3233,3.6112,36.6064,32.2909
dev12,313,68.0311,5.4427,28.0155,3.277,36.7352,31.2959
dev12,314,64.1158,5.3717,28.009,3.7415,37.1222,26.9936
dev12,315,65.955,4.8744,28.038,5.1345,38.0469,27.9081
dev12,316,66.5455,5.193,28.024,5.1006,38.3176,28.2279
dev12,317,65.1847,4.6472,28.0084,3.4323,36.0879,29.0968
dev12,318,63.5195,4.9269,28.2009,3.6059,36.7337,26.7858
dev12,319,63.8601,5.1078,28.1716,3.2079,36.4873,27.3728
dev12,320,62.3167,3.9901,28.0218,4.3282,36.3401,25.9766
dev12,321,65.9063,4.5482,27.9537,3.9837,36.4856,29.4207
dev12,322,65.1733,4.6598,28.0659,3.4007,36.1264,29.0469
dev12,323,63.4885,4.8584,28.1139,3.1323,36.1046,27.3839
dev12,324,66.8811,4.5767,28.036,3.2134,35.8261,31.055
dev12,325,65.5721,4.4411,28.132,3.863,36.4361,29.136
dev12,326,64.0316,3.8964,27.9711,3.4449,35.3124,28.7192
dev12,327,72.7409,4.4214,28.2555,3.341,36.0179,36.723
dev12,328,67.5364,4.6281,28.0951,3.2721,35.9953,31.5411
dev12,329,72.708,4.7999,28.0223,5.579,38.4012,34.3068
dev12,330,67.9478,5.5429,27.9845,3.4915,37.0189,30.9289
dev12,331,66.0929,4.6802,27.952,4.3975,37.0297,29.0632
dev12,332,69.2184,5.087,27.9555,2.8518,35.8943,33.3241
dev12,333,67.7014,4.5155,27.9902,4.0086,36.5143,31.1871
dev12,334,70.9598,5.1907,28.2338,5.3147,38.7392,32.2206
dev12,335,67.5728,5.7388,28.1069,3.3536,37.1993,30.3735
dev12,336,63.1322,4.7485,28.0666,3.4797,36.2948,26.8374
dev12,337,59.2538,4.5559,27.9793,2.6087,35.1439,24.1099
dev12,338,57.1484,4.2085,28.0651,2.6425,34.9161,22.2323
dev12,339,58.0776,3.8731,27.9798,3.2139,35.0668,23.0108
dev12,340,58.9742,3.807,27.902,2.7238,34.4328,24.5414
dev12,341,60.8458,4.2391,27.9563,2.907,35.1024,25.7434
dev12,342,57.8274,3.9939,27.9122,2.5676,34.4737,23.3537
dev12,343,59.0822,3.7878,27.9381,2.9584,34.6843,24.3979
dev12,344,58.0408,4.0874,27.9806,2.5965,34.6645,23.3763
dev12,345,60.1771,4.181,28.0396,2.9154,35.136,25.0411
dev12,346,57.8594,4.037,27.9851,2.4909,34.513,23.3464
dev12,347,60.1488,3.9111,27.9095,3.5116,35.3322,24.8166
dev12,348,58.141,3.9882,27.938,2.6163,34.5425,23.5985
dev12,349,59.1469,3.936,27.9835,2.4244,34.3439,24.803
dev12,350,59.1343,4.0641,27.9423,2.467,34.4734,24.6609
dev12,351,65.2744,4.1539,28.0171,4.0046,36.1756,29.0988
dev12,352,59.306,5.5435,27.9916,2.6492,36.1843,23.1217
dev12,353,59.6066,3.9399,28.0345,2.9209,34.8953,24.7113
dev12,354,57.9356,4.2274,28.0281,2.759,35.0145,22.9211
dev12,355,57.5511,4.0173,27.9109,2.7009,34.6291,22.922
dev12,356,56.5315,3.9824,27.9854,2.8784,34.8462,21.6853
dev12,357,58.0617,3.9704,27.9498,2.7167,34.6369,23.4248
dev12,358,58.8386,4.2015,28.1114,2.5859,34.8988,23.9398
dev12,359,57.1512,3.9611,27.9533,2.649,34.5634,22.5878
dev12,360,56.8975,3.7655,27.9808,2.5367,34.283,22.6145
dev12,361,57.5112,3.6873,27.9706,2.413,34.0709,23.4403
dev12,362,57.2784,3.7777,27.9648,2.3714,34.1139,23.1645
dev12,363,59.8796,3.9182,28.0988,2.794,34.811,25.0686
dev12,364,59.4689,4.1032,27.9975,2.7394,34.8401,24.6288
dev12,365,64.3667,3.7826,27.9943,4.2694,36.0463,28.3204
dev12,366,57.4939,3.8273,28.0541,2.5025,34.3839,23.11
dev12,367,57.6846,3.6838,27.9364,2.6655,34.2857,23.3989
dev12,368,58.5586,3.8009,28.0592,2.5517,34.4118,24.1468
dev12,369,57.2993,4.1859,28.0399,2.3334,34.5592,22.7401
dev12,370,56.9262,3.6846,27.8984,2.4817,34.0647,22.8615
dev12,371,57.8072,4.065,27.9152,2.3659,34.3461,23.4611
dev12,372,58.4769,3.9056,27.9394,2.3615,34.2065,24.2704
dev12,373,57.4494,3.8569,27.9177,2.819,34.5936,22.8558
dev12,374,58.7753,3.6045,28.0479,3.0494,34.7018,24.0735
dev12,375,58.5179,4.5502,28.0392,2.5169,35.1063,23.4116
dev12,376,57.5856,4.0236,27.9866,2.3316,34.3418,23.2438
dev12,377,58.3087,4.1134,28.2858,2.9059,35.3051,23.0036
dev12,378,56.2315,3.6216,27.9085,2.3549,33.885,22.3465
dev12,379,57.4608,3.7769,27.9073,2.3925,34.0767,23.3841
dev12,380,56.0612,3.7188,27.8971,2.34,33.9559,22.1053
dev12,381,58.7007,3.5968,27.9859,2.7309,34.3136,24.3871
dev12,382,59.6453,3.8114,28.0426,2.7941,34.6481,24.9972
dev12,383,59.5459,4.0183,28.1789,2.5252,34.7224,24.8235
dev12,384,60.139,3.8681,27.9526,2.4103,34.231,25.908
dev12,385,57.4598,3.8433,27.9124,2.3265,34.0822,23.3776
dev12,386,57.6182,3.8191,27.9565,2.6737,34.4493,23.1689
dev12,387,58.0465,4.1693,27.954,2.3905,34.5138,23.5327
dev12,388,58.533,4.5654,27.9794,2.7714,35.3162,23.2168
dev12,389,58.0114,3.7085,27.9397,2.5934,34.2416,23.7698
dev12,390,57.6271,3.6807,27.9605,2.5567,34.1979,23.4292
dev12,391,58.0248,4.226,27.9123,2.3669,34.5052,23.5196
dev12,392,58.774,3.9097,27.9122,2.4946,34.3165,24.4575
dev12,393,57.7257,3.7686,27.974,2.4832,34.2258,23.4999
dev12,394,59.7211,3.5829,27.9568,2.6279,34.1676,25.5535
dev12,395,57.4825,3.6373,27.9082,2.504,34.0495,23.433
dev12,396,57.5284,3.8523,27.9459,2.3623,34.1605,23.3679
dev12,397,61.0654,3.9276,27.9385,2.5467,34.4128,26.6526
dev12,398,60.2495,4.0538,27.9415,2.5117,34.507,25.7425
dev12,399,58.1013,4.0289,27.9172,2.4637,34.4098,23.6915
dev12,400,57.535,3.7087,27.9194,2.5455,34.1736,23.3614
dev12,401,59.6953,3.946,27.9095,2.4236,34.2791,25.4162
dev12,402,58.9968,3.856,27.9038,2.2991,34.0589,24.9379
dev12,403,58.1694,3.7302,27.9373,3.0511,34.7186,23.4508
dev12,404,56.9158,3.7279,27.9157,2.501,34.1446,22.7712
dev12,405,58.1429,4.115,27.935,2.5329,34.5829,23.56
dev12,406,56.9761,3.9162,27.9432,2.45,34.3094,22.6667
dev12,407,60.8242,3.7734,28.1038,3.1824,35.0596,25.7646
dev12,408,57.5571,3.9269,27.9559,2.2781,34.1609,23.3962
dev12,409,57.6189,3.771,27.909,2.5257,34.2057,23.4132
dev12,410,57.6589,3.8144,27.9148,2.4521,34.1813,23.4776
dev12,411,57.9806,3.9206,28.0154,2.788,34.724,23.2566
dev12,412,57.5479,3.6888,27.9299,2.4951,34.1138,23.4341
dev12,413,59.5567,4.5206,27.9611,2.8148,35.2965,24.2602
dev12,414,60.1831,3.7919,27.9688,2.3336,34.0943,26.0888
dev12,415,58.1658,3.7562,27.9742,2.5826,34.313,23.8528
dev12,416,58.3,3.8751,27.9613,2.602,34.4384,23.8616
dev12,417,58.8961,4.1206,27.9511,2.508,34.5797,24.3164
dev12,418,56.9219,3.8278,27.957,2.4365,34.2213,22.7006
dev12,419,57.6642,3.6508,28.1103,2.7461,34.5072,23.157
dev12,420,58.948,3.9676,27.9472,2.5544,34.4692,24.4788
dev12,421,57.6198,4.0245,27.9429,2.5177,34.4851,23.1347
dev12,422,57.6867,3.7801,27.9197,2.6766,34.3764,23.3103
dev12,423,59.1621,4.1047,27.9527,2.3265,34.3839,24.7782
dev12,424,57.8079,3.9155,27.9113,2.5801,34.4069,23.401
dev12,425,60.1789,3.8384,27.9182,2.305,34.0616,26.1173
dev12,426,58.9865,3.8234,27.906,2.5113,34.2407,24.7458
dev12,427,69.688,3.9606,27.9708,7.9557,39.8871,29.8009
dev12,428,57.045,3.9009,27.9014,2.6162,34.4185,22.6265
dev12,429,59.0699,3.7105,27.9191,2.6108,34.2404,24.8295
dev12,430,57.6205,3.7715,27.9228,2.6018,34.2961,23.3244
dev12,431,57.6861,3.6485,27.9438,2.5338,34.1261,23.56
dev12,432,57.4115,3.8161,27.9055,2.3547,34.0763,23.3352
dev12,433,58.1125,4.0092,27.9223,2.3415,34.273,23.8395
dev12,434,57.6459,3.9331,27.9141,2.5111,34.3583,23.2876
dev12,435,57.2896,3.7899,28.0005,2.5526,34.343,22.9466
dev12,436,58.0647,3.7773,27.9526,2.448,34.1779,23.8868
dev12,437,58.4041,3.787,27.9175,2.4974,34.2019,24.2022
dev12,438,58.5921,3.6308,27.9273,2.5407,34.0988,24.4933
dev12,439,59.6759,4.2596,28.0632,2.7331,35.0559,24.62
dev12,440,57.8888,3.8186,27.9864,2.5473,34.3523,23.5365
dev12,441,58.8425,3.7852,28.058,3.1883,35.0315,23.811
dev12,442,58.0955,3.8879,28.18,2.6567,34.7246,23.3709
dev12,443,57.466,3.9996,27.9557,2.4753,34.4306,23.0354
dev12,444,58.2093,3.7016,27.9408,2.9035,34.5459,23.6634
dev12,445,59.2113,4.1735,27.9782,2.8898,35.0415,24.1698
dev12,446,58.4164,3.743,27.9606,2.6557,34.3593,24.0571
dev12,447,58.996,3.7157,27.908,2.5775,34.2012,24.7948
dev12,448,60.3103,4.2755,27.9232,2.6159,34.8146,25.4957
dev12,449,57.8666,3.7852,27.9287,2.3241,34.038,23.8286
dev12,450,57.3117,4.0643,27.9363,2.2932,34.2938,23.0179
dev12,451,58.1207,4.2001,28.0058,2.4303,34.6362,23.4845
dev12,452,57.1028,3.7972,28.0049,2.2575,34.0596,23.0432
dev12,453,57.3463,3.9666,27.9605,2.2695,34.1966,23.1497
dev12,454,58.3069,3.713,27.9188,2.5395,34.1713,24.1356
dev12,455,57.865,3.9505,27.9773,2.6318,34.5596,23.3054
dev12,456,58.0868,3.8439,28.0261,2.6333,34.5033,23.5835
dev12,457,56.3361,3.8376,27.9409,2.2322,34.0107,22.3254
dev12,458,57.6338,4.013,27.9702,2.5214,34.5046,23.1292
dev12,459,57.7323,3.8543,27.9187,2.3339,34.1069,23.6254
dev12,460,57.0119,3.8356,27.9176,2.2844,34.0376,22.9743
dev12,461,57.389,3.7227,27.911,2.5882,34.2219,23.1671
dev12,462,57.3513,3.6685,27.9166,2.6173,34.2024,23.1489
dev12,463,56.8608,3.8335,27.9429,2.421,34.1974,22.6634
dev12,464,57.1366,3.869,27.9242,2.155,33.9482,23.1884
dev12,465,56.6801,3.6351,27.9787,2.3195,33.9333,22.7468
dev12,466,57.0029,3.679,27.9204,2.5263,34.1257,22.8772
dev12,467,57.6046,3.8488,27.9997,2.445,34.2935,23.3111
dev12,468,58.0041,3.7935,27.9796,2.5513,34.3244,23.6797
dev12,469,57.7985,3.7629,27.9672,2.4516,34.1817,23.6168
dev12,470,56.8158,3.7667,27.978,2.2923,34.037,22.7788
dev12,471,57.7893,3.6032,27.9551,2.6714,34.2297,23.5596
dev12,472,58.351,3.8372,27.9355,2.9068,34.6795,23.6715
dev12,473,61.6804,4.2329,27.9618,2.5472,34.7419,26.9385
dev12,474,60.1014,4.0145,27.9541,3.0317,35.0003,25.1011
dev12,475,57.87,3.7247,28.0023,2.5007,34.2277,23.6423
dev12,476,56.1965,3.6825,27.9767,2.1533,33.8125,22.384
dev12,477,56.7264,3.9515,27.9455,2.3777,34.2747,22.4517
dev12,478,56.7218,3.9932,27.9854,2.1895,34.1681,22.5537
dev12,479,57.9465,3.7216,27.9522,2.8869,34.5607,23.3858
dev12,480,57.315,3.8071,27.991,2.3348,34.1329,23.1821
dev12,481,57.2898,3.8853,27.9898,2.1754,34.0505,23.2393
dev12,482,60.4233,3.9522,27.932,2.62,34.5042,25.9191
dev12,483,57.4632,4.0775,27.9037,2.1619,34.1431,23.3201
dev12,484,57.6313,4.0172,27.904,2.1024,34.0236,23.6077
dev12,485,56.1335,3.9711,27.9,2.0495,33.9206,22.2129
dev12,486,60.5648,3.8445,27.9303,2.4858,34.2606,26.3042
dev12,487,58.2831,4.1395,27.9378,2.6474,34.7247,23.5584
dev12,488,62.898,3.755,27.9389,3.354,35.0479,27.8501
dev12,489,58.1965,3.7604,27.9473,2.3107,34.0184,24.1781
dev12,490,57.0641,3.7442,27.9042,2.624,34.2724,22.7917
dev12,491,58.5833,3.8294,27.9656,2.9632,34.7582,23.8251
dev12,492,58.8329,4.2313,27.9274,2.4625,34.6212,24.2117
dev12,493,59.2908,4.2104,27.9779,2.6076,34.7959,24.4949
dev12,494,56.4731,3.6423,27.9635,2.438,34.0438,22.4293
dev12,495,56.1923,3.6845,27.9951,2.4291,34.1087,22.0836
dev12,496,62.4608,3.7485,27.9145,2.3368,33.9998,28.461
dev12,497,57.5612,3.8398,28.047,2.4843,34.3711,23.1901
dev12,498,57.661,3.7525,27.9569,2.5728,34.2822,23.3788
dev12,499,56.9816,3.7774,27.9826,2.7241,34.4841,22.4975
dev12,500,57.503,3.7025,27.935,2.4099,34.0474,23.4556
dev12,501,58.0861,4.1689,27.9451,2.697,34.811,23.2751
dev12,502,58.4642,3.9095,27.9677,2.553,34.4302,24.034
dev12,503,59.0619,4.2657,28.0226,2.6233,34.9116,24.1503
dev12,504,58.2339,4.1224,27.9901,2.9319,35.0444,23.1895
dev12,505,56.8093,3.7397,27.9223,2.4694,34.1314,22.6779
dev12,506,56.5296,3.9237,27.9346,2.3406,34.1989,22.3307
dev12,507,59.0706,4.1647,27.9424,2.4158,34.5229,24.5477
dev12,508,57.6046,4.0787,27.9269,2.4552,34.4608,23.1438
dev12,509,55.5342,3.6963,27.9584,2.4056,34.0603,21.4739
dev12,510,57.2348,3.5765,27.9031,2.5941,34.0737,23.1611
dev12,511,56.3894,3.8728,27.904,2.5121,34.2889,22.1005
dev12,512,57.7279,4.0354,27.9295,2.529,34.4939,23.234
dev12,513,56.8972,3.8764,27.9036,2.6879,34.4679,22.4293
dev12,514,57.5941,3.8535,27.9388,2.7561,34.5484,23.0457
dev12,515,57.6957,3.8602,27.9702,2.9369,34.7673,22.9284
dev12,516,57.6198,3.8982,27.9808,2.6345,34.5135,23.1063
dev12,517,56.0268,3.8518,27.9567,2.3602,34.1687,21.8581
dev12,518,59.2852,4.1036,27.9599,2.6281,34.6916,24.5936
dev12,519,55.8629,3.6777,27.9275,2.3028,33.908,21.9549
dev12,520,57.9062,3.7949,27.9229,2.4128,34.1306,23.7756
dev12,521,55.8523,3.6886,27.9156,2.2333,33.8375,22.0148
dev12,522,56.8394,4.6947,27.9278,2.8586,35.4811,21.3583
dev12,523,55.8598,3.5887,27.9556,2.1027,33.647,22.2128
dev12,524,56.6727,3.6417,27.9615,2.271,33.8742,22.7985
dev12,525,57.4874,3.9217,27.9387,2.139,33.9994,23.488
dev12,526,55.2176,3.6831,27.9483,2.1602,33.7916,21.426
dev12,527,56.2916,3.5845,27.9021,2.1624,33.649,22.6426
dev12,528,54.8852,3.589,27.9064,2.0701,33.5655,21.3197
dev12,529,55.2846,3.7862,27.9348,2.3244,34.0454,21.2392
dev12,530,56.884,3.5762,27.9672,2.2041,33.7475,23.1365
dev12,531,56.5393,3.9263,27.9172,2.2,34.0435,22.4958
dev12,532,56.053,3.7105,27.9155,2.5512,34.1772,21.8758
dev12,533,61.7087,4.039,31.1208,4.2936,39.4534,22.2553
dev12,534,55.0269,3.5413,27.9063,2.0411,33.4887,21.5382
dev12,535,56.6694,3.6468,27.9456,2.9457,34.5381,22.1313
dev12,536,56.3576,3.8295,27.9671,2.4892,34.2858,22.0718
dev12,537,56.9076,3.6304,28.0105,2.7489,34.3898,22.5178
dev12,538,56.9487,4.0612,28.1871,2.4669,34.7152,22.2335
dev12,539,56.47,3.8099,27.9783,2.3232,34.1114,22.3586
dev13,0,77.3234,3.8707,27.9501,3.2671,35.0879,42.2355
dev13,1,72.0611,3.8261,27.949,3.4764,35.2515,36.8096
dev13,2,74.8205,3.8015,27.9034,3.4769,35.1818,39.6387
dev13,3,72.4835,4.0909,27.921,3.2459,35.2578,37.2257
dev13,4,73.4797,4.4768,27.9958,4.0294,36.502,36.9777
dev13,5,70.7358,3.7212,27.9644,3.7426,35.4282,35.3076
dev13,6,70.1967,3.7233,27.9408,3.0082,34.6723,35.5244
dev13,7,70.5305,3.8752,27.9763,3.2848,35.1363,35.3942
dev13,8,70.7039,3.7541,28.1465,4.2244,36.125,34.5789
dev13,9,69.6589,3.9443,27.9891,3.5063,35.4397,34.2192
dev13,10,66.5077,4.1232,27.9705,3.3193,35.413,31.0947
dev13,11,67.8176,3.7122,27.947,3.2969,34.9561,32.8615
dev13,12,72.647,3.847,27.973,3.1649,34.9849,37.6621
dev13,13,71.7279,3.868,28.0086,3.2964,35.173,36.5549
dev13,14,71.1799,4.1995,27.9451,3.3455,35.4901,35.6898
dev13,15,70.6472,3.7453,27.9422,3.1179,34.8054,35.8418
dev13,16,72.6531,3.7907,27.9312,3.8876,35.6095,37.0436
dev13,17,70.4327,3.6874,27.8911,2.9408,34.5193,35.9134
dev13,18,70.7882,3.8979,28.0276,3.2211,35.1466,35.6416
dev13,19,71.142,4.8457,28.1617,3.291,36.2984,34.8436
dev13,20,69.1625,3.9648,28.064,3.2726,35.3014,33.8611
dev13,21,68.0271,3.8481,27.9252,2.8404,34.6137,33.4134
dev13,22,67.392,3.9506,27.9268,3.1355,35.0129,32.3791
dev13,23,68.059,3.7022,27.9294,3.4891,35.1207,32.9383
dev13,24,73.9382,4.2863,27.8678,3.0448,35.1989,38.7393
dev13,25,70.242,4.0688,28.0493,4.058,36.1761,34.0659
dev13,26,69.4631,3.8584,27.9726,3.6827,35.5137,33.9494
dev13,27,68.4686,4.1743,27.9886,3.1824,35.3453,33.1233
dev13,28,70.4506,4.0127,28.0768,3.9937,36.0832,34.3674
dev13,29,67.7348,3.873,27.9669,3.6207,35.4606,32.2742
dev13,30,69.1905,4.256,27.9443,3.1787,35.379,33.8115
dev13,31,70.0632,3.9125,27.9062,3.3466,35.1653,34.8979
dev13,32,67.8397,3.8149,27.9091,3.2403,34.9643,32.8754
dev13,33,72.7311,4.1442,27.9822,3.7658,35.8922,36.8389
dev13,34,69.5333,3.7114,27.9957,3.6734,35.3805,34.1528
dev13,35,68.9935,4.1942,27.9393,3.7358,35.8693,33.1242
dev13,36,67.6454,4.2484,27.9848,3.5275,35.7607,31.8847
dev13,37,68.0557,3.8025,27.9517,3.209,34.9632,33.0925
dev13,38,67.0135,4.0694,27.9243,3.5005,35.4942,31.5193
dev13,39,65.4691,3.8391,27.9196,3.1883,34.947,30.5221
dev13,40,64.6652,3.952,27.9664,3.113,35.0314,29.6338
dev13,41,66.1667,3.8293,27.9572,3.8209,35.6074,30.5593
dev13,42,70.5602,4.0177,27.9436,3.5477,35.509,35.0512
dev13,43,69.7362,5.6866,28.0287,3.893,37.6083,32.1279
dev13,44,69.999,4.4872,27.9797,3.8523,36.3192,33.6798
dev13,45,76.5574,4.0143,28.1122,4.1384,36.2649,40.2925
dev13,46,76.7971,5.3011,28.008,4.3459,37.655,39.1421
dev13,47,72.9004,4.1398,28.0397,4.9151,37.0946,35.8058
dev13,48,72.1532,5.6451,28.0669,3.4451,37.1571,34.9961
dev13,49,71.7516,5.1881,28.0958,4.0054,37.2893,34.4623
dev13,50,74.6237,4.8443,28.0147,3.4552,36.3142,38.3095
dev13,51,69.147,3.9287,27.9877,4.7399,36.6563,32.4907
dev13,52,68.6155,3.9816,27.9523,3.762,35.6959,32.9196
dev13,53,70.5455,4.2314,27.9464,3.3215,35.4993,35.0462
dev13,54,82.5184,4.3045,27.982,5.9258,38.2123,44.3061
dev13,55,89.5563,8.2065,28.2517,3.9398,40.398,49.1583
dev13,56,79.8834,6.499,28.0852,4.431,39.0152,40.8682
dev13,57,72.1528,4.7833,28.1403,4.4992,37.4228,34.73
dev13,58,86.1778,5.3707,28.0616,6.1424,39.5747,46.6031
dev13,59,74.7507,5.0422,27.9892,3.7294,36.7608,37.9899
dev13,60,77.7752,4.6238,28.0049,5.3811,38.0098,39.7654
dev13,61,76.0267,4.329,27.9919,3.6363,35.9572,40.0695
dev13,62,76.2537,5.1157,28.0374,3.8154,36.9685,39.2852
dev13,63,75.3546,4.6766,27.9501,4.6995,37.3262,38.0284
dev13,64,72.3275,4.6137,27.938,3.6316,36.1833,36.1442
dev13,65,74.5589,4.8073,27.9133,3.2676,35.9882,38.5707
dev13,66,73.8724,4.5919,27.9251,3.6095,36.1265,37.7459
dev13,67,76.9648,6.0141,28.0192,5.1297,39.163,37.8018
dev13,68,74.0877,4.8627,28.0696,3.9026,36.8349,37.2528
dev13,69,77.9043,4.489,28.2244,4.3607,37.0741,40.8302
dev13,70,79.6488,5.5329,28.2891,4.2743,38.0963,41.5525
dev13,71,75.9225,4.5212,28.1147,3.7216,36.3575,39.565
dev13,72,76.4949,7.1525,28.0182,3.522,38.6927,37.8022
dev13,73,71.9954,4.2927,27.9591,3.7732,36.025,35.9704
dev13,74,72.8882,3.9865,28.0208,3.7125,35.7198,37.1684
dev13,75,76.4869,4.4401,27.9119,3.977,36.329,40.1579
dev13,76,78.6408,5.4557,28.1027,3.7002,37.2586,41.3822
dev13,77,79.671,5.7765,28.1557,3.681,37.6132,42.0578
dev13,78,77.8055,4.7657,28.0684,3.1935,36.0276,41.7779
dev13,79,85.0189,4.6894,27.9695,3.8825,36.5414,48.4775
dev13,80,83.2682,5.4171,28.0117,4.6107,38.0395,45.2287
dev13,81,84.2271,5.4392,28.0103,3.35,36.7995,47.4276
dev13,82,80.9434,4.6652,28.0214,3.8287,36.5153,44.4281
dev13,83,86.5558,4.8203,27.9904,5.1895,38.0002,48.5556
dev13,84,83.628,5.3604,28.1011,3.9156,37.3771,46.2509
dev13,85,86.7946,5.2746,27.9653,3.5834,36.8233,49.9713
dev13,86,84.7016,5.2848,28.0223,4.1336,37.4407,47.2609
dev13,87,78.785,4.2727,28.4142,3.752,36.4389,42.3461
dev13,88,79.0902,4.9137,27.9824,3.9786,36.8747,42.2155
dev13,89,72.1498,4.9536,28.0106,3.6167,36.5809,35.5689
dev13,90,77.6674,4.3607,27.9952,4.1991,36.555,41.1124
dev13,91,87.8934,4.913,27.9228,5.278,38.1138,49.7796
dev13,92,82.1675,5.3851,27.97,4.4969,37.852,44.3155
dev13,93,82.0962,4.8343,28.0796,4.947,37.8609,44.2353
dev13,94,75.9343,5.4186,28.0241,4.0795,37.5222,38.4121
dev13,95,73.8581,5.023,27.972,4.3036,37.2986,36.5595
dev13,96,75.6135,5.4332,27.9877,3.942,37.3629,38.2506
dev13,97,79.0952,4.9666,28.0009,4.6408,37.6083,41.4869
dev13,98,77.5312,4.6127,28.0759,4.6767,37.3653,40.1659
dev13,99,75.1212,4.7256,27.9846,5.5593,38.2695,36.8517
dev13,100,72.8108,4.6737,28.0388,3.8845,36.597,36.2138
dev13,101,76.1883,4.9883,27.9864,4.2743,37.249,38.9393
dev13,102,80.9705,4.7456,27.9991,5.2351,37.9798,42.9907
dev13,103,79.2838,4.6211,27.9946,4.4973,37.113,42.1708
dev13,104,76.9688,5.5629,27.9532,5.048,38.5641,38.4047
dev13,105,81.6227,4.9156,28.0439,4.1837,37.1432,44.4795
dev13,106,79.4256,5.5393,27.9717,4.4152,37.9262,41.4994
dev13,107,80.6408,5.6678,27.9398,4.6426,38.2502,42.3906
dev13,108,76.8343,6.0736,28.1152,3.8499,38.0387,38.7956
dev13,109,73.3853,4.8299,28.0127,4.6265,37.4691,35.9162
dev13,110,78.9115,4.7546,28.0131,4.6761,37.4438,41.4677
dev13,111,78.5299,4.4178,27.9999,4.3512,36.7689,41.761
dev13,112,74.205,4.3643,28.0365,4.1459,36.5467,37.6583
dev13,113,76.3381,5.0601,28.1933,6.0038,39.2572,37.0809
dev13,114,82.6704,5.3221,28.0098,4.2901,37.622,45.0484
dev13,115,83.1481,5.2048,28.0273,4.3993,37.6314,45.5167
dev13,116,81.1252,6.0857,28.0688,4.0998,38.2543,42.8709
dev13,117,78.838,5.9936,27.9681,4.888,38.8497,39.9883
dev13,118,73.7181,5.7026,27.9728,4.4201,38.0955,35.6226
dev13,119,76.9392,5.6038,27.9732,4.285,37.862,39.0772
dev13,120,75.6424,4.636,28.0264,5.4117,38.0741,37.5683
dev13,121,81.5055,5.7341,27.9815,4.037,37.7526,43.7529
dev13,122,75.3393,5.6181,28.0513,4.7839,38.4533,36.886
dev13,123,75.7158,4.3714,27.9921,4.6145,36.978,38.7378
dev13,124,75.8408,4.9365,28.1825,3.9024,37.0214,38.8194
dev13,125,81.7584,4.8573,28.0283,4.5106,37.3962,44.3622
dev13,126,93.2979,6.8356,35.5712,5.1388,47.5456,45.7523
dev13,127,73.3584,6.0221,28.131,3.617,37.7701,35.5883
dev13,128,72.5642,5.5091,28.0046,4.0533,37.567,34.9972
dev13,129,72.34,5.0548,27.9227,4.4842,37.4617,34.8783
dev13,130,70.9232,4.8473,27.9842,4.6398,37.4713,33.4519
dev13,131,70.1163,5.0853,28.1148,3.9024,37.1025,33.0138
dev13,132,70.6852,4.723,27.9596,4.6354,37.318,33.3672
dev13,133,70.4304,4.8765,27.9376,3.8581,36.6722,33.7582
dev13,134,71.8826,4.6875,27.9307,4.2744,36.8926,34.99
dev13,135,71.8574,5.0208,27.9639,5.0111,37.9958,33.8616
dev13,136,72.7779,5.4022,27.9325,4.8912,38.2259,34.552
dev13,137,71.2708,4.6537,27.9892,5.3461,37.989,33.2818
dev13,138,66.4895,4.6982,27.9424,3.0504,35.691,30.7985
dev13,139,69.9434,4.5306,27.9644,5.0049,37.4999,32.4435
dev13,140,72.7521,4.5284,27.9375,4.592,37.0579,35.6942
dev13,141,72.1428,4.7908,27.9491,3.5882,36.3281,35.8147
dev13,142,67.9798,4.6892,27.9488,2.9256,35.5636,32.4162
dev13,143,70.1222,4.8952,28.025,3.2175,36.1377,33.9845
dev13,144,67.9522,4.5162,27.9347,2.8347,35.2856,32.6666
dev13,145,67.8847,4.5848,27.9964,3.1299,35.7111,32.1736
dev13,146,66.7314,4.4466,27.997,3.8178,36.2614,30.47
dev13,147,72.9668,4.6162,28.0216,4.8521,37.4899,35.4769
dev13,148,70.983,4.8343,27.9826,4.8454,37.6623,33.3207
dev13,149,69.5572,4.3879,27.9669,4.0596,36.4144,33.1428
dev13,150,70.2892,4.6591,28.0089,3.7373,36.4053,33.8839
dev13,151,70.9241,4.4362,28.0081,3.3936,35.8379,35.0862
dev13,152,73.182,4.6081,27.957,4.2721,36.8372,36.3448
dev13,153,72.5237,4.4594,28.0206,4.4578,36.9378,35.5859
dev13,154,73.2596,4.6776,28.0212,3.6085,36.3073,36.9523
dev13,155,75.7197,4.5691,27.9793,3.6245,36.1729,39.5468
dev13,156,73.7368,4.6141,27.9639,2.9208,35.4988,38.238
dev13,157,73.1693,4.5802,27.8915,2.8144,35.2861,37.8832
dev13,158,72.9811,4.1217,27.9375,2.9005,34.9597,38.0214
dev13,159,75.7692,4.1279,27.9844,4.0645,36.1768,39.5924
dev13,160,71.0916,3.9604,28.0319,2.7449,34.7372,36.3544
dev13,161,71.5569,4.3002,27.9758,4.1574,36.4334,35.1235
dev13,162,70.271,3.9408,27.9976,3.1316,35.07,35.201
dev13,163,68.9349,3.8288,27.9525,3.8795,35.6608,33.2741
dev13,164,69.5966,4.1529,27.9669,4.1499,36.2697,33.3269
dev13,165,70.6609,4.3957,27.9571,2.9934,35.3462,35.3147
dev13,166,69.1451,3.7338,27.941,3.1212,34.796,34.3491
dev13,167,67.8543,3.8373,27.9706,3.5436,35.3515,32.5028
dev13,168,72.6395,4.4163,27.9605,3.0267,35.4035,37.236
dev13,169,71.2601,4.3661,28.1024,3.2979,35.7664,35.4937
dev13,170,68.6623,4.0061,27.9294,2.9432,34.8787,33.7836
dev13,171,67.291,3.8154,27.9551,3.2985,35.069,32.222
dev13,172,69.0011,4.5605,28.1272,3.5732,36.2609,32.7402
dev13,173,67.7099,4.1421,27.9676,4.066,36.1757,31.5342
dev13,174,65.4854,3.9769,27.9323,4.3397,36.2489,29.2365
dev13,175,64.2159,4.5009,28.1186,2.8732,35.4927,28.7232
dev13,176,64.8101,4.0354,27.9389,3.3024,35.2767,29.5334
dev13,177,66.4494,3.8468,27.9736,4.1139,35.9343,30.5151
dev13,178,66.8003,4.1414,27.945,4.3383,36.4247,30.3756
dev13,179,68.546,4.1431,27.976,3.8788,35.9979,32.5481
dev13,180,69.3961,3.7641,27.9749,4.2155,35.9545,33.4416
dev13,181,68.1425,4.3739,27.9462,4.0643,36.3844,31.7581
dev13,182,67.8509,3.8675,27.9344,3.4916,35.2935,32.5574
dev13,183,66.8853,4.1786,27.9367,2.928,35.0433,31.842
dev13,184,68.5383,3.9322,27.9494,4.718,36.5996,31.9387
dev13,185,67.5953,4.1512,27.9899,4.4062,36.5473,31.048
dev13,186,66.4733,3.9803,27.9823,3.3958,35.3584,31.1149
dev13,187,66.2443,3.8736,27.9765,3.7547,35.6048,30.6395
dev13,188,66.1772,4.2528,28.0118,2.7056,34.9702,31.207
dev13,189,67.8628,3.9482,28.0915,3.7772,35.8169,32.0459
dev13,190,67.2903,3.8488,27.9229,3.8966,35.6683,31.622
dev13,191,65.7984,4.0926,27.921,2.649,34.6626,31.1358
dev13,192,64.8208,4.4709,28.0218,2.9664,35.4591,29.3617
dev13,193,66.2292,3.9785,27.9669,3.5548,35.5002,30.729
dev13,194,67.7671,4.444,27.9586,3.9959,36.3985,31.3686
dev13,195,65.7702,3.9846,27.9252,2.4117,34.3215,31.4487
dev13,196,64.9928,4.0498,27.9366,2.5276,34.514,30.4788
dev13,197,66.348,4.1119,28.0787,3.76,35.9506,30.3974
dev13,198,64.7999,3.8509,27.9707,2.9805,34.8021,29.9978
dev13,199,67.5126,3.8407,27.9882,4.0311,35.86,31.6526
dev13,200,66.9202,4.2012,27.9931,3.2225,35.4168,31.5034
dev13,201,67.2749,4.3755,28.0162,3.0234,35.4151,31.8598
dev13,202,67.8504,4.0926,27.9822,3.6543,35.7291,32.1213
dev13,203,65.0765,3.8199,27.9706,2.9688,34.7593,30.3172
dev13,204,67.7589,4.2329,27.9925,4.2595,36.4849,31.274
dev13,205,67.2278,4.5436,28.0207,2.6886,35.2529,31.9749
dev13,206,66.8015,3.9109,28.0058,4.1692,36.0859,30.7156
dev13,207,66.8289,4.5586,27.9318,3.8422,36.3326,30.4963
dev13,208,69.7779,4.0064,27.9585,4.0906,36.0555,33.7224
dev13,209,67.4518,4.6066,27.9799,2.4557,35.0422,32.4096
dev13,210,63.3812,4.4783,27.986,2.6972,35.1615,28.2197
dev13,211,64.923,4.0755,28.0634,3.928,36.0669,28.8561
dev13,212,63.915,4.1853,27.9482,2.61,34.7435,29.1715
dev13,213,63.5684,4.0325,27.9377,2.5552,34.5254,29.043
dev13,214,62.478,4.0746,28.0742,3.1653,35.3141,27.1639
dev13,215,66.0265,4.0349,27.997,3.0968,35.1287,30.8978
dev13,216,66.4654,4.425,27.9999,3.274,35.6989,30.7665
dev13,217,64.2189,4.3919,27.9617,3.9396,36.2932,27.9257
dev13,218,63.1043,4.4845,27.9549,2.681,35.1204,27.9839
dev13,219,63.2241,3.9213,27.9599,3.0651,34.9463,28.2778
dev13,220,65.064,3.8765,27.9619,3.3851,35.2235,29.8405
dev13,221,62.809,4.0407,27.9663,2.3998,34.4068,28.4022
dev13,222,64.5238,4.4132,27.9378,2.7345,35.0855,29.4383
dev13,223,63.0494,4.2783,27.9928,2.5308,34.8019,28.2475
dev13,224,63.7086,4.0817,27.9707,2.7132,34.7656,28.943
dev13,225,67.9349,4.5705,27.9479,3.7316,36.25,31.6849
dev13,226,65.3094,4.6951,27.9861,3.3306,36.0118,29.2976
dev13,227,63.2777,3.9228,28.0006,2.4719,34.3953,28.8824
dev13,228,63.2053,4.0702,27.9906,2.8148,34.8756,28.3297
dev13,229,64.4994,4.1,28.0214,2.5244,34.6458,29.8536
dev13,230,63.0292,4.1063,27.9825,3.0866,35.1754,27.8538
dev13,231,65.7452,4.1153,28.0194,2.9517,35.0864,30.6588
dev13,232,63.3485,4.1901,27.9782,2.7035,34.8718,28.4767
dev13,233,63.9267,4.1003,27.9598,3.9494,36.0095,27.9172
dev13,234,62.1822,3.8367,27.909,2.2306,33.9763,28.2059
dev13,235,64.5177,3.7852,27.9508,2.5319,34.2679,30.2498
dev13,236,64.1733,4.0984,28.0424,2.6778,34.8186,29.3547
dev13,237,62.6233,4.072,27.9981,2.3501,34.4202,28.2031
dev13,238,65.5074,4.014,28.0051,2.6712,34.6903,30.8171
dev13,239,63.1557,4.2461,27.9239,2.3672,34.5372,28.6185
dev13,240,63.9101,3.8345,28.0261,3.7238,35.5844,28.3257
dev13,241,63.2367,3.9461,27.9621,2.4478,34.356,28.8807
dev13,242,64.6164,3.8833,27.9601,3.1361,34.9795,29.6369
dev13,243,63.4137,4.0238,27.9742,2.8484,34.8464,28.5673
dev13,244,62.8124,4.0033,27.9797,2.9681,34.9511,27.8613
dev13,245,64.2374,3.9342,27.953,2.5332,34.4204,29.817
dev13,246,63.1978,3.9978,27.9263,2.5683,34.4924,28.7054
dev13,247,63.4134,4.3067,27.9489,3.4883,35.7439,27.6695
dev13,248,63.9888,3.9851,28.0163,2.6663,34.6677,29.3211
dev13,249,62.4458,3.9073,27.9722,2.5457,34.4252,28.0206
dev13,250,62.7492,3.8671,28.2923,2.7396,34.899,27.8502
dev13,251,63.8301,3.8948,27.9576,2.9988,34.8512,28.9789
dev13,252,64.4358,4.3106,28.0093,4.0145,36.3344,28.1014
dev13,253,66.9417,4.0317,28.0399,4.0155,36.0871,30.8546
dev13,254,63.4586,3.9834,27.9641,2.5806,34.5281,28.9305
dev13,255,65.4945,3.8608,27.9615,3.9926,35.8149,29.6796
dev13,256,63.9272,3.9663,28.0648,3.4774,35.5085,28.4187
dev13,257,64.4329,4.0366,28.0074,2.98,35.024,29.4089
dev13,258,62.2138,4.0581,28.0271,2.8353,34.9205,27.2933
dev13,259,63.7368,3.8181,28.1596,3.422,35.3997,28.3371
dev13,260,68.2038,4.5473,27.9307,4.1291,36.6071,31.5967
dev13,261,81.7179,4.3339,28.1168,4.6584,37.1091,44.6088
dev13,262,87.2497,6.1513,28.2055,3.1642,37.521,49.7287
dev13,263,85.0515,5.8961,27.9966,3.624,37.5167,47.5348
dev13,264,83.5993,5.0709,28.0366,2.8228,35.9303,47.669
dev13,265,78.7672,5.8109,28.0044,3.2443,37.0596,41.7076
dev13,266,89.5409,5.0588,28.0344,4.1313,37.2245,52.3164
dev13,267,78.7517,5.8818,28.0508,4.4787,38.4113,40.3404
dev13,268,80.2972,5.3162,27.9974,3.4932,36.8068,43.4904
dev13,269,78.9233,5.0906,28.0064,3.7633,36.8603,42.063
dev13,270,81.4343,5.0823,28.0027,3.9021,36.9871,44.4472
dev13,271,87.74,5.3443,27.9705,5.3092,38.624,49.116
dev13,272,84.5774,5.8543,28.0426,5.0705,38.9674,45.61
dev13,273,85.2456,5.4851,28.0273,3.4919,37.0043,48.2413
dev13,274,75.9935,5.3581,27.9686,3.6421,36.9688,39.0247
dev13,275,74.8844,5.298,27.9526,3.6683,36.9189,37.9655
dev13,276,83.9897,4.9535,28.0175,5.0513,38.0223,45.9674
dev13,277,89.2641,5.0669,27.9528,4.4284,37.4481,51.816
dev13,278,86.3134,5.5115,27.9196,4.0391,37.4702,48.8432
dev13,279,81.5654,5.0364,27.9373,5.0022,37.9759,43.5895
dev13,280,80.591,5.6603,28.0074,4.0989,37.7666,42.8244
dev13,281,79.0894,4.8911,28.1305,3.6292,36.6508,42.4386
dev13,282,85.4758,5.0848,27.9525,4.1185,37.1558,48.32
dev13,283,79.5878,5.6404,28.0037,3.4006,37.0447,42.5431
dev13,284,77.5069,5.827,28.0164,3.7531,37.5965,39.9104
dev13,285,76.8797,4.7962,27.9985,3.2806,36.0753,40.8044
dev13,286,85.9296,4.8581,27.9883,5.4882,38.3346,47.595
dev13,287,77.9107,5.6865,28.3331,4.9861,39.0057,38.905
dev13,288,73.9806,4.8802,28.1276,3.3825,36.3903,37.5903
dev13,289,69.0688,4.23,27.9753,3.0157,35.221,33.8478
dev13,290,69.1146,4.282,27.9526,4.64,36.8746,32.24
dev13,291,78.3906,4.3411,27.9833,3.4717,35.7961,42.5945
dev13,292,81.6928,4.6009,28.1392,3.3758,36.1159,45.5769
dev13,293,82.3503,4.5976,28.1014,3.435,36.134,46.2163
dev13,294,84.1268,5.4517,28.124,4.2105,37.7862,46.3406
dev13,295,83.1967,5.0498,28.0658,3.5804,36.696,46.5007
dev13,296,83.2855,5.1135,28.1169,4.3912,37.6216,45.6639
dev13,297,76.2169,4.8334,28.0322,3.8981,36.7637,39.4532
dev13,298,83.4615,4.8037,27.9915,3.1526,35.9478,47.5137
dev13,299,76.0049,5.5936,27.9673,3.8123,37.3732,38.6317
dev13,300,85.6615,4.9095,28.021,3.4318,36.3623,49.2992
dev13,301,76.6354,4.9988,28.0433,4.1597,37.2018,39.4336
dev13,302,84.779,7.1046,28.16,5.2365,40.5011,44.2779
dev13,303,74.1551,4.0037,27.9675,5.3675,37.3387,36.8164
dev13,304,72.569,3.8284,28.043,4.1248,35.9962,36.5728
dev13,305,85.5621,3.8548,27.976,3.6999,35.5307,50.0314
dev13,306,68.3019,4.1704,27.9595,4.8149,36.9448,31.3571
dev13,307,71.1729,3.8044,28.0195,3.7586,35.5825,35.5904
dev13,308,72.4246,3.9599,27.9685,3.2979,35.2263,37.1983
dev13,309,75.3079,4.2623,27.9835,3.3618,35.6076,39.7003
dev13,310,80.602,4.5062,27.9887,3.3567,35.8516,44.7504
dev13,311,76.9705,5.8542,28.0285,3.7419,37.6246,39.3459
dev13,312,75.4705,4.2725,27.9896,3.128,35.3901,40.0804
dev13,313,87.5002,3.967,27.9752,5.1424,37.0846,50.4156
dev13,314,89.5271,5.325,28.1141,3.5862,37.0253,52.5018
dev13,315,87.1043,4.6521,28.1028,3.1409,35.8958,51.2085
dev13,316,82.6834,5.2427,28.0491,3.6522,36.944,45.7394
dev13,317,86.043,5.2768,28.0411,3.1518,36.4697,49.5733
dev13,318,78.0955,5.1213,28.0039,2.9896,36.1148,41.9807
dev13,319,82.4117,4.7962,27.9389,3.4895,36.2246,46.1871
dev13,320,84.8534,4.3455,28.2062,3.9269,36.4786,48.3748
dev13,321,82.2058,4.6307,27.9431,4.4382,37.012,45.1938
dev13,322,86.6983,4.8518,27.9693,3.9027,36.7238,49.9745
dev13,323,89.4811,5.6079,27.9613,3.7661,37.3353,52.1458
dev13,324,83.5142,4.8609,27.9766,5.1723,38.0098,45.5044
dev13,325,87.9339,4.642,28.0117,5.6688,38.3225,49.6114
dev13,326,92.2415,5.3902,27.9954,4.9251,38.3107,53.9308
dev13,327,97.8114,4.8201,28.0203,3.5137,36.3541,61.4573
dev13,328,74.2643,4.9805,28.0787,3.5385,36.5977,37.6666
dev13,329,80.502,4.7542,27.9669,4.5895,37.3106,43.1914
dev13,330,88.8701,4.7572,29.2933,3.6368,37.6873,51.1828
dev13,331,84.8783,4.7244,29.2988,3.7974,37.8206,47.0577
dev13,332,80.3196,6.6854,29.5805,3.2759,39.5418,40.7778
dev13,333,84.3047,4.5182,29.6192,4.1023,38.2397,46.065
dev13,334,92.4524,5.2718,29.8982,3.8653,39.0353,53.4171
dev13,335,87.3751,6.7001,29.9817,4.227,40.9088,46.4663
dev13,336,77.0846,5.6609,29.9874,3.2769,38.9252,38.1594
dev13,337,89.2762,3.8666,29.9459,10.4764,44.2889,44.9873
dev13,338,76.6924,4.103,29.9844,3.1288,37.2162,39.4762
dev13,339,83.8289,3.8604,29.8811,2.6617,36.4032,47.4257
dev13,340,74.4578,3.9215,29.8625,3.1752,36.9592,37.4986
dev13,341,76.517,4.3293,29.8877,3.2558,37.4728,39.0442
dev13,342,75.7917,4.4768,29.8749,3.0629,37.4146,38.3771
dev13,343,74.823,4.4328,29.8896,2.8784,37.2008,37.6222
dev13,344,73.5789,4.1341,27.9705,3.1397,35.2443,38.3346
dev13,345,71.4035,4.232,28.058,4.1308,36.4208,34.9827
dev13,346,72.5817,4.4127,27.9868,4.0116,36.4111,36.1706
dev13,347,72.5245,3.9585,27.9668,3.4041,35.3294,37.1951
dev13,348,76.439,3.9421,27.9567,4.2361,36.1349,40.3041
dev13,349,73.9154,4.4054,28.0303,3.6678,36.1035,37.8119
dev13,350,72.445,3.7839,28.0065,3.682,35.4724,36.9726
dev13,351,72.4392,3.9031,28.0359,4.4336,36.3726,36.0666
dev13,352,72.6566,4.2152,27.9587,4.473,36.6469,36.0097
dev13,353,73.2881,4.2892,28.127,4.1273,36.5435,36.7446
dev13,354,73.3275,4.1065,27.9371,3.4606,35.5042,37.8233
dev13,355,75.0455,3.9293,27.9711,4.581,36.4814,38.5641
dev13,356,74.7429,3.8837,27.9623,3.1959,35.0419,39.701
dev13,357,71.5867,4.0345,27.9795,4.3029,36.3169,35.2698
dev13,358,73.1156,4.971,27.9631,4.4932,37.4273,35.6883
dev13,359,72.496,3.8568,28.006,2.9732,34.836,37.66
dev13,360,75.5288,3.9816,27.9653,3.5881,35.535,39.9938
dev13,361,87.3654,3.8849,27.9575,3.6385,35.4809,51.8845
dev13,362,81.2579,4.369,27.9395,4.3467,36.6552,44.6027
dev13,363,71.6274,3.7842,28.0104,3.7997,35.5943,36.0331
dev13,364,73.4689,3.7813,27.9446,3.3928,35.1187,38.3502
dev13,365,80.5151,3.7868,28.0128,4.5142,36.3138,44.2013
dev13,366,75.0384,3.9711,28.0428,4.8043,36.8182,38.2202
dev13,367,73.6606,4.2016,27.944,4.5444,36.69,36.9706
dev13,368,72.7716,4.3683,27.954,3.7867,36.109,36.6626
dev13,369,75.7549,4.3497,27.9758,5.3427,37.6682,38.0867
dev13,370,71.6055,4.3249,27.9364,3.4726,35.7339,35.8716
dev13,371,72.5174,4.6305,27.9767,4.2982,36.9054,35.612
dev13,372,73.8679,4.2818,28.1319,3.0505,35.4642,38.4037
dev13,373,75.114,4.5866,28.0052,4.3967,36.9885,38.1255
dev13,374,83.902,4.4103,27.9424,3.9981,36.3508,47.5512
dev13,375,76.2927,4.374,27.9766,3.3203,35.6709,40.6218
dev13,376,73.9995,4.6776,28.0114,3.7045,36.3935,37.606
dev13,377,74.1273,4.5711,27.9404,4.1608,36.6723,37.455
dev13,378,73.7593,4.7406,27.9375,3.1839,35.862,37.8973
dev13,379,72.9416,4.609,27.9454,4.6861,37.2405,35.7011
dev13,380,71.3128,4.6062,27.9345,3.1581,35.6988,35.614
dev13,381,70.9311,4.7345,28.0158,3.9878,36.7381,34.193
dev13,382,71.0466,4.6195,28.0488,3.0757,35.744,35.3026
dev13,383,69.829,4.3111,28.0651,4.2617,36.6379,33.1911
dev13,384,68.3343,4.3728,27.9292,3.1034,35.4054,32.9289
dev13,385,70.6251,4.185,27.9795,3.4646,35.6291,34.996
dev13,386,72.9535,4.9711,27.919,5.0202,37.9103,35.0432
dev13,387,70.6735,4.792,28.0242,3.1011,35.9173,34.7562
dev13,388,71.9744,4.4962,27.9999,3.3216,35.8177,36.1567
dev13,389,74.3044,4.7544,27.9881,4.4492,37.1917,37.1127
dev13,390,74.439,4.6592,28.0307,3.4898,36.1797,38.2593
dev13,391,73.9266,4.6711,27.9804,4.0169,36.6684,37.2582
dev13,392,73.1323,4.9748,28.0625,4.733,37.7703,35.362
dev13,393,74.8619,4.5982,28.0081,3.4204,36.0267,38.8352
dev13,394,74.4875,4.4564,27.9252,2.9877,35.3693,39.1182
dev13,395,94.7868,4.7308,28.0037,4.2065,36.941,57.8458
dev13,396,79.7412,5.2464,27.9866,4.0259,37.2589,42.4823
dev13,397,70.3679,5.0446,28.0135,4.6353,37.6934,32.6745
dev13,398,73.7029,5.2808,27.9588,4.3905,37.6301,36.0728
dev13,399,69.5772,4.5742,28.1917,3.0208,35.7867,33.7905
dev13,400,69.2577,4.5379,28.0515,3.1533,35.7427,33.515
dev13,401,72.6792,4.3385,27.9563,3.275,35.5698,37.1094
dev13,402,77.4258,4.4223,27.9355,3.182,35.5398,41.886
dev13,403,72.8521,4.8934,27.9784,2.9777,35.8495,37.0026
dev13,404,71.4957,4.7972,27.9445,3.0379,35.7796,35.7161
dev13,405,74.1194,4.3273,27.9072,4.0876,36.3221,37.7973
dev13,406,70.3814,4.3342,27.9724,3.0374,35.344,35.0374
dev13,407,70.4023,4.195,27.9649,2.704,34.8639,35.5384
dev13,408,82.0826,4.7728,27.9561,3.8632,36.5921,45.4905
dev13,409,75.3808,4.1616,28.0445,2.5722,34.7783,40.6025
dev13,410,71.5288,4.4598,27.9547,2.665,35.0795,36.4493
dev13,411,68.6836,3.7889,27.9405,3.8478,35.5772,33.1064
dev13,412,67.3375,4.185,27.9854,3.0812,35.2516,32.0859
dev13,413,68.4754,3.9162,27.9784,4.0377,35.9323,32.5431
dev13,414,70.8131,4.1558,27.9336,3.4243,35.5137,35.2994
dev13,415,67.4979,4.487,27.9672,2.679,35.1332,32.3647
dev13,416,68.3722,4.1751,27.9679,2.8434,34.9864,33.3858
dev13,417,65.8193,3.8789,27.9465,2.7238,34.5492,31.2701
dev13,418,67.295,3.9471,27.9668,4.1036,36.0175,31.2775
dev13,419,68.7216,3.9334,27.9616,2.822,34.717,34.0046
dev13,420,68.4723,4.1076,27.9723,3.0803,35.1602,33.3121
dev13,421,66.1824,4.425,27.9279,2.3856,34.7385,31.4439
dev13,422,68.5914,4.0303,27.995,3.6166,35.6419,32.9495
dev13,423,70.704,4.244,27.9223,4.1825,36.3488,34.3552
dev13,424,66.072,4.1331,28.0627,3.2339,35.4297,30.6423
dev13,425,65.1642,3.7823,27.921,2.9625,34.6658,30.4984
dev13,426,66.9722,3.7347,28.0017,3.2339,34.9703,32.0019
dev13,427,64.8072,3.861,28.0486,2.9764,34.886,29.9212
dev13,428,75.17,4.6791,28.0161,4.3978,37.093,38.077
dev13,429,68.7675,5.8929,28.0209,4.2922,38.206,30.5615
dev13,430,80.5012,3.7427,27.9764,2.8162,34.5353,45.9659
dev13,431,91.5483,5.0198,28.0564,2.8255,35.9017,55.6466
dev13,432,66.1151,3.806,27.9329,2.9107,34.6496,31.4655
dev13,433,69.07,3.946,27.9995,4.0759,36.0214,33.0486
dev13,434,67.4916,4.0363,27.9341,2.8984,34.8688,32.6228
dev13,435,67.5537,4.0482,27.925,4.0072,35.9804,31.5733
dev13,436,67.3022,4.0455,27.9751,4.1928,36.2134,31.0888
dev13,437,67.6906,4.817,27.9591,3.9211,36.6972,30.9934
dev13,438,66.4701,3.9955,27.9572,4.2482,36.2009,30.2692
dev13,439,68.0557,3.974,28.0059,4.0549,36.0348,32.0209
dev13,440,69.2012,4.2139,28.0371,4.2197,36.4707,32.7305
dev13,441,70.6602,4.1286,27.9813,2.5504,34.6603,35.9999
dev13,442,65.0416,3.7525,28.0179,3.9289,35.6993,29.3423
dev13,443,72.525,4.2547,27.9168,2.5062,34.6777,37.8473
dev13,444,63.6249,4.0071,27.973,3.9511,35.9312,27.6937
dev13,445,66.247,3.9796,27.9619,2.5839,34.5254,31.7216
dev13,446,67.8866,4.0817,27.9812,3.1816,35.2445,32.6421
dev13,447,65.8226,4.1309,27.9767,3.7457,35.8533,29.9693
dev13,448,65.4266,4.2183,27.9698,2.8208,35.0089,30.4177
dev13,449,69.7476,4.1998,27.9438,3.1475,35.2911,34.4565
dev13,450,66.6637,4.3239,27.9954,3.4406,35.7599,30.9038
dev13,451,67.9202,4.0745,27.9664,3.7011,35.742,32.1782
dev13,452,67.471,3.9745,28.0039,3.8224,35.8008,31.6702
dev13,453,66.4353,4.1062,27.9902,4.1138,36.2102,30.2251
dev13,454,67.3165,4.0903,28.0678,4.0836,36.2417,31.0748
dev13,455,67.3866,3.9431,27.9355,3.0028,34.8814,32.5052
dev13,456,68.5293,3.8538,28.0027,4.0339,35.8904,32.6389
dev13,457,67.2779,3.8683,28.0553,2.9481,34.8717,32.4062
dev13,458,66.5734,4.1693,28.0097,3.7937,35.9727,30.6007
dev13,459,66.2746,3.9707,28.3572,2.4106,34.7385,31.5361
dev13,460,70.0297,4.386,27.9527,3.0356,35.3743,34.6554
dev13,461,72.3426,4.3978,28.0318,3.7883,36.2179,36.1247
dev13,462,69.483,4.0644,27.9558,3.7718,35.792,33.691
dev13,463,68.816,3.8767,28.0555,4.2652,36.1974,32.6186
dev13,464,67.9129,3.8057,27.9096,2.7469,34.4622,33.4507
dev13,465,80.8549,3.8919,27.9384,3.5015,35.3318,45.5231
dev13,466,102.2557,7.4118,28.1705,6.8951,42.4774,59.7783
dev13,467,70.1386,4.3877,27.9678,3.1356,35.4911,34.6475
dev13,468,70.5701,3.8969,28.041,3.3867,35.3246,35.2455
dev13,469,70.6939,4.2486,28.0154,2.8528,35.1168,35.5771
dev13,470,68.8114,3.9136,27.9378,3.4244,35.2758,33.5356
dev13,471,69.5777,3.9964,27.9287,4.0706,35.9957,33.582
dev13,472,70.0678,3.9894,27.9516,3.9729,35.9139,34.1539
dev13,473,71.2662,3.8684,27.9296,4.5203,36.3183,34.9479
dev13,474,69.3492,3.905,27.9642,3.2213,35.0905,34.2587
dev13,475,69.1252,3.7833,27.9734,3.1846,34.9413,34.1839
dev13,476,71.8601,3.8911,27.9333,3.5242,35.3486,36.5115
dev13,477,69.1423,4.1998,27.9421,3.9569,36.0988,33.0435
dev13,478,79.7084,3.8607,27.9549,3.2885,35.1041,44.6043
dev13,479,68.0615,4.1244,27.9914,3.1763,35.2921,32.7694
dev13,480,69.5849,4.2408,28.0657,3.7933,36.0998,33.4851
dev13,481,66.4276,3.8137,27.9319,3.6858,35.4314,30.9962
dev13,482,66.7867,3.9593,28.0411,3.5803,35.5807,31.206
dev13,483,67.1061,4.1074,27.9421,3.0225,35.072,32.0341
dev13,484,65.559,3.7954,27.9933,3.4225,35.2112,30.3478
dev13,485,64.5581,3.9822,27.9459,3.8523,35.7804,28.7777
dev13,486,64.9809,4.2794,27.9848,3.1037,35.3679,29.613
dev13,487,65.5126,4.0945,28.0072,3.4586,35.5603,29.9523
dev13,488,64.8223,4.1979,27.9663,3.0763,35.2405,29.5818
dev13,489,65.3211,3.8228,27.9795,4.5762,36.3785,28.9426
dev13,490,63.4473,3.5675,27.9472,3.4909,35.0056,28.4417
dev13,491,63.9805,3.7943,27.9219,2.9705,34.6867,29.2938
dev13,492,64.4486,3.8219,27.9426,2.8958,34.6603,29.7883
dev13,493,65.9343,4.5129,27.9869,2.8265,35.3263,30.608
dev13,494,68.6743,4.0002,28.0565,3.2791,35.3358,33.3385
dev13,495,66.2559,4.306,27.9504,2.9456,35.202,31.0539
dev13,496,65.3681,3.8425,28.0202,3.1149,34.9776,30.3905
dev13,497,66.1007,3.686,27.9463,3.2862,34.9185,31.1822
dev13,498,68.9406,3.7161,27.9487,3.4795,35.1443,33.7963
dev13,499,72.1697,3.7976,27.9263,4.1619,35.8858,36.2839
dev13,500,72.0844,4.0943,28.0189,2.6293,34.7425,37.3419
dev13,501,71.8672,3.7549,27.9934,3.7686,35.5169,36.3503
dev13,502,68.5921,3.9352,27.9551,3.0214,34.9117,33.6804
dev13,503,68.4781,4.1418,27.9738,3.4184,35.534,32.9441
dev13,504,70.5337,4.0043,27.9237,3.1843,35.1123,35.4214
dev13,505,70.6781,4.2968,27.9868,3.0679,35.3515,35.3266
dev13,506,70.5334,4.2879,27.9268,4.4285,36.6432,33.8902
dev13,507,67.0762,3.8601,27.9441,4.1031,35.9073,31.1689
dev13,508,67.089,3.8665,27.9891,3.3803,35.2359,31.8531
dev13,509,65.5123,3.9115,27.9591,2.9617,34.8323,30.68
dev13,510,67.154,4.3177,27.9454,2.8209,35.084,32.07
dev13,511,68.6174,3.6542,28.0055,3.3495,35.0092,33.6082
dev13,512,69.9542,4.3231,27.9072,2.8501,35.0804,34.8738
dev13,513,77.6042,3.8668,27.9677,3.4413,35.2758,42.3284
dev13,514,72.1256,3.8577,27.9277,4.3157,36.1011,36.0245
dev13,515,67.1939,3.9846,27.9218,2.7585,34.6649,32.529
dev13,516,66.4174,3.7718,27.9553,3.5356,35.2627,31.1547
dev13,517,66.4779,3.8186,27.9934,3.4524,35.2644,31.2135
dev13,518,65.9299,4.1287,28.0109,2.8565,34.9961,30.9338
dev13,519,64.6482,3.77,27.9737,3.569,35.3127,29.3355
dev13,520,86.9425,4.8504,28.3785,5.489,38.7179,48.2246
dev13,521,71.3704,4.3385,28.111,4.1002,36.5497,34.8207
dev13,522,74.5312,5.3147,28.0683,4.0178,37.4008,37.1304
dev13,523,69.1742,3.9958,27.9946,3.8205,35.8109,33.3633
dev13,524,68.2814,4.5681,27.9414,3.3297,35.8392,32.4422
dev13,525,65.9119,4.5645,28.0446,3.4383,36.0474,29.8645
dev13,526,64.7984,3.7824,27.9337,3.0915,34.8076,29.9908
dev13,527,64.5566,3.7794,27.9877,2.972,34.7391,29.8175
dev13,528,64.2203,3.8711,28.063,3.2115,35.1456,29.0747
dev13,529,64.1484,3.8242,27.9034,2.888,34.6156,29.5328
dev13,530,64.5384,4.3621,28.085,2.8608,35.3079,29.2305
dev13,531,65.4983,3.7788,27.9414,4.0705,35.7907,29.7076
dev13,532,63.3133,3.7348,27.9323,2.9001,34.5672,28.7461
dev13,533,64.4244,3.9378,28.0307,3.9841,35.9526,28.4718
dev13,534,69.086,3.7503,27.9484,2.9502,34.6489,34.4371
dev13,535,80.4378,3.9296,27.913,3.0696,34.9122,45.5256
dev13,536,65.8134,4.1251,27.9885,2.8361,34.9497,30.8637
dev13,537,66.6556,3.9478,27.9307,2.594,34.4725,32.1831
dev13,538,66.3873,3.6322,27.9403,2.8383,34.4108,31.9765
dev13,539,68.1798,3.7708,27.935,3.6375,35.3433,32.8365
dev13,540,68.5602,3.8306,27.9378,4.3061,36.0745,32.4857
dev13,541,64.2931,4.4142,27.9538,2.9419,35.3099,28.9832
dev13,542,68.3905,3.7587,27.9275,2.4527,34.1389,34.2516
dev13,543,66.0133,3.9814,27.9129,2.7562,34.6505,31.3628
dev13,544,64.4453,3.7698,27.9067,2.6461,34.3226,30.1227
dev13,545,64.2833,3.7427,27.9767,2.7813,34.5007,29.7826
dev13,546,63.9677,3.7547,28.037,2.7667,34.5584,29.4093
dev13,547,66.4429,3.9904,27.9695,2.6589,34.6188,31.8241
dev13,548,66.3698,4.3444,28.0691,3.143,35.5565,30.8133
dev13,549,66.079,3.8403,27.9072,2.9393,34.6868,31.3922
dev13,550,68.3477,3.7655,27.9806,3.0898,34.8359,33.5118
dev13,551,67.9317,3.8117,27.9679,4.5019,36.2815,31.6502
dev13,552,68.1247,3.849,27.9459,3.6644,35.4593,32.6654
dev13,553,67.6459,3.9262,27.9618,3.1664,35.0544,32.5915
dev13,554,69.5209,3.8066,27.9442,2.8775,34.6283,34.8926
dev13,555,68.1242,4.1938,27.9476,3.9934,36.1348,31.9894
dev13,556,83.4453,3.7514,27.9389,4.1317,35.822,47.6233
dev13,557,69.06,3.891,27.994,3.48,35.365,33.695
dev13,558,71.1478,4.1591,27.9942,3.014,35.1673,35.9805
dev13,559,69.3051,4.235,28.0461,3.0346,35.3157,33.9894
dev13,560,70.5051,4.073,27.9667,3.6615,35.7012,34.8039
dev13,561,70.6896,4.2175,28.0218,3.1191,35.3584,35.3312
dev13,562,68.7682,3.9574,28.017,2.9489,34.9233,33.8449
dev13,563,68.863,3.912,27.9586,3.1483,35.0189,33.8441
dev13,564,68.2195,3.8111,27.9249,2.9422,34.6782,33.5413
dev13,565,68.3028,3.8463,28.0048,3.0011,34.8522,33.4506
dev13,566,69.6149,4.4716,27.932,3.8241,36.2277,33.3872
dev13,567,68.5252,3.7532,27.9801,3.032,34.7653,33.7599
dev13,568,73.3477,3.9695,28.0039,4.9579,36.9313,36.4164
dev13,569,76.6891,3.7817,27.9897,3.2236,34.995,41.6941
dev14,0,85.7397,3.8331,27.9661,4.3426,36.1418,49.5979
dev14,1,68.3644,4.3476,27.9386,3.2362,35.5224,32.842
dev14,2,71.3332,3.9111,27.9242,2.7084,34.5437,36.7895
dev14,3,68.5732,4.1027,27.9228,3.0345,35.06,33.5132
dev14,4,68.6011,4.1661,27.9115,2.9006,34.9782,33.6229
dev14,5,70.3376,4.2611,27.9124,3.2763,35.4498,34.8878
dev14,6,72.737,3.8648,27.9979,4.5304,36.3931,36.3439
dev14,7,70.893,3.993,27.9712,3.8733,35.8375,35.0555
dev14,8,69.8326,3.8085,27.998,4.0464,35.8529,33.9797
dev14,9,75.9954,3.8042,27.9379,4.3493,36.0914,39.904
dev14,10,70.927,4.8931,27.991,3.4797,36.3638,34.5632
dev14,11,70.022,4.3635,28.0834,3.4345,35.8814,34.1406
dev14,12,73.6748,3.662,28.0005,3.07,34.7325,38.9423
dev14,13,73.406,5.2366,27.9494,3.0781,36.2641,37.1419
dev14,14,73.9256,4.9304,27.9273,3.2936,36.1513,37.7743
dev14,15,76.2531,5.0025,28.0082,3.3061,36.3168,39.9363
dev14,16,73.9792,6.1691,28.0592,3.0621,37.2904,36.6888
dev14,17,76.6897,4.8049,28.0232,4.1325,36.9606,39.7291
dev14,18,80.1533,4.8493,28.0428,3.5771,36.4692,43.6841
dev14,19,73.1468,5.0743,27.9399,2.9811,35.9953,37.1515
dev14,20,70.2688,5.4687,28.0368,2.9955,36.501,33.7678
dev14,21,70.8748,4.0319,27.9455,4.0543,36.0317,34.8431
dev14,22,69.6946,4.0379,28.1142,3.1414,35.2935,34.4011
dev14,23,76.1165,3.9738,27.9935,4.4028,36.3701,39.7464
dev14,24,69.3809,3.9221,27.9611,3.0402,34.9234,34.4575
dev14,25,74.5595,4.0866,28.0925,4.4959,36.675,37.8845
dev14,26,69.8801,3.9075,27.943,2.8558,34.7063,35.1738
dev14,27,68.3819,3.8006,27.9563,2.8205,34.5774,33.8045
dev14,28,70.4991,3.9369,27.9198,4.102,35.9587,34.5404
dev14,29,69.3848,3.9721,27.9012,2.9796,34.8529,34.5319
dev14,30,70.5393,3.8963,28.0236,4.2917,36.2116,34.3277
dev14,31,69.901,3.7791,27.9901,3.1877,34.9569,34.9441
dev14,32,72.5641,3.9833,28.0155,4.731,36.7298,35.8343
dev14,33,71.0477,4.4266,27.9836,2.8692,35.2794,35.7683
dev14,34,82.8723,4.2544,27.9591,3.3742,35.5877,47.2846
dev14,35,71.0375,4.2503,27.9803,2.8783,35.1089,35.9286
dev14,36,70.8409,4.2043,27.95,3.0816,35.2359,35.605
dev14,37,71.8819,4.5545,28.064,4.5078,37.1263,34.7556
dev14,38,69.9049,3.8452,27.9534,3.1196,34.9182,34.9867
dev14,39,67.895,3.6589,27.9801,3.0843,34.7233,33.1717
dev14,40,72.3386,4.0787,27.9552,4.3298,36.3637,35.9749
dev14,41,69.5402,4.0877,27.9522,3.2897,35.3296,34.2106
dev14,42,69.0139,3.676,27.9844,3.218,34.8784,34.1355
dev14,43,67.4063,3.8459,27.9039,3.0091,34.7589,32.6474
dev14,44,68.8745,4.2762,27.916,2.7635,34.9557,33.9188
dev14,45,69.1266,3.7747,27.9321,3.5798,35.2866,33.84
dev14,46,68.9686,4.0797,27.975,2.8396,34.8943,34.0743
dev14,47,69.3386,4.0427,27.9456,4.5153,36.5036,32.835
dev14,48,70.3013,3.9492,27.9151,2.8287,34.693,35.6083
dev14,49,69.1503,3.8197,27.9221,4.0391,35.7809,33.3694
dev14,50,69.9651,4.0389,27.9968,2.7852,34.8209,35.1442
dev14,51,75.0568,3.6873,27.9388,7.6355,39.2616,35.7952
dev14,52,69.8747,4.3107,27.9742,2.8988,35.1837,34.691
dev14,53,72.3853,3.8066,28.0343,2.9264,34.7673,37.618
dev14,54,69.0036,4.0557,27.9471,2.8151,34.8179,34.1857
dev14,55,69.3136,3.9777,28.0152,3.039,35.0319,34.2817
dev14,56,68.2543,3.8729,27.9602,2.8158,34.6489,33.6054
dev14,57,68.0919,3.6951,27.9272,2.8894,34.5117,33.5802
dev14,58,68.3479,3.6965,27.9285,2.8828,34.5078,33.8401
dev14,59,68.4423,3.7018,28.0099,3.6611,35.3728,33.0695
dev14,60,68.1653,3.7363,27.9772,2.918,34.6315,33.5338
dev14,61,68.2721,3.9447,28.2208,2.7692,34.9347,33.3374
dev14,62,68.7648,3.8267,27.959,2.8495,34.6352,34.1296
dev14,63,72.7732,3.6831,27.9912,3.4222,35.0965,37.6767
dev14,64,69.5796,3.8868,27.9599,3.4915,35.3382,34.2414
dev14,65,71.1815,3.8874,27.9602,3.1324,34.98,36.2015
dev14,66,68.3068,3.785,27.9286,3.7661,35.4797,32.8271
dev14,67,66.1859,3.6705,27.9345,2.8454,34.4504,31.7355
dev14,68,70.0783,3.8956,28.05,2.8988,34.8444,35.2339
dev14,69,69.2953,3.7022,27.9297,3.3807,35.0126,34.2827
dev14,70,66.7169,3.6139,27.9036,3.042,34.5595,32.1574
dev14,71,66.8277,3.8927,27.9307,2.5981,34.4215,32.4062
dev14,72,67.5714,3.6445,27.9722,2.8544,34.4711,33.1003
dev14,73,66.9962,3.5896,27.9238,3.1633,34.6767,32.3195
dev14,74,66.6608,3.554,27.9359,2.6503,34.1402,32.5206
dev14,75,68.2916,4.2604,27.921,2.6301,34.8115,33.4801
dev14,76,69.03,3.988,27.9583,2.71,34.6563,34.3737
dev14,77,68.9581,4.3126,27.893,2.6253,34.8309,34.1272
dev14,78,67.0112,3.9858,27.9379,2.6769,34.6006,32.4106
dev14,79,68.2087,3.7054,27.9252,2.8951,34.5257,33.683
dev14,80,69.8248,3.6475,27.9675,2.6957,34.3107,35.5141
dev14,81,67.8745,3.8106,27.9156,3.1344,34.8606,33.0139
dev14,82,67.7486,3.6172,28.0134,3.1843,34.8149,32.9337
dev14,83,70.8927,3.9528,27.9537,2.7586,34.6651,36.2276
dev14,84,68.5602,3.9998,27.9516,3.6753,35.6267,32.9335
dev14,85,68.4034,3.9041,27.9053,3.0912,34.9006,33.5028
dev14,86,69.4928,3.8153,27.99,4.2305,36.0358,33.457
dev14,87,69.0013,3.7944,27.9582,3.5615,35.3141,33.6872
dev14,88,67.8803,3.7971,27.9713,2.4534,34.2218,33.6585
dev14,89,68.4206,3.6571,27.9244,2.8099,34.3914,34.0292
dev14,90,71.6259,4.5777,27.9354,3.8854,36.3985,35.2274
dev14,91,67.5088,3.7058,27.9376,2.8535,34.4969,33.0119
dev14,92,68.2085,3.6663,27.9446,3.805,35.4159,32.7926
dev14,93,68.1549,4.0333,27.978,3.3079,35.3192,32.8357
dev14,94,67.5205,3.6335,27.9469,3.4975,35.0779,32.4426
dev14,95,65.8219,3.6044,27.9031,2.4852,33.9927,31.8292
dev14,96,69.2887,3.8588,27.9066,2.9019,34.6673,34.6214
dev14,97,70.3821,3.6817,28.054,2.6439,34.3796,36.0025
dev14,98,67.6949,3.6342,27.9727,3.5692,35.1761,32.5188
dev14,99,68.1072,4.2427,27.948,3.6857,35.8764,32.2308
dev14,100,67.4594,3.7585,27.9508,3.0593,34.7686,32.6908
dev14,101,66.2098,3.624,27.8958,2.2043,33.7241,32.4857
dev14,102,66.5003,3.7299,27.9779,2.785,34.4928,32.0075
dev14,103,68.6976,4.0664,27.9465,2.6538,34.6667,34.0309
dev14,104,69.9631,3.8574,27.9177,3.3034,35.0785,34.8846
dev14,105,73.1499,3.8168,27.9758,3.8796,35.6722,37.4777
dev14,106,70.3819,3.9935,28.0812,4.5111,36.5858,33.7961
dev14,107,67.8574,3.6581,27.9315,2.5582,34.1478,33.7096
dev14,108,67.5188,3.6503,27.9803,2.7167,34.3473,33.1715
dev14,109,67.9458,3.9837,27.9874,2.6077,34.5788,33.367
dev14,110,69.0414,3.5861,27.9992,3.7639,35.3492,33.6922
dev14,111,70.2478,4.4222,28.0142,3.0387,35.4751,34.7727
dev14,112,69.8443,3.9339,27.9109,4.0248,35.8696,33.9747
dev14,113,68.2097,4.0459,27.964,2.5215,34.5314,33.6783
dev14,114,67.5982,3.8111,27.97,2.6964,34.4775,33.1207
dev14,115,66.8666,3.8984,27.9767,2.5969,34.472,32.3946
dev14,116,67.3523,3.702,27.9259,2.4782,34.1061,33.2462
dev14,117,67.9718,3.698,27.9741,3.3829,35.055,32.9168
dev14,118,68.6433,3.6338,27.9314,3.8219,35.3871,33.2562
dev14,119,66.5766,3.6974,27.9264,2.6467,34.2705,32.3061
dev14,120,71.3285,3.666,27.9326,2.9359,34.5345,36.794
dev14,121,68.3768,4.1661,27.9386,2.449,34.5537,33.8231
dev14,122,66.7894,3.7258,28.0247,2.3788,34.1293,32.6601
dev14,123,68.2791,4.0302,27.932,3.2743,35.2365,33.0426
dev14,124,68.6382,3.6234,27.9709,2.4962,34.0905,34.5477
dev14,125,68.6198,3.7571,27.9826,3.993,35.7327,32.8871
dev14,126,67.3138,4.0571,27.9529,2.9307,34.9407,32.3731
dev14,127,68.8849,3.894,28.078,2.973,34.945,33.9399
dev14,128,69.8504,4.5016,28.0059,2.8203,35.3278,34.5226
dev14,129,68.1223,3.9261,27.9623,2.7299,34.6183,33.504
dev14,130,70.2912,4.732,27.9477,2.5667,35.2464,35.0448
dev14,131,69.5376,3.6752,27.8917,2.9145,34.4814,35.0562
dev14,132,70.6655,3.8497,27.9876,3.6673,35.5046,35.1609
dev14,133,68.6928,4.1141,27.9932,2.8931,35.0004,33.6924
dev14,134,70.1605,3.7733,27.9411,3.9709,35.6853,34.4752
dev14,135,70.6174,3.775,28.0138,4.142,35.9308,34.6866
dev14,136,68.0991,3.6061,27.9217,2.9388,34.4666,33.6325
dev14,137,67.6017,3.7479,27.9918,2.672,34.4117,33.19
dev14,138,68.5423,3.5984,27.8995,3.1109,34.6088,33.9335
dev14,139,69.0202,3.9411,27.9986,3.0187,34.9584,34.0618
dev14,140,69.9529,3.8227,28.1103,4.1574,36.0904,33.8625
dev14,141,69.1881,3.7854,27.9331,3.521,35.2395,33.9486
dev14,142,68.7375,3.6888,27.8931,2.8146,34.3965,34.341
dev14,143,69.2283,3.6968,27.9733,3.7046,35.3747,33.8536
dev14,144,70.2936,3.9212,28.0221,4.0936,36.0369,34.2567
dev14,145,70.1143,4.1111,27.9336,2.8165,34.8612,35.2531
dev14,146,68.9601,3.9063,27.9288,2.7996,34.6347,34.3254
dev14,147,69.3404,4.1235,27.9728,3.3107,35.407,33.9334
dev14,148,69.0803,4.0951,27.929,2.7729,34.797,34.2833
dev14,149,72.2369,3.8205,27.9633,3.9139,35.6977,36.5392
dev14,150,71.4511,3.8325,27.9551,4.1988,35.9864,35.4647
dev14,151,71.1775,3.9567,27.9699,3.7686,35.6952,35.4823
dev14,152,71.3765,3.9167,27.9847,4.159,36.0604,35.3161
dev14,153,69.9474,3.7495,27.9025,3.7382,35.3902,34.5572
dev14,154,68.5052,3.8075,27.9281,2.9956,34.7312,33.774
dev14,155,68.2842,3.9142,27.9314,3.0891,34.9347,33.3495
dev14,156,70.0682,3.7928,28.027,3.9358,35.7556,34.3126
dev14,157,69.3066,3.7848,27.978,2.9252,34.688,34.6186
dev14,158,70.5105,3.8632,27.9706,4.0621,35.8959,34.6146
dev14,159,67.656,3.8608,27.8935,3.0604,34.8147,32.8413
dev14,160,69.6699,4.1612,27.9341,3.0668,35.1621,34.5078
dev14,161,68.6788,3.9433,27.9307,3.2495,35.1235,33.5553
dev14,162,70.6888,4.0872,27.9576,3.0067,35.0515,35.6373
dev14,163,69.9124,3.9111,27.9581,3.4093,35.2785,34.6339
dev14,164,69.132,3.7016,28.0159,3.8411,35.5586,33.5734
dev14,165,70.4462,3.8558,27.9578,3.1186,34.9322,35.514
dev14,166,68.0614,3.7231,27.9825,3.3451,35.0507,33.0107
dev14,167,70.3778,3.707,28.0364,2.931,34.6744,35.7034
dev14,168,67.6952,3.7117,28.0363,2.8486,34.5966,33.0986
dev14,169,69.5149,4.1008,27.9643,4.2003,36.2654,33.2495
dev14,170,67.6291,3.6465,27.9648,2.6369,34.2482,33.3809
dev14,171,69.1557,4.0735,28.0088,2.9305,35.0128,34.1429
dev14,172,70.8499,3.8665,27.9667,4.1578,35.991,34.8589
dev14,173,69.514,3.8605,27.9588,3.2529,35.0722,34.4418
dev14,174,68.1445,3.7086,27.9412,2.6735,34.3233,33.8212
dev14,175,69.026,3.6583,27.9891,3.42,35.0674,33.9586
dev14,176,69.5874,4.1293,27.9531,3.1061,35.1885,34.3989
dev14,177,69.6945,3.773,27.9783,2.9547,34.706,34.9885
dev14,178,70.6377,3.9383,27.9461,3.413,35.2974,35.3403
dev14,179,71.5812,3.8863,27.9285,3.5065,35.3213,36.2599
dev14,180,71.5492,4.1807,27.9621,2.487,34.6298,36.9194
dev14,181,69.1982,4.2984,28.0033,3.3418,35.6435,33.5547
dev14,182,68.3172,3.6909,27.9877,2.5093,34.1879,34.1293
dev14,183,70.5119,4.0208,28.0049,2.4688,34.4945,36.0174
dev14,184,71.0711,4.9519,27.9755,3.5984,36.5258,34.5453
dev14,185,68.9903,3.9668,28.0916,2.6938,34.7522,34.2381
dev14,186,70.2327,3.7649,27.983,3.5187,35.2666,34.9661
dev14,187,71.2599,3.7697,27.9557,3.5246,35.25,36.0099
dev14,188,67.9173,3.8285,27.984,2.3165,34.129,33.7883
dev14,189,71.4302,3.897,27.9629,3.1762,35.0361,36.3941
dev14,190,71.0724,4.1768,27.9409,2.7688,34.8865,36.1859
dev14,191,68.2996,3.8775,27.9827,2.8851,34.7453,33.5543
dev14,192,69.5236,3.9446,27.9749,3.4464,35.3659,34.1577
dev14,193,68.5165,3.8743,27.9494,2.6635,34.4872,34.0293
dev14,194,71.8074,3.7368,27.9996,2.8784,34.6148,37.1926
dev14,195,69.1826,4.5851,27.9621,2.5738,35.121,34.0616
dev14,196,69.925,3.8701,27.9697,2.7234,34.5632,35.3618
dev14,197,69.2319,3.8091,27.9508,2.7298,34.4897,34.7422
dev14,198,68.5031,3.8481,27.9449,3.2815,35.0745,33.4286
dev14,199,69.0894,3.8589,27.9674,2.7576,34.5839,34.5055
dev14,200,69.3687,3.8849,28.0217,2.7974,34.704,34.6647
dev14,201,69.3028,4.3017,27.9502,2.7458,34.9977,34.3051
dev14,202,71.0222,3.8009,27.8929,3.9082,35.602,35.4202
dev14,203,67.7742,3.7579,28.0721,2.6307,34.4607,33.3135
dev14,204,69.1433,4.0316,27.9723,2.9501,34.954,34.1893
dev14,205,68.4959,3.7611,27.938,3.3636,35.0627,33.4332
dev14,206,70.8327,4.129,28.0047,2.6535,34.7872,36.0455
dev14,207,68.8735,3.8395,28.0071,2.6119,34.4585,34.415
dev14,208,67.6191,4.1639,27.9356,2.6167,34.7162,32.9029
dev14,209,71.489,4.1412,28.0191,3.1122,35.2725,36.2165
dev14,210,70.2138,3.6403,27.9133,3.6113,35.1649,35.0489
dev14,211,69.0756,3.9012,27.9151,2.7451,34.5614,34.5142
dev14,212,69.4388,3.7656,28.0318,3.0232,34.8206,34.6182
dev14,213,70.397,3.8593,27.9357,2.9296,34.7246,35.6724
dev14,214,70.0696,5.7163,28.0419,2.8955,36.6537,33.4159
dev14,215,69.9513,4.0137,27.9422,2.7208,34.6767,35.2746
dev14,216,70.1507,3.8614,27.9721,2.6874,34.5209,35.6298
dev14,217,69.4325,3.8687,27.9678,2.9522,34.7887,34.6438
dev14,218,69.5841,3.7184,27.9488,3.1674,34.8346,34.7495
dev14,219,70.3068,3.9576,27.9694,3.181,35.108,35.1988
dev14,220,73.9725,4.0698,27.8993,3.0323,35.0014,38.9711
dev14,221,70.2391,4.0527,27.9687,2.8836,34.905,35.3341
dev14,222,70.3521,4.0157,27.9465,2.9895,34.9517,35.4004
dev14,223,71.8273,4.2487,27.9985,3.0737,35.3209,36.5064
dev14,224,69.4131,3.9255,27.957,2.8881,34.7706,34.6425
dev14,225,69.2235,3.8495,27.937,2.8394,34.6259,34.5976
dev14,226,70.6257,3.8551,27.9587,2.9814,34.7952,35.8305
dev14,227,69.8625,4.0428,27.8969,3.0162,34.9559,34.9066
dev14,228,71.114,4.0782,27.9504,4.1728,36.2014,34.9126
dev14,229,68.3706,3.7684,27.9442,3.2974,35.01,33.3606
dev14,230,70.4404,3.9241,27.9119,3.7724,35.6084,34.832
dev14,231,71.3388,3.8151,27.9748,4.2741,36.064,35.2748
dev14,232,68.6203,3.8009,27.899,3.4366,35.1365,33.4838
dev14,233,69.3114,3.898,27.8956,3.2184,35.012,34.2994
dev14,234,70.5808,3.7613,27.9551,3.4336,35.15,35.4308
dev14,235,71.0552,3.8027,28.0153,3.1617,34.9797,36.0755
dev14,236,68.614,4.1499,27.9885,2.6513,34.7897,33.8243
dev14,237,69.1661,3.7775,27.9662,4.2944,36.0381,33.128
dev14,238,69.591,3.8673,27.9198,3.1129,34.9,34.691
dev14,239,68.772,3.8838,27.9292,2.8517,34.6647,34.1073
dev14,240,68.609,3.7327,27.9268,3.1388,34.7983,33.8107
dev14,241,69.2776,3.506,27.9473,4.0066,35.4599,33.8177
dev14,242,67.9435,3.9248,27.9136,2.6834,34.5218,33.4217
dev14,243,68.7566,4.035,27.9405,2.7789,34.7544,34.0022
dev14,244,70.1918,3.6983,28.0782,3.6997,35.4762,34.7156
dev14,245,69.2373,3.6031,27.9152,2.7373,34.2556,34.9817
dev14,246,69.2643,3.9204,27.9412,4.3538,36.2154,33.0489
dev14,247,70.9272,3.9847,27.9437,3.2857,35.2141,35.7131
dev14,248,69.5639,4.1035,27.947,2.9952,35.0457,34.5182
dev14,249,70.0453,3.8578,27.9304,2.9595,34.7477,35.2976
dev14,250,69.7347,4.2665,27.9324,2.932,35.1309,34.6038
dev14,251,68.4171,4.0926,27.9614,3.1064,35.1604,33.2567
dev14,252,69.3994,3.5887,27.9585,3.1938,34.741,34.6584
dev14,253,68.9544,3.9062,27.9501,2.8571,34.7134,34.241
dev14,254,69.1312,3.9901,28.0739,2.7302,34.7942,34.337
dev14,255,70.4439,3.6361,28.0026,4.2225,35.8612,34.5827
dev14,256,69.67,3.8989,27.9009,3.2098,35.0096,34.6604
dev14,257,69.5864,3.9472,27.9563,3.2089,35.1124,34.474
dev14,258,70.2863,4.0178,27.9264,4.2659,36.2101,34.0762
dev14,259,70.6768,3.9638,28.0013,3.238,35.2031,35.4737
dev14,260,68.1986,3.7375,27.9288,2.994,34.6603,33.5383
dev14,261,69.7734,3.9048,27.9717,2.9187,34.7952,34.9782
dev14,262,69.0249,3.9688,27.9886,3.0816,35.039,33.9859
dev14,263,70.9747,3.808,28.0085,4.4493,36.2658,34.7089
dev14,264,69.221,3.7582,27.9319,2.8893,34.5794,34.6416
dev14,265,69.02,3.8067,27.9736,2.9653,34.7456,34.2744
dev14,266,68.8884,3.9536,27.9407,2.664,34.5583,34.3301
dev14,267,69.3664,4.1406,27.9619,3.0322,35.1347,34.2317
dev14,268,70.1433,3.9812,27.9843,4.3504,36.3159,33.8274
dev14,269,68.3974,4.1165,27.9831,2.9807,35.0803,33.3171
dev14,270,70.2291,3.8547,27.9539,2.8641,34.6727,35.5564
dev14,271,76.0169,3.9381,27.9889,3.4859,35.4129,40.604
dev14,272,72.0194,4.5892,27.9561,2.7555,35.3008,36.7186
dev14,273,69.4081,3.8969,28.0015,4.0917,35.9901,33.418
dev14,274,70.3763,3.8959,27.9559,4.2168,36.0686,34.3077
dev14,275,68.3049,4.0245,28.0585,2.9122,34.9952,33.3097
dev14,276,68.6083,3.7196,28.0057,2.7873,34.5126,34.0957
dev14,277,70.0015,3.9226,28.0272,2.931,34.8808,35.1207
dev14,278,67.4144,3.8064,27.965,2.9054,34.6768,32.7376
dev14,279,69.2028,3.7645,28.0218,2.6724,34.4587,34.7441
dev14,280,70.1151,3.8935,27.9589,3.0649,34.9173,35.1978
dev14,281,72.021,4.0395,27.9622,3.8729,35.8746,36.1464
dev14,282,71.1566,3.984,27.9685,3.0746,35.0271,36.1295
dev14,283,72.8286,4.1772,27.9394,3.0663,35.1829,37.6457
dev14,284,70.8979,4.2874,27.9935,3.0864,35.3673,35.5306
dev14,285,70.8184,3.9333,28.0475,3.1117,35.0925,35.7259
dev14,286,71.5957,4.2878,28.0386,3.056,35.3824,36.2133
dev14,287,70.3765,4.0118,28.0281,3.3713,35.4112,34.9653
dev14,288,70.1295,4.1584,27.9884,3.053,35.1998,34.9297
dev14,289,70.8245,4.7048,27.904,4.4124,37.0212,33.8033
dev14,290,72.2981,3.8019,27.9615,4.4226,36.186,36.1121
dev14,291,70.4024,3.9415,28.1513,3.4162,35.509,34.8934
dev14,292,70.8386,4.0076,27.9379,4.2596,36.2051,34.6335
dev14,293,70.5478,3.9338,27.9447,4.0232,35.9017,34.6461
dev14,294,68.6404,3.8449,28.0133,2.8593,34.7175,33.9229
dev14,295,70.837,4.0,28.0882,4.0838,36.172,34.665
dev14,296,69.3952,3.6922,27.9294,2.757,34.3786,35.0166
dev14,297,70.3073,3.8602,27.9454,3.6038,35.4094,34.8979
dev14,298,70.6525,4.1744,27.9688,2.9327,35.0759,35.5766
dev14,299,71.2726,3.7475,27.9752,2.8356,34.5583,36.7143
dev14,300,70.9239,3.9654,27.9438,2.6924,34.6016,36.3223
dev14,301,70.1373,3.9205,27.9715,4.1156,36.0076,34.1297
dev14,302,70.427,4.1465,27.9245,3.5617,35.6327,34.7943
dev14,303,69.3691,3.7154,27.94,3.4635,35.1189,34.2502
dev14,304,70.8587,3.8418,27.9936,3.7356,35.571,35.2877
dev14,305,70.4051,4.1477,27.9785,4.3012,36.4274,33.9777
dev14,306,70.4117,3.8684,28.028,4.4635,36.3599,34.0518
dev14,307,68.1518,3.6847,27.9602,2.8551,34.5,33.6518
dev14,308,69.475,3.8927,27.9572,3.5628,35.4127,34.0623
dev14,309,70.1789,3.8194,27.9806,4.2352,36.0352,34.1437
dev14,310,71.2688,3.9153,27.9893,3.3454,35.25,36.0188
dev14,311,70.7718,3.8149,28.0383,4.3879,36.2411,34.5307
dev14,312,69.9012,3.7914,28.0017,4.3762,36.1693,33.7319
dev14,313,73.1078,3.9714,27.9929,4.6055,36.5698,36.538
dev14,314,71.0042,4.0658,28.0297,3.2469,35.3424,35.6618
dev14,315,69.0422,3.9128,27.9409,2.9753,34.829,34.2132
dev14,316,70.1058,3.9278,28.0481,3.8648,35.8407,34.2651
dev14,317,70.1456,3.7527,27.9643,4.3522,36.0692,34.0764
dev14,318,69.3417,3.9687,27.9466,3.1728,35.0881,34.2536
dev14,319,69.1985,4.2298,27.9283,2.8236,34.9817,34.2168
dev14,320,68.3146,3.8321,27.99,3.4413,35.2634,33.0512
dev14,321,70.0192,3.9153,27.9525,3.6859,35.5537,34.4655
dev14,322,69.2547,3.8625,27.9517,3.6628,35.477,33.7777
dev14,323,70.3355,3.93,27.9379,4.1429,36.0108,34.3247
dev14,324,71.1238,3.8542,28.0061,4.0866,35.9469,35.1769
dev14,325,70.3782,4.0035,27.9685,4.4856,36.4576,33.9206
dev14,326,71.4951,4.0453,27.9597,4.5271,36.5321,34.963
dev14,327,73.7056,3.8732,27.994,4.4888,36.356,37.3496
dev14,328,72.7915,4.874,28.001,4.5194,37.3944,35.3971
dev14,329,73.3866,4.101,27.9916,3.624,35.7166,37.67
dev14,330,69.9243,4.1227,27.9532,3.4879,35.5638,34.3605
dev14,331,72.279,5.4507,28.0196,4.7322,38.2025,34.0765
dev14,332,69.3189,3.813,27.9799,3.3313,35.1242,34.1947
dev14,333,73.4517,4.0001,27.9638,5.5358,37.4997,35.952
dev14,334,69.9236,4.1373,27.9795,4.217,36.3338,33.5898
dev14,335,73.2846,3.9247,28.0848,4.9384,36.9479,36.3367
dev14,336,70.6003,3.9729,28.0266,4.7208,36.7203,33.88
dev14,337,68.8743,3.8242,27.9878,3.4447,35.2567,33.6176
dev14,338,70.1686,4.4656,27.9474,3.3889,35.8019,34.3667
dev14,339,70.9225,4.0749,28.0049,3.5992,35.679,35.2435
dev14,340,68.4422,3.915,28.0127,2.9999,34.9276,33.5146
dev14,341,70.8867,4.326,27.9624,4.4916,36.78,34.1067
dev14,342,70.0059,3.8421,27.9497,4.334,36.1258,33.8801
dev14,343,70.1774,4.2523,27.9381,2.9635,35.1539,35.0235
dev14,344,68.8457,3.8526,28.2143,3.0864,35.1533,33.6924
dev14,345,69.9844,3.7987,27.9474,3.9306,35.6767,34.3077
dev14,346,69.6175,4.0615,27.9961,3.0624,35.12,34.4975
dev14,347,69.529,3.8572,27.9607,3.4118,35.2297,34.2993
dev14,348,73.8067,3.7038,27.9893,4.6016,36.2947,37.512
dev14,349,70.9448,3.9667,27.9753,3.2883,35.2303,35.7145
dev14,350,70.8886,4.1375,27.9958,4.3384,36.4717,34.4169
dev14,351,71.9782,3.9733,27.9937,2.9662,34.9332,37.045
dev14,352,71.059,4.0663,27.9575,4.354,36.3778,34.6812
dev14,353,68.7874,3.9381,27.9711,3.1843,35.0935,33.6939
dev14,354,70.1031,3.899,27.909,3.5036,35.3116,34.7915
dev14,355,70.9033,4.0804,27.9319,4.5778,36.5901,34.3132
dev14,356,70.2863,3.9752,28.0518,4.6066,36.6336,33.6527
dev14,357,68.7244,3.7463,27.99,3.7069,35.4432,33.2812
dev14,358,70.0391,4.2234,27.984,4.3029,36.5103,33.5288
dev14,359,72.7918,3.8501,28.0025,3.3012,35.1538,37.638
dev14,360,70.91,4.036,28.0108,4.5752,36.622,34.288
dev14,361,68.7942,3.9888,27.9355,2.8935,34.8178,33.9764
dev14,362,69.9359,3.9671,27.9478,2.9862,34.9011,35.0348
dev14,363,70.725,3.8378,28.1032,4.242,36.183,34.542
dev14,364,69.6676,4.0616,28.0394,3.8482,35.9492,33.7184
dev14,365,71.3814,3.7153,27.9408,4.7739,36.43,34.9514
dev14,366,68.6884,3.9241,27.9934,3.0458,34.9633,33.7251
dev14,367,69.5076,3.9367,27.9351,3.3754,35.2472,34.2604
dev14,368,72.152,5.2804,28.2245,3.5393,37.0442,35.1078
dev14,369,70.6115,3.7198,28.0385,3.1394,34.8977,35.7138
dev14,370,73.0763,4.7395,27.982,4.0926,36.8141,36.2622
dev14,371,70.7993,4.4085,28.0237,4.4645,36.8967,33.9026
dev14,372,71.5059,3.6759,27.9936,4.262,35.9315,35.5744
dev14,373,69.8879,3.839,27.9657,2.9005,34.7052,35.1827
dev14,374,72.2459,4.0771,27.9439,4.2636,36.2846,35.9613
dev14,375,69.6691,4.2216,27.9974,3.8293,36.0483,33.6208
dev14,376,70.3525,3.8592,27.98,4.3614,36.2006,34.1519
dev14,377,73.5652,3.9555,27.9532,3.3617,35.2704,38.2948
dev14,378,71.551,4.3663,27.9777,4.3214,36.6654,34.8856
dev14,379,71.7915,5.024,28.0173,3.9502,36.9915,34.8
dev14,380,70.1335,4.1553,27.9759,3.9607,36.0919,34.0416
dev14,381,71.4212,4.1206,28.0068,4.4886,36.616,34.8052
dev14,382,70.5018,3.942,27.9679,3.4305,35.3404,35.1614
dev14,383,71.1061,3.9896,28.2392,4.2744,36.5032,34.6029
dev14,384,87.5728,3.8647,27.9805,4.1067,35.9519,51.6209
dev14,385,71.3499,3.9487,27.9619,2.7216,34.6322,36.7177
dev14,386,71.2517,4.6733,27.952,2.8424,35.4677,35.784
dev14,387,69.7446,3.9129,27.9828,4.0197,35.9154,33.8292
dev14,388,68.1311,3.8595,28.0255,3.1105,34.9955,33.1356
dev14,389,70.6303,4.0753,27.9805,4.2894,36.3452,34.2851
dev14,390,72.7252,4.4141,28.0017,4.74,37.1558,35.5694
dev14,391,70.5371,4.0253,28.0307,3.5899,35.6459,34.8912
dev14,392,69.0106,3.9449,27.9638,3.8816,35.7903,33.2203
dev14,393,69.2166,4.0411,27.9835,3.1435,35.1681,34.0485
dev14,394,69.531,4.0298,27.9969,4.3196,36.3463,33.1847
dev14,395,69.2241,4.1886,27.9667,2.7326,34.8879,34.3362
dev14,396,70.9434,3.8246,27.9683,3.3525,35.1454,35.798
dev14,397,69.6392,3.9049,28.0031,3.4034,35.3114,34.3278
dev14,398,70.7186,4.3104,27.9686,2.9847,35.2637,35.4549
dev14,399,68.3267,3.867,27.9598,3.2089,35.0357,33.291
dev14,400,71.3919,4.0254,27.9703,2.9555,34.9512,36.4407
dev14,401,73.8087,3.8948,27.9299,4.277,36.1017,37.707
dev14,402,70.2582,4.259,27.9329,4.0983,36.2902,33.968
dev14,403,68.3464,3.8164,27.9817,2.9269,34.725,33.6214
dev14,404,71.3282,4.1829,27.9933,2.8603,35.0365,36.2917
dev14,405,71.1226,4.0241,27.9914,4.3775,36.393,34.7296
dev14,406,69.886,4.1687,28.0239,4.1672,36.3598,33.5262
dev14,407,87.2913,4.5895,28.1224,9.9835,42.6954,44.5959
dev14,408,71.6168,4.7731,28.0288,2.8536,35.6555,35.9613
dev14,409,74.4566,4.6559,28.0415,4.5814,37.2788,37.1778
dev14,410,74.653,4.7936,28.0491,4.9128,37.7555,36.8975
dev14,411,70.5937,4.2838,28.0354,4.2981,36.6173,33.9764
dev14,412,69.8816,3.7088,28.0242,3.8193,35.5523,34.3293
dev14,413,69.0156,3.9042,28.0195,3.1027,35.0264,33.9892
dev14,414,70.0604,3.7595,28.0761,4.0313,35.8669,34.1935
dev14,415,69.3017,3.7935,27.9814,2.9571,34.732,34.5697
dev14,416,69.399,3.9651,27.9926,4.2258,36.1835,33.2155
dev14,417,68.3283,3.9641,28.023,3.0874,35.0745,33.2538
dev14,418,70.8717,3.9101,27.9335,3.3512,35.1948,35.6769
dev14,419,70.3393,4.0006,27.9673,4.1282,36.0961,34.2432
dev14,420,68.769,4.0999,27.9664,3.185,35.2513,33.5177
dev14,421,69.3285,4.1114,27.9558,3.59,35.6572,33.6713
dev14,422,70.0799,3.7711,28.0038,4.1812,35.9561,34.1238
dev14,423,69.244,4.2637,27.9445,2.9851,35.1933,34.0507
dev14,424,69.5087,4.1627,27.9777,3.7391,35.8795,33.6292
dev14,425,68.3521,4.0222,27.9639,2.9548,34.9409,33.4112
dev14,426,70.2963,4.0356,27.9481,4.1457,36.1294,34.1669
dev14,427,71.3855,4.6734,28.0236,3.7735,36.4705,34.915
dev14,428,70.1896,4.0642,27.9919,3.5542,35.6103,34.5793
dev14,429,71.1859,3.8337,27.9837,3.8196,35.637,35.5489
dev14,430,68.6387,3.8704,27.976,4.1341,35.9805,32.6582
dev14,431,70.4596,3.9869,27.9899,3.477,35.4538,35.0058
dev14,432,68.4041,4.2024,27.9602,3.1519,35.3145,33.0896
dev14,433,70.1363,4.1499,27.9889,4.141,36.2798,33.8565
dev14,434,70.9196,4.0028,28.0844,4.5727,36.6599,34.2597
dev14,435,71.5638,3.8968,28.1574,4.6817,36.7359,34.8279
dev14,436,71.4894,4.0845,28.0154,4.3747,36.4746,35.0148
dev14,437,71.2217,3.9504,27.9754,4.224,36.1498,35.0719
dev14,438,68.9148,3.8339,27.9795,3.4993,35.3127,33.6021
dev14,439,67.8751,3.7543,27.9671,3.076,34.7974,33.0777
dev14,440,68.1205,3.8587,27.9619,2.9566,34.7772,33.3433
dev14,441,76.909,4.3454,27.9722,3.8754,36.193,40.716
dev14,442,85.3369,4.0898,28.2308,3.6445,35.9651,49.3718
dev14,443,75.0051,5.5491,28.0115,4.4711,38.0317,36.9734
dev14,444,72.966,4.6994,28.0094,4.3804,37.0892,35.8768
dev14,445,70.0655,4.6619,28.017,3.4328,36.1117,33.9538
dev14,446,69.4928,3.9994,27.9855,3.1758,35.1607,34.3321
dev14,447,71.1709,4.1521,28.0034,4.3439,36.4994,34.6715
dev14,448,69.2777,4.1467,28.0143,4.0884,36.2494,33.0283
dev14,449,70.2455,4.1567,27.9953,4.2304,36.3824,33.8631
dev14,450,69.7595,4.2232,28.0324,3.3129,35.5685,34.191
dev14,451,71.3334,3.8379,27.9819,3.4161,35.2359,36.0975
dev14,452,68.3769,4.0423,28.0012,2.9708,35.0143,33.3626
dev14,453,68.2059,3.9409,27.9833,3.1244,35.0486,33.1573
dev14,454,67.9719,4.1517,27.9278,2.8548,34.9343,33.0376
dev14,455,68.2936,3.8775,27.9563,3.4361,35.2699,33.0237
dev14,456,68.6458,3.8486,27.9968,3.2448,35.0902,33.5556
dev14,457,67.2952,3.7749,27.9502,2.7431,34.4682,32.827
dev14,458,68.9561,3.8271,27.9692,2.7373,34.5336,34.4225
dev14,459,69.3849,4.1324,28.0058,2.6759,34.8141,34.5708
dev14,460,69.8167,4.0333,27.9602,3.7331,35.7266,34.0901
dev14,461,70.7613,4.1673,27.9598,3.0615,35.1886,35.5727
dev14,462,67.9842,3.9794,27.9816,3.0086,34.9696,33.0146
dev14,463,68.8171,4.3122,28.1149,3.0059,35.433,33.3841
dev14,464,68.2224,4.0003,27.9419,2.7131,34.6553,33.5671
dev14,465,69.8509,3.9804,27.9967,3.15,35.1271,34.7238
dev14,466,69.3888,4.1117,28.0676,3.1426,35.3219,34.0669
dev14,467,69.7206,4.0403,28.006,3.0635,35.1098,34.6108
dev14,468,70.3115,4.0899,27.9827,4.1894,36.262,34.0495
dev14,469,68.8537,4.6274,28.0036,2.5969,35.2279,33.6258
dev14,470,68.8319,4.1154,27.9159,3.4647,35.496,33.3359
dev14,471,68.276,3.9274,27.9495,3.2098,35.0867,33.1893
dev14,472,72.2309,3.9293,28.0034,4.1694,36.1021,36.1288
dev14,473,68.0938,4.0735,27.9274,2.922,34.9229,33.1709
dev14,474,69.2912,4.0427,27.9527,4.5274,36.5228,32.7684
dev14,475,71.3846,4.5223,27.9708,3.7217,36.2148,35.1698
dev14,476,68.0832,4.3962,27.943,3.3486,35.6878,32.3954
dev14,477,72.5682,3.7543,28.0151,3.0573,34.8267,37.7415
dev14,478,71.9075,4.2095,28.0223,3.2544,35.4862,36.4213
dev14,479,68.8213,4.072,27.9662,3.1226,35.1608,33.6605
dev14,480,69.9595,3.944,27.9852,2.7748,34.704,35.2555
dev14,481,69.4377,3.5985,28.0029,3.5433,35.1447,34.293
dev14,482,72.5747,3.9897,28.0352,3.2645,35.2894,37.2853
dev14,483,73.39,5.1874,27.9953,2.8992,36.0819,37.3081
dev14,484,73.4378,4.5907,28.1371,3.3288,36.0566,37.3812
dev14,485,75.136,5.0296,28.0209,3.0654,36.1159,39.0201
dev14,486,72.9531,4.8886,28.1212,2.8685,35.8783,37.0748
dev14,487,71.1063,4.1755,27.9703,2.9994,35.1452,35.9611
dev14,488,70.9821,4.0526,27.9517,2.7533,34.7576,36.2245
dev14,489,71.0924,4.2351,27.95,3.2342,35.4193,35.6731
dev14,490,69.4778,4.0044,27.9617,2.8801,34.8462,34.6316
dev14,491,70.4237,4.0517,27.9271,2.839,34.8178,35.6059
dev14,492,68.4145,3.9705,27.9884,2.6659,34.6248,33.7897
dev14,493,69.8469,4.4847,27.9551,3.1216,35.5614,34.2855
dev14,494,68.0679,3.6437,27.9205,2.7325,34.2967,33.7712
dev14,495,68.9908,3.971,27.9141,2.8241,34.7092,34.2816
dev14,496,69.1247,4.0352,27.9553,3.0852,35.0757,34.049
dev14,497,68.9851,3.9936,27.917,2.7126,34.6232,34.3619
dev14,498,68.196,3.732,27.9496,3.1958,34.8774,33.3186
dev14,499,70.2772,3.7548,27.9739,3.1904,34.9191,35.3581
dev14,500,71.3424,4.5506,28.0153,4.2902,36.8561,34.4863
dev14,501,71.9845,4.2054,27.9482,2.8724,35.026,36.9585
dev14,502,70.5588,4.1526,28.2038,3.2073,35.5637,34.9951
dev14,503,70.2272,4.1923,28.0453,3.611,35.8486,34.3786
dev14,504,71.2743,4.7376,28.011,3.5894,36.338,34.9363
dev14,505,70.3011,3.8886,27.9758,4.2179,36.0823,34.2188
dev14,506,69.7969,4.0617,28.0064,4.1708,36.2389,33.558
dev14,507,70.4296,3.6971,27.9595,4.1971,35.8537,34.5759
dev14,508,69.9736,3.8614,27.956,4.2554,36.0728,33.9008
dev14,509,69.2175,3.9319,27.9488,3.194,35.0747,34.1428
dev14,510,70.0318,4.037,27.9444,3.526,35.5074,34.5244
dev14,511,68.725,3.8007,27.9632,3.349,35.1129,33.6121
dev14,512,69.1648,3.7603,27.9803,3.7147,35.4553,33.7095
dev14,513,69.3115,3.9204,27.9593,3.8665,35.7462,33.5653
dev14,514,70.8951,3.7994,27.9674,3.2849,35.0517,35.8434
dev14,515,67.3469,3.9566,27.9316,2.868,34.7562,32.5907
dev14,516,68.2628,3.9959,27.9619,3.6925,35.6503,32.6125
dev14,517,70.2592,4.1408,28.3376,4.1093,36.5877,33.6715
dev14,518,69.6891,4.2618,28.0304,4.0363,36.3285,33.3606
dev14,519,69.1279,3.7582,27.9545,4.0688,35.7815,33.3464
dev14,520,68.8461,4.1167,27.9881,2.936,35.0408,33.8053
dev14,521,70.9798,3.7871,27.9947,3.8312,35.613,35.3668
dev14,522,69.9078,4.2485,27.9966,4.0089,36.254,33.6538
dev14,523,69.2341,4.0114,27.9808,2.9509,34.9431,34.291
dev14,524,70.5308,3.9307,28.0104,4.0566,35.9977,34.5331
dev14,525,68.4956,3.7815,28.0279,3.1109,34.9203,33.5753
dev14,526,69.2561,4.0713,28.0051,4.1946,36.271,32.9851
dev14,527,69.5237,4.1499,27.9858,4.4059,36.5416,32.9821
dev14,528,70.2535,4.0338,28.049,3.4427,35.5255,34.728
dev14,529,69.3096,3.938,27.9649,3.0683,34.9712,34.3384
dev14,530,72.7027,3.8926,27.9973,3.4196,35.3095,37.3932
dev14,531,71.5891,4.3224,27.9881,3.9799,36.2904,35.2987
dev14,532,68.2641,3.9348,27.9291,3.0698,34.9337,33.3304
dev14,533,69.2651,4.025,27.9667,3.8485,35.8402,33.4249
dev14,534,68.1472,3.743,27.923,2.9075,34.5735,33.5737
dev14,535,69.1652,3.7582,27.9534,4.1166,35.8282,33.337
dev14,536,70.5364,4.3296,27.9835,3.9793,36.2924,34.244
dev14,537,70.1456,3.7216,28.0628,4.2345,36.0189,34.1267
dev14,538,72.6395,4.3305,27.9708,3.9444,36.2457,36.3938
dev14,539,68.9166,4.1547,27.971,3.1374,35.2631,33.6535
dev14,540,70.0788,3.8462,27.9489,3.3303,35.1254,34.9534
dev14,541,68.5873,3.8902,27.9684,3.4343,35.2929,33.2944
dev14,542,69.0016,3.8401,27.9529,2.7696,34.5626,34.439
dev14,543,70.8313,4.0331,27.9618,2.9698,34.9647,35.8666
dev14,544,71.4567,3.9066,27.9443,3.5797,35.4306,36.0261
dev14,545,71.404,3.7807,27.9304,4.1504,35.8615,35.5425
dev14,546,73.1042,3.9537,27.9716,4.3971,36.3224,36.7818
dev14,547,69.9899,3.8975,27.9565,3.6687,35.5227,34.4672
dev14,548,74.3971,4.0651,27.9496,3.4759,35.4906,38.9065
dev14,549,70.343,4.4089,28.045,2.6261,35.08,35.263
dev14,550,69.9237,3.9526,27.9546,2.5582,34.4654,35.4583
dev14,551,69.7268,3.9451,27.9803,2.8537,34.7791,34.9477
dev14,552,75.3435,4.6046,28.1388,3.9655,36.7089,38.6346
dev14,553,70.0868,3.8215,27.9759,4.2509,36.0483,34.0385
dev14,554,69.422,3.8658,27.9267,4.0076,35.8001,33.6219
dev14,555,68.9466,4.2961,28.1072,2.9867,35.39,33.5566
dev14,556,68.6577,3.8549,27.9474,2.9071,34.7094,33.9483
dev14,557,70.534,3.7451,27.9561,4.1802,35.8814,34.6526
dev14,558,69.5605,3.9611,27.9781,3.3565,35.2957,34.2648
dev14,559,71.5511,3.8698,27.9762,4.401,36.247,35.3041
dev14,560,72.482,3.8079,27.9565,4.1313,35.8957,36.5863
dev14,561,69.239,4.3076,28.0342,3.2999,35.6417,33.5973
dev14,562,68.6459,3.8112,28.0161,2.589,34.4163,34.2296
dev14,563,69.9909,3.9188,27.9952,2.9987,34.9127,35.0782
dev14,564,68.9022,3.8704,27.9669,2.8068,34.6441,34.2581
dev14,565,67.9285,4.2431,27.9908,2.6102,34.8441,33.0844
dev14,566,68.9928,3.9434,27.9221,3.3222,35.1877,33.8051
dev14,567,71.8259,3.8235,28.0047,4.0122,35.8404,35.9855
dev14,568,68.4779,4.5703,28.0514,2.8819,35.5036,32.9743
dev14,569,68.2963,3.7331,27.9721,2.8226,34.5278,33.7685
dev15,0,59.9374,3.9928,27.9245,0.7791,32.6964,27.241
dev15,1,49.7445,4.0418,28.014,1.1668,33.2226,16.5219
dev15,2,48.3119,4.1762,27.9669,1.1505,33.2936,15.0183
dev15,3,48.6652,3.9712,27.9712,0.7926,32.735,15.9302
dev15,4,49.9155,4.0874,28.0253,1.217,33.3297,16.5858
dev15,5,49.4356,3.854,27.9641,1.246,33.0641,16.3715
dev15,6,49.6383,3.9393,27.9599,1.137,33.0362,16.6021
dev15,7,50.9313,4.1674,27.9892,2.1628,34.3194,16.6119
dev15,8,49.1814,4.3039,27.995,1.1345,33.4334,15.748
dev15,9,48.4174,3.7595,28.0099,1.0987,32.8681,15.5493
dev15,10,48.8023,4.0187,28.0556,1.2719,33.3462,15.4561
dev15,11,49.2756,3.9402,27.978,1.1937,33.1119,16.1637
dev15,12,49.4106,3.983,28.0135,1.4201,33.4166,15.994
dev15,13,49.1808,3.9465,27.9336,1.2856,33.1657,16.0151
dev15,14,49.2864,4.0839,27.9973,1.2482,33.3294,15.957
dev15,15,48.9605,4.0587,27.9531,1.2535,33.2653,15.6952
dev15,16,52.0708,4.448,27.9977,1.1667,33.6124,18.4584
dev15,17,49.1694,4.0579,27.9255,0.9434,32.9268,16.2426
dev15,18,49.6029,4.0151,27.974,1.2449,33.234,16.3689
dev15,19,48.7372,3.99,27.93,1.1869,33.1069,15.6303
dev15,20,49.1679,4.09,27.9699,1.4007,33.4606,15.7073
dev15,21,48.3736,4.0073,27.9637,1.1566,33.1276,15.246
dev15,22,50.2052,4.1816,28.0053,1.2286,33.4155,16.7897
dev15,23,48.7305,4.323,28.059,0.9531,33.3351,15.3954
dev15,24,49.5606,4.0002,27.9665,1.2677,33.2344,16.3262
dev15,25,49.7547,4.0298,27.9653,1.2266,33.2217,16.533
dev15,26,52.5253,3.9327,27.9341,3.3772,35.244,17.2813
dev15,27,52.9457,3.8221,27.9401,4.0172,35.7794,17.1663
dev15,28,49.6845,4.2424,27.9561,1.2636,33.4621,16.2224
dev15,29,54.2103,4.4324,27.9693,3.98,36.3817,17.8286
dev15,30,48.9022,3.7469,27.9718,1.1333,32.852,16.0502
dev15,31,50.0525,4.1154,27.9465,1.2377,33.2996,16.7529
dev15,32,49.3007,4.2033,27.97,0.7997,32.973,16.3277
dev15,33,51.1023,4.1715,27.9992,1.2312,33.4019,17.7004
dev15,34,50.0048,4.4637,28.1366,1.1461,33.7464,16.2584
dev15,35,50.4429,4.2441,27.9807,1.0345,33.2593,17.1836
dev15,36,50.8473,4.1528,27.9802,1.0974,33.2304,17.6169
dev15,37,51.4615,4.1725,28.0022,1.2446,33.4193,18.0422
dev15,38,52.5197,4.095,28.1142,2.4081,34.6173,17.9024
dev15,39,49.1063,3.7251,27.9723,1.2514,32.9488,16.1575
dev15,40,49.3316,4.0187,28.0151,1.1646,33.1984,16.1332
dev15,41,49.4929,4.1167,27.9287,0.8045,32.8499,16.643
dev15,42,49.9504,3.8567,27.9871,1.1295,32.9733,16.9771
dev15,43,49.6545,4.11,28.0036,1.1806,33.2942,16.3603
dev15,44,49.6255,4.122,28.0704,1.1498,33.3422,16.2833
dev15,45,54.703,4.3559,28.0131,4.1557,36.5247,18.1783
dev15,46,49.6585,4.0259,27.9783,0.8064,32.8106,16.8479
dev15,47,50.0913,4.2062,27.9871,1.1041,33.2974,16.7939
dev15,48,49.9354,4.3389,28.0007,0.9087,33.2483,16.6871
dev15,49,49.4945,4.1438,27.9343,1.2581,33.3362,16.1583
dev15,50,48.5577,3.9668,28.0035,1.0094,32.9797,15.578
dev15,51,49.4781,4.1421,27.9381,1.3088,33.389,16.0891
dev15,52,48.6305,4.4471,27.9479,0.8009,33.1959,15.4346
dev15,53,48.6616,4.0332,27.9853,0.8325,32.851,15.8106
dev15,54,49.5952,4.0475,27.9917,1.1593,33.1985,16.3967
dev15,55,48.9142,3.903,27.9383,1.126,32.9673,15.9469
dev15,56,49.8243,4.069,27.9709,1.3046,33.3445,16.4798
dev15,57,53.6452,3.9291,27.9281,4.2824,36.1396,17.5056
dev15,58,50.0089,4.2383,27.9832,1.1955,33.417,16.5919
dev15,59,50.3771,4.1505,27.9369,1.1617,33.2491,17.128
dev15,60,50.7899,4.3226,27.944,1.2279,33.4945,17.2954
dev15,61,51.9008,4.2216,27.9929,1.1978,33.4123,18.4885
dev15,62,50.0647,4.055,27.9738,0.8709,32.8997,17.165
dev15,63,50.3099,4.3198,27.9589,1.2759,33.5546,16.7553
dev15,64,50.1347,4.1349,27.9867,0.947,33.0686,17.0661
dev15,65,49.6879,4.1012,27.9918,1.2537,33.3467,16.3412
dev15,66,49.6784,4.0031,27.9873,0.9897,32.9801,16.6983
dev15,67,50.0335,4.0074,27.9161,0.8149,32.7384,17.2951
dev15,68,48.804,3.996,27.971,1.144,33.111,15.693
dev15,69,54.2443,4.1453,27.9846,4.2936,36.4235,17.8208
dev15,70,54.486,4.0888,27.9632,3.3765,35.4285,19.0575
dev15,71,49.699,3.9898,27.964,1.2938,33.2476,16.4514
dev15,72,50.8401,3.9741,27.9402,1.3076,33.2219,17.6182
dev15,73,48.4127,4.086,27.9122,0.7603,32.7585,15.6542
dev15,74,50.8778,4.2338,27.9086,0.7663,32.9087,17.9691
dev15,75,50.7011,4.3765,27.9782,0.7185,33.0732,17.6279
dev15,76,48.7961,3.8926,27.9287,0.706,32.5273,16.2688
dev15,77,54.4311,4.3103,28.6484,1.6855,34.6442,19.7869
dev15,78,53.9275,5.6471,28.0243,2.2326,35.904,18.0235
dev15,79,52.3137,3.9801,27.975,2.1005,34.0556,18.2581
dev15,80,48.8204,3.8113,27.9617,1.1863,32.9593,15.8611
dev15,81,53.0733,4.0377,28.0342,3.8942,35.9661,17.1072
dev15,82,52.7607,3.7956,27.9533,3.0743,34.8232,17.9375
dev15,83,54.6542,4.3802,28.0087,4.2405,36.6294,18.0248
dev15,84,51.0633,3.7723,27.9456,2.4124,34.1303,16.933
dev15,85,49.8708,4.0631,27.9712,1.1805,33.2148,16.656
dev15,86,52.3452,4.0268,27.9757,2.453,34.4555,17.8897
dev15,87,52.5659,3.9587,28.0364,2.982,34.9771,17.5888
dev15,88,49.117,3.6954,27.9639,1.3204,32.9797,16.1373
dev15,89,53.8314,3.8226,28.0033,4.0976,35.9235,17.9079
dev15,90,52.9001,3.7035,28.0164,3.0913,34.8112,18.0889
dev15,91,54.3921,4.0086,27.945,3.1272,35.0808,19.3113
dev15,92,53.5176,3.7575,27.9809,3.6981,35.4365,18.0811
dev15,93,53.7702,3.9375,27.9564,4.092,35.9859,17.7843
dev15,94,53.8592,4.1227,27.9353,3.3397,35.3977,18.4615
dev15,95,49.4019,3.8661,27.9481,1.1288,32.943,16.4589
dev15,96,49.9179,3.993,27.9587,1.3998,33.3515,16.5664
dev15,97,58.8021,4.1096,28.8536,1.3495,34.3127,24.4894
dev15,98,52.4466,3.882,27.9695,2.2483,34.0998,18.3468
dev15,99,53.0335,4.0172,27.9467,3.0136,34.9775,18.056
dev15,100,54.4119,3.9955,27.9611,2.7484,34.705,19.7069
dev15,101,55.1955,4.0863,28.0694,4.2746,36.4303,18.7652
dev15,102,54.0459,3.8524,27.9535,3.9873,35.7932,18.2527
dev15,103,54.6949,4.2582,27.9459,3.9635,36.1676,18.5273
dev15,104,53.8183,3.9494,28.0604,2.6429,34.6527,19.1656
dev15,105,53.9533,3.9217,28.0211,4.0264,35.9692,17.9841
dev15,106,53.3425,3.9582,27.9905,2.7175,34.6662,18.6763
dev15,107,51.3602,4.4888,27.9855,1.1792,33.6535,17.7067
dev15,108,49.9403,3.9321,27.9247,0.738,32.5948,17.3455
dev15,109,52.7597,3.9166,27.9614,2.2836,34.1616,18.5981
dev15,110,49.607,3.7047,27.946,1.2336,32.8843,16.7227
dev15,111,54.0128,4.267,27.9394,2.8498,35.0562,18.9566
dev15,112,53.8437,3.921,27.9397,3.6311,35.4918,18.3519
dev15,113,53.1003,4.039,27.9396,2.1913,34.1699,18.9304
dev15,114,54.1384,3.7402,28.1175,3.534,35.3917,18.7467
dev15,115,52.1075,3.8052,27.9214,2.469,34.1956,17.9119
dev15,116,53.2895,3.9207,27.9319,2.546,34.3986,18.8909
dev15,117,54.0904,4.0973,27.9857,3.9406,36.0236,18.0668
dev15,118,53.8979,3.9757,27.9507,3.4523,35.3787,18.5192
dev15,119,55.2601,3.7361,27.9829,4.1519,35.8709,19.3892
dev15,120,50.3666,4.3589,28.035,1.1225,33.5164,16.8502
dev15,121,52.6949,3.9769,27.9643,2.3015,34.2427,18.4522
dev15,122,53.0329,3.8716,27.9878,3.0678,34.9272,18.1057
dev15,123,52.9379,4.5358,27.9556,2.3799,34.8713,18.0666
dev15,124,53.8863,3.947,27.9569,3.4724,35.3763,18.51
dev15,125,52.6773,4.3364,27.9663,2.4118,34.7145,17.9628
dev15,126,53.0161,4.1877,27.978,2.3422,34.5079,18.5082
dev15,127,53.0089,3.7892,27.9805,2.6313,34.401,18.6079
dev15,128,55.1135,4.049,27.9461,3.1248,35.1199,19.9936
dev15,129,54.139,4.1492,28.1765,2.5338,34.8595,19.2795
dev15,130,53.7727,3.8736,28.0276,2.7707,34.6719,19.1008
dev15,131,54.4489,3.9478,27.959,3.0573,34.9641,19.4848
dev15,132,53.6973,4.1271,27.9519,2.5215,34.6005,19.0968
dev15,133,53.8654,4.3891,27.9936,2.5247,34.9074,18.958
dev15,134,56.0695,3.8228,27.9923,2.7235,34.5386,21.5309
dev15,135,54.625,3.9171,27.992,4.1567,36.0658,18.5592
dev15,136,55.4196,4.2884,27.9782,3.3359,35.6025,19.8171
dev15,137,55.8397,4.3452,28.016,4.059,36.4202,19.4195
dev15,138,52.8657,3.8437,27.9512,2.2277,34.0226,18.8431
dev15,139,53.6101,3.7563,28.0018,2.678,34.4361,19.174
dev15,140,54.0643,3.905,27.9996,2.6598,34.5644,19.4999
dev15,141,54.721,4.423,28.0393,2.5023,34.9646,19.7564
dev15,142,53.9566,3.8609,27.9842,2.755,34.6001,19.3565
dev15,143,55.1741,4.1255,27.9892,3.7239,35.8386,19.3355
dev15,144,55.6506,3.8891,27.974,3.3353,35.1984,20.4522
dev15,145,54.7163,3.9969,27.9543,2.7977,34.7489,19.9674
dev15,146,53.7633,4.0036,27.9335,2.5714,34.5085,19.2548
dev15,147,53.7056,3.9996,27.9724,2.481,34.453,19.2526
dev15,148,53.2152,3.85,27.9317,2.4467,34.2284,18.9868
dev15,149,54.5512,3.8133,27.9811,2.4626,34.257,20.2942
dev15,150,54.1097,3.8813,28.0269,2.433,34.3412,19.7685
dev15,151,54.8406,3.8217,28.0186,2.2766,34.1169,20.7237
dev15,152,55.3031,3.9328,27.9778,3.6497,35.5603,19.7428
dev15,153,55.3601,3.7733,28.0191,2.5434,34.3358,21.0243
dev15,154,55.4092,4.0293,27.9867,2.8973,34.9133,20.4959
dev15,155,53.9141,3.9355,27.9377,2.7214,34.5946,19.3195
dev15,156,55.3301,4.1799,27.9667,2.9007,35.0473,20.2828
dev15,157,57.1126,3.9178,28.0102,4.3321,36.2601,20.8525
dev15,158,55.5264,3.9673,27.9659,3.5919,35.5251,20.0013
dev15,159,53.8021,3.8338,28.0055,2.8701,34.7094,19.0927
dev15,160,55.1786,4.3302,28.0304,2.5248,34.8854,20.2932
dev15,161,56.0915,3.8881,27.9141,3.8947,35.6969,20.3946
dev15,162,56.647,4.1081,27.9592,3.5485,35.6158,21.0312
dev15,163,56.1707,4.2494,28.0381,3.4507,35.7382,20.4325
dev15,164,55.0922,4.0859,28.0769,2.5965,34.7593,20.3329
dev15,165,54.4107,3.9663,27.9963,2.8379,34.8005,19.6102
dev15,166,54.8947,3.9937,27.9997,3.8111,35.8045,19.0902
dev15,167,55.0828,4.0197,27.9741,3.0038,34.9976,20.0852
dev15,168,55.6869,4.4468,28.2743,2.7979,35.519,20.1679
dev15,169,54.7006,3.8949,28.0353,3.4905,35.4207,19.2799
dev15,170,54.8798,3.838,27.94,3.8969,35.6749,19.2049
dev15,171,55.0272,4.3005,27.9431,2.3771,34.6207,20.4065
dev15,172,56.4464,4.1059,27.9596,3.9454,36.0109,20.4355
dev15,173,55.5694,4.0939,27.9215,2.5855,34.6009,20.9685
dev15,174,54.8401,4.1858,27.918,2.6513,34.7551,20.085
dev15,175,58.2989,3.8867,28.0798,3.7849,35.7514,22.5475
dev15,176,55.7092,3.9536,27.9889,4.3558,36.2983,19.4109
dev15,177,59.2591,4.4003,28.0937,2.3466,34.8406,24.4185
dev15,178,54.2716,3.749,27.9732,2.2906,34.0128,20.2588
dev15,179,55.5292,3.9872,27.952,3.0628,35.002,20.5272
dev15,180,55.9528,3.9412,27.9562,4.0163,35.9137,20.0391
dev15,181,54.2699,3.8717,27.9753,2.4317,34.2787,19.9912
dev15,182,55.514,4.1743,27.972,3.1567,35.303,20.211
dev15,183,57.0649,3.7982,27.9688,4.2475,36.0145,21.0504
dev15,184,54.6765,4.2185,28.0197,2.3525,34.5907,20.0858
dev15,185,55.1996,4.1907,27.96,2.7062,34.8569,20.3427
dev15,186,55.5193,3.9915,27.9938,2.5408,34.5261,20.9932
dev15,187,54.6436,3.6854,27.9796,2.4923,34.1573,20.4863
dev15,188,56.036,3.7996,28.0642,2.2566,34.1204,21.9156
dev15,189,55.1554,3.8687,27.9377,2.5152,34.3216,20.8338
dev15,190,56.09,3.9313,27.948,2.4745,34.3538,21.7362
dev15,191,54.8857,3.9114,27.9272,2.4166,34.2552,20.6305
dev15,192,55.4532,3.751,27.9977,3.2249,34.9736,20.4796
dev15,193,54.8434,3.7909,27.9553,2.5603,34.3065,20.5369
dev15,194,54.8345,3.808,28.0294,2.3266,34.164,20.6705
dev15,195,55.0094,4.0236,27.9152,2.3627,34.3015,20.7079
dev15,196,54.2932,4.1373,27.9454,2.6347,34.7174,19.5758
dev15,197,54.6562,3.8292,27.9282,2.4782,34.2356,20.4206
dev15,198,54.575,3.9024,27.9144,2.435,34.2518,20.3232
dev15,199,56.2136,4.0007,28.0131,2.7977,34.8115,21.4021
dev15,200,55.5971,3.6445,28.0321,3.2124,34.889,20.7081
dev15,201,55.2592,3.6334,28.0903,2.6604,34.3841,20.8751
dev15,202,55.3797,4.0267,28.0077,2.2816,34.316,21.0637
dev15,203,54.4799,3.7272,27.9244,2.2754,33.927,20.5529
dev15,204,54.5145,3.6346,28.028,2.4635,34.1261,20.3884
dev15,205,54.5222,3.7459,27.9494,2.5015,34.1968,20.3254
dev15,206,59.2318,3.8114,27.9822,3.4891,35.2827,23.9491
dev15,207,56.5626,3.7907,28.0674,3.4735,35.3316,21.231
dev15,208,56.2761,3.8955,27.943,2.6388,34.4773,21.7988
dev15,209,55.3655,3.6995,27.9285,2.4708,34.0988,21.2667
dev15,210,55.4503,3.813,27.9253,2.7719,34.5102,20.9401
dev15,211,55.4269,3.9306,27.9209,2.9665,34.818,20.6089
dev15,212,54.9049,4.0226,27.9307,2.5601,34.5134,20.3915
dev15,213,55.4427,3.8465,27.9387,2.9422,34.7274,20.7153
dev15,214,54.2148,3.6975,27.9331,2.557,34.1876,20.0272
dev15,215,55.4604,3.859,27.966,2.2592,34.0842,21.3762
dev15,216,56.3181,4.1552,27.9264,2.2678,34.3494,21.9687
dev15,217,55.3752,3.6948,27.9265,2.2673,33.8886,21.4866
dev15,218,55.4422,3.7445,27.9505,2.8617,34.5567,20.8855
dev15,219,54.7761,3.7563,27.984,2.372,34.1123,20.6638
dev15,220,54.156,3.705,27.9973,2.3682,34.0705,20.0855
dev15,221,57.476,3.863,27.9675,2.473,34.3035,23.1725
dev15,222,55.1701,4.1411,27.9611,2.6022,34.7044,20.4657
dev15,223,53.9727,3.8267,27.9304,2.4022,34.1593,19.8134
dev15,224,54.3468,4.1239,27.9169,2.2676,34.3084,20.0384
dev15,225,57.0287,3.8799,27.9266,2.8872,34.6937,22.335
dev15,226,55.8783,3.9026,27.9495,2.3547,34.2068,21.6715
dev15,227,54.5236,3.9533,27.9229,2.3461,34.2223,20.3013
dev15,228,53.7494,3.8844,27.9992,2.3653,34.2489,19.5005
dev15,229,53.9255,3.7764,27.9226,2.3867,34.0857,19.8398
dev15,230,54.744,3.9174,27.9814,2.7299,34.6287,20.1153
dev15,231,54.3599,3.7043,28.002,2.3244,34.0307,20.3292
dev15,232,53.9731,3.9247,27.9457,2.4764,34.3468,19.6263
dev15,233,54.1191,3.6811,27.9702,2.5101,34.1614,19.9577
dev15,234,54.1227,3.7275,27.9721,2.5107,34.2103,19.9124
dev15,235,60.6502,4.0562,27.9027,2.4005,34.3594,26.2908
dev15,236,57.1987,5.5625,28.0645,2.5248,36.1518,21.0469
dev15,237,55.7392,4.1798,27.9609,2.29,34.4307,21.3085
dev15,238,54.1941,3.9762,27.9416,2.3858,34.3036,19.8905
dev15,239,55.7637,3.9731,27.9517,2.6663,34.5911,21.1726
dev15,240,54.8613,3.9167,28.0746,3.1155,35.1068,19.7545
dev15,241,54.2999,3.7524,27.9303,2.3972,34.0799,20.22
dev15,242,54.0948,4.1375,27.9269,2.3503,34.4147,19.6801
dev15,243,54.6358,3.9185,27.9444,2.9677,34.8306,19.8052
dev15,244,56.0377,3.7158,28.1879,2.7972,34.7009,21.3368
dev15,245,54.0522,4.0522,27.944,2.3188,34.315,19.7372
dev15,246,53.5214,3.9709,28.0243,2.5935,34.5887,18.9327
dev15,247,50.8597,3.8556,28.0106,0.9495,32.8157,18.044
dev15,248,53.7268,4.0407,28.0025,2.5379,34.5811,19.1457
dev15,249,51.0702,4.091,28.0092,0.9301,33.0303,18.0399
dev15,250,54.2223,3.7855,27.9773,2.1089,33.8717,20.3506
dev15,251,53.6008,3.8323,27.9682,2.2965,34.097,19.5038
dev15,252,54.9102,3.8617,27.919,3.0151,34.7958,20.1144
dev15,253,54.106,3.8257,27.9812,2.9715,34.7784,19.3276
dev15,254,54.0845,3.9085,28.0039,2.4406,34.353,19.7315
dev15,255,54.3265,3.846,27.9428,2.3675,34.1563,20.1702
dev15,256,55.8408,3.9248,28.0081,3.253,35.1859,20.6549
dev15,257,55.6802,4.1302,28.0637,2.6094,34.8033,20.8769
dev15,258,54.3344,4.0101,28.0531,2.2146,34.2778,20.0566
dev15,259,56.0621,4.0514,28.0569,3.371,35.4793,20.5828
dev15,260,53.8525,3.8431,28.0072,2.348,34.1983,19.6542
dev15,261,55.2028,3.8415,28.0054,2.7801,34.627,20.5758
dev15,262,52.9689,3.8321,28.0308,2.4234,34.2863,18.6826
dev15,263,54.3348,3.7288,28.0596,2.5059,34.2943,20.0405
dev15,264,54.2926,3.8331,28.0322,2.4045,34.2698,20.0228
dev15,265,54.0738,3.7606,28.0503,2.3099,34.1208,19.953
dev15,266,54.004,3.9402,28.1031,2.2824,34.3257,19.6783
dev15,267,56.8088,4.2873,28.0844,2.8924,35.2641,21.5447
dev15,268,54.1177,3.7924,28.1036,2.3823,34.2783,19.8394
dev15,269,54.6726,3.9423,28.1175,2.3949,34.4547,20.2179
dev15,270,54.7346,3.8449,28.0312,2.6372,34.5133,20.2213
dev15,271,54.8903,3.7575,28.0423,2.6947,34.4945,20.3958
dev15,272,54.4037,3.8108,28.0018,2.7833,34.5959,19.8078
dev15,273,54.4889,3.8129,28.1067,2.2503,34.1699,20.319
dev15,274,51.4278,3.869,28.0195,0.7788,32.6673,18.7605
dev15,275,54.7835,4.0425,28.0276,2.2661,34.3362,20.4473
dev15,276,53.8581,3.8578,28.0344,2.5789,34.4711,19.387
dev15,277,54.7352,3.5455,28.0334,2.31,33.8889,20.8463
dev15,278,56.7839,5.0895,28.0718,2.5409,35.7022,21.0817
dev15,279,57.3208,4.5655,28.1282,2.5621,35.2558,22.065
dev15,280,53.8946,3.7093,28.0971,2.3491,34.1555,19.7391
dev15,281,56.1723,4.0032,28.0739,2.296,34.3731,21.7992
dev15,282,54.1776,3.841,28.027,2.5086,34.3766,19.801
dev15,283,54.3471,3.793,28.0361,2.3724,34.2015,20.1456
dev15,284,54.7896,3.7496,28.0226,3.1521,34.9243,19.8653
dev15,285,54.134,3.9368,28.0893,2.3399,34.366,19.768
dev15,286,75.2952,3.8508,28.0712,2.669,34.591,40.7042
dev15,287,54.2952,3.9969,28.0738,2.4567,34.5274,19.7678
dev15,288,56.0526,3.7077,28.0805,2.8666,34.6548,21.3978
dev15,289,54.5697,3.8421,27.9963,2.381,34.2194,20.3503
dev15,290,55.8342,3.8863,28.065,2.3641,34.3154,21.5188
dev15,291,55.1294,3.9886,28.0432,2.4666,34.4984,20.631
dev15,292,51.8838,3.7604,28.0889,0.9515,32.8008,19.083
dev15,293,53.5983,3.8767,28.0268,2.3599,34.2634,19.3349
dev15,294,51.634,3.798,28.0276,0.7875,32.6131,19.0209
dev15,295,50.7535,3.8525,28.0,0.8447,32.6972,18.0563
dev15,296,51.5163,3.9174,28.0328,0.7693,32.7195,18.7968
dev15,297,56.6025,3.8483,28.0636,2.9937,34.9056,21.6969
dev15,298,54.9263,5.2938,28.1946,2.6927,36.1811,18.7452
dev15,299,54.0894,3.668,28.0993,0.7728,32.5401,21.5493
dev15,300,52.4836,5.2766,28.1441,1.3103,34.731,17.7526
dev15,301,50.9667,3.8425,28.0649,0.9085,32.8159,18.1508
dev15,302,50.3461,3.8532,28.0696,0.7421,32.6649,17.6812
dev15,303,52.5957,3.8597,28.0703,1.3923,33.3223,19.2734
dev15,304,56.168,3.8362,28.1136,3.3428,35.2926,20.8754
dev15,305,50.8703,4.2359,28.0184,0.8017,33.056,17.8143
dev15,306,53.9042,3.8549,28.081,2.3693,34.3052,19.599
dev15,307,53.847,3.7817,28.0537,2.8671,34.7025,19.1445
dev15,308,54.3316,3.7895,28.0532,2.2925,34.1352,20.1964
dev15,309,54.2766,3.9504,28.0244,2.3696,34.3444,19.9322
dev15,310,54.483,4.2446,28.0771,2.4837,34.8054,19.6776
dev15,311,50.7336,3.7406,28.079,0.8319,32.6515,18.0821
dev15,312,53.8485,3.8372,28.0217,2.6334,34.4923,19.3562
dev15,313,55.515,3.7972,28.0906,2.292,34.1798,21.3352
dev15,314,53.4962,4.0472,28.1044,2.3594,34.511,18.9852
dev15,315,50.3188,3.8329,28.0306,0.7914,32.6549,17.6639
dev15,316,49.7828,3.7987,28.0432,0.9809,32.8228,16.96
dev15,317,51.7675,3.8047,28.0682,0.8224,32.6953,19.0722
dev15,318,53.2852,3.9429,28.0803,2.1506,34.1738,19.1114
dev15,319,53.6054,3.8303,28.0775,2.7479,34.6557,18.9497
dev15,320,50.5604,3.8376,28.0496,0.7945,32.6817,17.8787
dev15,321,54.717,3.8289,28.048,2.3187,34.1956,20.5214
dev15,322,50.8328,4.1045,28.0633,0.7672,32.935,17.8978
dev15,323,52.8259,4.0033,28.0359,0.8038,32.843,19.9829
dev15,324,53.6573,3.9951,28.0503,2.351,34.3964,19.2609
dev15,325,50.1447,3.6756,28.0906,0.9393,32.7055,17.4392
dev15,326,54.1357,4.1679,28.0307,2.4146,34.6132,19.5225
dev15,327,70.5294,3.8518,28.1048,2.4688,34.4254,36.104
dev15,328,54.0685,4.2748,28.1908,2.3072,34.7728,19.2957
dev15,329,53.4311,4.1078,28.0251,2.6594,34.7923,18.6388
dev15,330,51.6006,3.8605,28.1254,0.8608,32.8467,18.7539
dev15,331,50.7285,3.9848,28.0536,0.7491,32.7875,17.941
dev15,332,50.8068,4.0864,28.0219,0.7868,32.8951,17.9117
dev15,333,50.8024,3.8928,28.124,0.7808,32.7976,18.0048
dev15,334,51.7387,4.1396,28.2368,0.9816,33.358,18.3807
dev15,335,50.1455,3.9616,28.0292,0.9861,32.9769,17.1686
dev15,336,54.0329,4.0471,28.1154,2.333,34.4955,19.5374
dev15,337,54.4114,3.9748,28.0549,2.8194,34.8491,19.5623
dev15,338,53.6672,3.7163,28.0899,2.3814,34.1876,19.4796
dev15,339,52.8905,4.1372,28.0788,2.2257,34.4417,18.4488
dev15,340,52.9836,3.7797,28.0615,2.1709,34.0121,18.9715
dev15,341,57.0757,3.7483,28.051,2.9468,34.7461,22.3296
dev15,342,53.7911,4.0772,28.0311,2.319,34.4273,19.3638
dev15,343,55.7228,3.9,28.0117,3.5338,35.4455,20.2773
dev15,344,49.9931,3.7315,28.0025,0.7754,32.5094,17.4837
dev15,345,54.5503,3.8907,28.0183,2.2948,34.2038,20.3465
dev15,346,53.3398,4.0507,28.1527,2.2997,34.5031,18.8367
dev15,347,52.9695,4.0932,28.0986,2.4619,34.6537,18.3158
dev15,348,54.1268,4.0359,28.0558,2.2954,34.3871,19.7397
dev15,349,53.3369,3.704,28.1683,2.5009,34.3732,18.9637
dev15,350,55.0422,3.9271,28.0968,2.4681,34.492,20.5502
dev15,351,51.6015,3.8303,28.0639,0.8014,32.6956,18.9059
dev15,352,50.2657,4.2671,28.0235,0.7419,33.0325,17.2332
dev15,353,54.3996,4.0922,28.0323,2.25,34.3745,20.0251
dev15,354,55.5715,4.0106,27.9976,3.371,35.3792,20.1923
dev15,355,54.1068,3.7895,28.0755,2.6525,34.5175,19.5893
dev15,356,54.5621,3.967,28.0544,2.3154,34.3368,20.2253
dev15,357,55.143,4.0847,28.0821,2.3864,34.5532,20.5898
dev15,358,55.7831,4.0958,28.0326,2.7421,34.8705,20.9126
dev15,359,53.0451,3.7706,28.0356,2.3952,34.2014,18.8437
dev15,360,50.7451,4.1358,28.0534,0.7673,32.9565,17.7886
dev15,361,55.327,3.9742,28.1558,2.5174,34.6474,20.6796
dev15,362,54.1101,3.7672,28.0693,2.8742,34.7107,19.3994
dev15,363,54.2691,3.8687,28.0584,2.381,34.3081,19.961
dev15,364,51.1275,3.934,28.0877,0.8045,32.8262,18.3013
dev15,365,54.3102,3.9461,28.0443,2.3068,34.2972,20.013
dev15,366,53.1695,3.7637,28.0916,2.7691,34.6244,18.5451
dev15,367,53.7744,3.8359,28.049,2.3339,34.2188,19.5556
dev15,368,52.4449,3.6883,28.0855,2.3504,34.1242,18.3207
dev15,369,54.0641,3.8807,28.1244,2.5744,34.5795,19.4846
dev15,370,54.0217,3.9143,28.0706,2.3201,34.305,19.7167
dev15,371,55.1737,3.8756,28.0527,2.5707,34.499,20.6747
dev15,372,52.771,3.9866,28.0506,2.267,34.3042,18.4668
dev15,373,52.5873,3.7101,28.039,2.2297,33.9788,18.6085
dev15,374,53.0714,4.1294,28.0064,2.2077,34.3435,18.7279
dev15,375,54.0433,3.7789,28.046,2.264,34.0889,19.9544
dev15,376,55.3829,3.9992,28.0059,2.366,34.3711,21.0118
dev15,377,53.4465,4.0451,28.098,2.7461,34.8892,18.5573
dev15,378,54.1452,4.0067,28.1651,2.5668,34.7386,19.4066
dev15,379,53.5883,3.9734,28.0248,2.321,34.3192,19.2691
dev15,380,54.014,3.8695,28.0166,2.4392,34.3253,19.6887
dev15,381,53.8926,3.8698,28.0566,2.185,34.1114,19.7812
dev15,382,53.6902,4.0871,28.0402,2.2118,34.3391,19.3511
dev15,383,53.6304,3.7146,28.0414,2.5839,34.3399,19.2905
dev15,384,54.3839,3.9214,28.023,2.2402,34.1846,20.1993
dev15,385,55.1449,3.809,28.0857,2.2557,34.1504,20.9945
dev15,386,55.457,4.6227,28.1596,2.655,35.4373,20.0197
dev15,387,54.5115,4.4501,28.0971,2.6177,35.1649,19.3466
dev15,388,54.0891,4.5369,28.0633,2.278,34.8782,19.2109
dev15,389,53.5803,3.8436,28.0269,2.3462,34.2167,19.3636
dev15,390,54.3254,3.7251,28.0334,2.9826,34.7411,19.5843
dev15,391,53.6786,3.9954,28.0391,2.5567,34.5912,19.0874
dev15,392,54.8903,4.0262,28.0567,2.8165,34.8994,19.9909
dev15,393,53.4933,4.023,28.0945,2.4613,34.5788,18.9145
dev15,394,55.2721,4.3262,28.0565,2.9357,35.3184,19.9537
dev15,395,53.5664,3.7164,28.074,2.5275,34.3179,19.2485
dev15,396,54.5733,3.8768,28.057,2.5146,34.4484,20.1249
dev15,397,54.1412,3.6982,28.0796,2.9672,34.745,19.3962
dev15,398,54.6003,3.9991,28.0938,2.7124,34.8053,19.795
dev15,399,54.0351,3.8638,28.146,2.384,34.3938,19.6413
dev15,400,54.5053,3.8782,28.0208,2.397,34.296,20.2093
dev15,401,53.9906,3.766,28.0597,2.6123,34.438,19.5526
dev15,402,54.6445,3.8754,28.0578,2.6184,34.5516,20.0929
dev15,403,54.9803,3.8938,28.1921,2.519,34.6049,20.3754
dev15,404,55.6377,4.0007,28.049,2.6937,34.7434,20.8943
dev15,405,56.226,3.8316,28.1391,2.9118,34.8825,21.3435
dev15,406,54.7011,3.9365,28.0954,2.6293,34.6612,20.0399
dev15,407,55.4551,3.9771,28.0578,2.9963,35.0312,20.4239
dev15,408,54.8473,4.3863,28.1097,2.3631,34.8591,19.9882
dev15,409,53.0084,3.8859,28.0513,2.6754,34.6126,18.3958
dev15,410,53.5407,3.8205,28.0508,2.3372,34.2085,19.3322
dev15,411,53.5165,3.737,28.0881,2.3242,34.1493,19.3672
dev15,412,53.9798,4.0927,28.0857,2.3777,34.5561,19.4237
dev15,413,57.7151,4.037,28.1387,3.9969,36.1726,21.5425
dev15,414,53.5252,4.0363,28.1234,2.5619,34.7216,18.8036
dev15,415,60.1115,3.6848,29.8767,3.6114,37.1729,22.9386
dev15,416,54.6468,3.6559,28.0263,2.5634,34.2456,20.4012
dev15,417,52.9998,4.0562,28.0514,2.4769,34.5845,18.4153
dev15,418,53.5846,3.8361,28.1107,3.6849,35.6317,17.9529
dev15,419,53.2251,3.9461,28.1418,2.4404,34.5283,18.6968
dev15,420,52.8834,3.8636,28.1215,2.4541,34.4392,18.4442
dev15,421,53.0926,3.8141,28.1129,2.4026,34.3296,18.763
dev15,422,52.4791,3.8455,28.0953,2.4239,34.3647,18.1144
dev15,423,54.0259,3.8038,28.1169,2.3616,34.2823,19.7436
dev15,424,53.5486,3.8208,28.0996,2.2487,34.1691,19.3795
dev15,425,52.6417,3.9019,28.0898,2.2976,34.2893,18.3524
dev15,426,53.9368,4.1198,28.0531,2.6114,34.7843,19.1525
dev15,427,54.1429,3.9571,28.0346,2.4647,34.4564,19.6865
dev15,428,53.3625,4.0989,28.1058,2.4555,34.6602,18.7023
dev15,429,52.4555,3.6076,28.0818,2.2297,33.9191,18.5364
dev15,430,52.3577,3.7452,28.0667,2.455,34.2669,18.0908
dev15,431,52.5961,3.9107,28.1315,2.3851,34.4273,18.1688
dev15,432,55.612,4.1365,28.1189,2.3498,34.6052,21.0068
dev15,433,53.6951,3.9282,28.0975,2.3024,34.3281,19.367
dev15,434,53.1151,3.9877,28.0809,2.4188,34.4874,18.6277
dev15,435,53.9816,3.7912,28.0316,3.2604,35.0832,18.8984
dev15,436,55.1976,4.0697,28.0385,2.552,34.6602,20.5374
dev15,437,53.8253,3.7558,28.1964,2.5139,34.4661,19.3592
dev15,438,53.2992,3.8196,28.0864,2.3698,34.2758,19.0234
dev15,439,53.5491,4.1451,28.0602,2.5386,34.7439,18.8052
dev15,440,52.5045,4.0159,28.0177,2.3364,34.37,18.1345
dev15,441,53.4574,4.0681,28.0569,2.3498,34.4748,18.9826
dev15,442,53.8757,4.101,28.0195,3.4961,35.6166,18.2591
dev15,443,53.987,4.1073,28.0334,2.382,34.5227,19.4643
dev15,444,53.9112,3.8864,28.0498,2.9641,34.9003,19.0109
dev15,445,53.5331,3.7322,28.1261,2.2776,34.1359,19.3972
dev15,446,52.4825,3.7042,28.0345,2.4083,34.147,18.3355
dev15,447,52.776,4.0492,28.0263,2.3378,34.4133,18.3627
dev15,448,53.1819,3.8195,28.1484,2.3922,34.3601,18.8218
dev15,449,52.7408,3.9398,28.0467,2.3453,34.3318,18.409
dev15,450,52.7545,3.7324,28.0757,2.2868,34.0949,18.6596
dev15,451,52.5948,3.8112,28.0939,2.2871,34.1922,18.4026
dev15,452,52.9258,3.6978,28.0655,2.5829,34.3462,18.5796
dev15,453,53.2327,3.7319,28.1153,2.6014,34.4486,18.7841
dev15,454,56.1493,3.9006,28.0887,2.344,34.3333,21.816
dev15,455,55.5855,4.0652,28.0721,2.5664,34.7037,20.8818
dev15,456,53.7944,3.9939,28.18,2.4512,34.6251,19.1693
dev15,457,55.0114,3.7744,28.0916,2.2946,34.1606,20.8508
dev15,458,54.4769,3.9533,28.0508,2.3553,34.3594,20.1175
dev15,459,53.8664,4.1259,28.0997,2.3529,34.5785,19.2879
dev15,460,54.2247,3.9393,28.2064,2.3882,34.5339,19.6908
dev15,461,54.9894,4.0475,28.2067,2.453,34.7072,20.2822
dev15,462,56.3531,3.9951,28.086,2.3676,34.4487,21.9044
dev15,463,56.4346,4.2002,28.1676,2.6881,35.0559,21.3787
dev15,464,55.4787,3.7114,28.1056,2.3866,34.2036,21.2751
dev15,465,55.834,3.976,28.0206,2.2887,34.2853,21.5487
dev15,466,55.4142,4.215,28.0581,2.6298,34.9029,20.5113
dev15,467,56.5013,3.9828,28.0887,2.4305,34.502,21.9993
dev15,468,55.3951,3.9147,28.027,2.3857,34.3274,21.0677
dev15,469,56.4822,3.7348,28.007,2.6769,34.4187,22.0635
dev15,470,75.0911,4.1419,28.0864,2.6033,34.8316,40.2595
dev15,471,62.5268,6.3377,28.2707,3.0429,37.6513,24.8755
dev15,472,60.2476,4.0324,28.1291,3.8267,35.9882,24.2594
dev15,473,57.2415,3.8213,28.0949,2.6074,34.5236,22.7179
dev15,474,55.1209,3.7949,28.043,2.3651,34.203,20.9179
dev15,475,55.9671,3.8899,28.023,2.766,34.6789,21.2882
dev15,476,55.7977,3.9183,28.1478,2.5591,34.6252,21.1725
dev15,477,56.3045,4.2589,28.0524,2.7987,35.11,21.1945
dev15,478,56.6373,4.155,28.0711,2.5745,34.8006,21.8367
dev15,479,58.3226,3.9595,28.1323,2.4292,34.521,23.8016
dev15,480,57.2776,3.6839,28.0333,2.5538,34.271,23.0066
dev15,481,56.4233,4.102,28.0715,2.5088,34.6823,21.741
dev15,482,57.1808,4.3644,28.0619,2.52,34.9463,22.2345
dev15,483,56.6248,4.1517,28.0578,2.4043,34.6138,22.011
dev15,484,55.7614,3.8641,28.0952,2.8264,34.7857,20.9757
dev15,485,55.4578,3.921,28.0474,2.7078,34.6762,20.7816
dev15,486,57.0913,3.8717,28.0565,2.5947,34.5229,22.5684
dev15,487,55.9275,3.971,28.0597,2.9582,34.9889,20.9386
dev15,488,56.5899,4.0673,28.0674,2.6073,34.742,21.8479
dev15,489,54.9461,4.0252,28.0737,2.5772,34.6761,20.27
dev15,490,55.7293,4.1395,28.0572,2.5886,34.7853,20.944
dev15,491,55.9527,3.6318,28.0888,2.8536,34.5742,21.3785
dev15,492,56.1535,3.7933,28.0647,2.661,34.519,21.6345
dev15,493,54.983,3.9439,28.103,2.3518,34.3987,20.5843
dev15,494,55.9286,3.6927,28.104,2.3388,34.1355,21.7931
dev15,495,55.6619,4.036,28.0622,2.5337,34.6319,21.03
dev15,496,55.8756,3.8186,28.132,2.5869,34.5375,21.3381
dev15,497,59.1015,3.8281,28.1117,2.8661,34.8059,24.2956
dev15,498,56.2468,4.2103,28.0314,2.6399,34.8816,21.3652
dev15,499,57.2911,3.7079,28.0823,2.553,34.3432,22.9479
dev15,500,55.7568,3.7939,28.0705,2.5176,34.382,21.3748
dev15,501,55.8379,3.8399,28.0441,2.6345,34.5185,21.3194
dev15,502,55.247,4.0033,28.0662,2.3919,34.4614,20.7856
dev15,503,55.3895,3.7251,28.0544,2.4418,34.2213,21.1682
dev15,504,52.4314,3.9631,28.0264,0.8537,32.8432,19.5882
dev15,505,55.3128,4.3317,28.0885,2.3313,34.7515,20.5613
dev15,506,55.5876,3.8505,28.027,2.5656,34.4431,21.1445
dev15,507,54.2936,3.7236,28.0579,2.3127,34.0942,20.1994
dev15,508,57.003,3.8836,28.0836,2.5454,34.5126,22.4904
dev15,509,54.4893,3.7073,28.0251,2.6927,34.4251,20.0642
dev15,510,55.5005,4.023,28.0235,2.3114,34.3579,21.1426
dev15,511,55.6062,3.6885,28.0462,2.6961,34.4308,21.1754
dev15,512,55.8499,3.7524,28.0357,2.4339,34.222,21.6279
dev15,513,55.176,3.6597,28.1684,2.4909,34.319,20.857
dev15,514,55.7122,4.0021,28.0208,2.4759,34.4988,21.2134
dev15,515,56.0064,3.7087,28.0317,2.3962,34.1366,21.8698
dev15,516,56.1421,3.9198,28.0441,2.0959,34.0598,22.0823
dev15,517,56.2741,3.7301,28.0798,2.828,34.6379,21.6362
dev15,518,56.2213,4.1835,28.0718,2.2859,34.5412,21.6801
dev15,519,56.8259,4.0782,28.1496,2.6856,34.9134,21.9125
dev15,520,56.776,3.9288,28.0427,2.5009,34.4724,22.3036
dev15,521,56.6272,3.9469,28.0813,2.7537,34.7819,21.8453
dev15,522,55.8927,3.7013,28.0425,2.7583,34.5021,21.3906
dev15,523,55.1688,3.7155,28.0543,2.4549,34.2247,20.9441
dev15,524,55.7498,3.6918,28.0815,2.4099,34.1832,21.5666
dev15,525,55.216,3.6979,28.033,2.5845,34.3154,20.9006
dev15,526,56.1768,3.8423,28.0258,2.4708,34.3389,21.8379
dev15,527,57.7053,3.9888,28.1045,2.5731,34.6664,23.0389
dev15,528,56.1238,3.8784,28.0526,2.612,34.543,21.5808
dev15,529,56.9553,4.1456,28.0405,2.7533,34.9394,22.0159
dev15,530,57.1054,4.1685,28.0651,2.4413,34.6749,22.4305
dev15,531,63.3284,3.8006,28.0536,4.0803,35.9345,27.3939
dev15,532,60.4619,5.3989,28.1288,2.6121,36.1398,24.3221
dev15,533,62.4314,4.4851,28.0776,3.2173,35.78,26.6514
dev15,534,60.2473,4.5201,28.0886,2.9363,35.545,24.7023
dev15,535,61.4595,4.8497,28.1367,3.0011,35.9875,25.472
dev15,536,60.2202,4.1043,28.0863,3.3558,35.5464,24.6738
dev15,537,55.3777,3.9206,28.1561,2.3506,34.4273,20.9504
dev15,538,55.5099,3.6928,28.0637,2.3393,34.0958,21.4141
dev15,539,56.1809,3.9995,28.0359,2.5801,34.6155,21.5654
dev15,540,57.4997,4.3601,28.0916,2.8687,35.3204,22.1793
dev15,541,57.9017,4.305,28.1675,2.9454,35.4179,22.4838
dev15,542,58.3132,4.0012,28.0817,3.0215,35.1044,23.2088
dev15,543,57.118,4.3663,28.0369,2.7508,35.154,21.964
dev15,544,57.5237,3.8863,28.084,2.715,34.6853,22.8384
dev15,545,55.5962,3.919,28.128,2.6615,34.7085,20.8877
dev15,546,55.7066,3.7603,28.0836,2.6241,34.468,21.2386
dev15,547,56.6114,3.8437,28.1081,2.4189,34.3707,22.2407
dev15,548,56.0343,4.4174,28.0653,2.5004,34.9831,21.0512
dev15,549,57.196,3.8652,28.1146,2.5911,34.5709,22.6251
dev15,550,56.6349,4.0309,28.0168,2.5283,34.576,22.0589
dev15,551,55.0743,3.8014,28.0391,2.2997,34.1402,20.9341
dev15,552,55.2872,3.7134,28.0826,2.6581,34.4541,20.8331
dev15,553,55.3928,3.7398,28.0128,2.5207,34.2733,21.1195
dev15,554,56.9546,3.9022,28.0236,2.5769,34.5027,22.4519
dev15,555,54.6456,3.7112,28.0336,2.7794,34.5242,20.1214
dev15,556,58.3912,4.1761,28.0411,2.8127,35.0299,23.3613
dev15,557,57.5656,3.9906,28.0802,3.0911,35.1619,22.4037
dev15,558,54.9841,3.65,28.049,2.6864,34.3854,20.5987
dev15,559,65.3254,3.5568,33.4113,5.7294,42.6975,22.6279
dev15,560,55.6106,3.7878,28.0872,2.7375,34.6125,20.9981
dev15,561,57.2718,3.6416,28.0973,2.5154,34.2543,23.0175
dev15,562,54.6196,3.6725,28.0607,2.4845,34.2177,20.4019
dev15,563,59.9844,3.8647,28.0056,2.7402,34.6105,25.3739
dev15,564,70.85,6.1609,36.7014,3.2299,46.0922,24.7578
dev15,565,59.1685,4.2812,28.0985,4.5079,36.8876,22.2809
dev15,566,55.6392,4.0999,28.1122,2.5091,34.7212,20.918
dev15,567,54.8438,3.8673,28.101,2.4708,34.4391,20.4047
dev15,568,57.1947,4.2114,28.1113,4.4386,36.7613,20.4334
dev15,569,55.2442,3.8631,28.0714,2.7769,34.7114,20.5328
